f,sec,fs,t_s,K,A1,M,U,N,A2,T,I,G,tipGain,edgeGlow,bloom,bloomScale,camX,camY,camZoom,sweepX,sweepAlpha,reflect,cue
0,1,0,0.0,0.0,0.0,0.0,0.0,0.0,0.0,0.0,0.0,0.0,0.0,0.0,0.0,0.85,0.125,0.213,1.65,-0.3,0.0,0.0,
1,1,1,0.0042,0.0,0.0,0.0,0.0,0.0,0.0,0.0,0.0,0.0,0.0,0.0,0.0,0.85,0.125,0.213,1.6511,-0.3,0.0,0.0,
2,1,2,0.0083,0.0,0.0,0.0,0.0,0.0,0.0,0.0,0.0,0.0,0.0,0.0,0.0,0.85,0.125,0.213,1.6523,-0.3,0.0,0.0,
3,1,3,0.0125,0.0,0.0,0.0,0.0,0.0,0.0,0.0,0.0,0.0,0.0,0.0,0.0,0.85,0.125,0.213,1.6534,-0.3,0.0,0.0,
4,1,4,0.0167,0.0,0.0,0.0,0.0,0.0,0.0,0.0,0.0,0.0,0.0,0.0,0.0,0.85,0.125,0.213,1.6546,-0.3,0.0,0.0,
5,1,5,0.0208,0.0,0.0,0.0,0.0,0.0,0.0,0.0,0.0,0.0,0.0,0.0,0.0,0.85,0.125,0.213,1.6557,-0.3,0.0,0.0,
6,1,6,0.025,0.0,0.0,0.0,0.0,0.0,0.0,0.0,0.0,0.0,0.0,0.0,0.0,0.85,0.125,0.213,1.6568,-0.3,0.0,0.0,
7,1,7,0.0292,0.0,0.0,0.0,0.0,0.0,0.0,0.0,0.0,0.0,0.0,0.0,0.0,0.85,0.125,0.213,1.658,-0.3,0.0,0.0,
8,1,8,0.0333,0.0,0.0,0.0,0.0,0.0,0.0,0.0,0.0,0.0,0.0,0.0,0.0,0.85,0.125,0.213,1.6591,-0.3,0.0,0.0,
9,1,9,0.0375,0.0,0.0,0.0,0.0,0.0,0.0,0.0,0.0,0.0,0.0,0.0,0.0,0.85,0.125,0.213,1.6602,-0.3,0.0,0.0,
10,1,10,0.0417,0.0,0.0,0.0,0.0,0.0,0.0,0.0,0.0,0.0,0.0,0.0,0.0,0.85,0.125,0.213,1.6613,-0.3,0.0,0.0,
11,1,11,0.0458,0.0,0.0,0.0,0.0,0.0,0.0,0.0,0.0,0.0,0.0,0.0,0.0,0.85,0.125,0.213,1.6624,-0.3,0.0,0.0,
12,1,12,0.05,0.0,0.0,0.0,0.0,0.0,0.0,0.0,0.0,0.0,0.0,0.0,0.0,0.85,0.125,0.213,1.6635,-0.3,0.0,0.0,
13,1,13,0.0542,0.0,0.0,0.0,0.0,0.0,0.0,0.0,0.0,0.0,0.0,0.0,0.0,0.85,0.125,0.213,1.6646,-0.3,0.0,0.0,
14,1,14,0.0583,0.0,0.0,0.0,0.0,0.0,0.0,0.0,0.0,0.0,0.0,0.0,0.0,0.85,0.125,0.213,1.6657,-0.3,0.0,0.0,
15,1,15,0.0625,0.0,0.0,0.0,0.0,0.0,0.0,0.0,0.0,0.0,0.0,0.0,0.0,0.85,0.125,0.213,1.6668,-0.3,0.0,0.0,
16,1,16,0.0667,0.0,0.0,0.0,0.0,0.0,0.0,0.0,0.0,0.0,0.0,0.0,0.0,0.85,0.125,0.213,1.6679,-0.3,0.0,0.0,
17,1,17,0.0708,0.0,0.0,0.0,0.0,0.0,0.0,0.0,0.0,0.0,0.0,0.0,0.0,0.85,0.125,0.213,1.669,-0.3,0.0,0.0,
18,1,18,0.075,0.0,0.0,0.0,0.0,0.0,0.0,0.0,0.0,0.0,0.0,0.0,0.0,0.85,0.125,0.213,1.6701,-0.3,0.0,0.0,
19,1,19,0.0792,0.0,0.0,0.0,0.0,0.0,0.0,0.0,0.0,0.0,0.0,0.0,0.0,0.85,0.125,0.213,1.6712,-0.3,0.0,0.0,
20,1,20,0.0833,0.0,0.0,0.0,0.0,0.0,0.0,0.0,0.0,0.0,0.0,0.0,0.0,0.85,0.125,0.213,1.6722,-0.3,0.0,0.0,
21,1,21,0.0875,0.0,0.0,0.0,0.0,0.0,0.0,0.0,0.0,0.0,0.0,0.0,0.0,0.85,0.125,0.213,1.6733,-0.3,0.0,0.0,
22,1,22,0.0917,0.0,0.0,0.0,0.0,0.0,0.0,0.0,0.0,0.0,0.0,0.0,0.0,0.85,0.125,0.213,1.6744,-0.3,0.0,0.0,
23,1,23,0.0958,0.0,0.0,0.0,0.0,0.0,0.0,0.0,0.0,0.0,0.0,0.0,0.0,0.85,0.125,0.213,1.6754,-0.3,0.0,0.0,
24,1,24,0.1,0.0,0.0,0.0,0.0,0.0,0.0,0.0,0.0,0.0,0.0,0.0,0.0,0.85,0.125,0.213,1.6765,-0.3,0.0,0.0,
25,1,25,0.1042,0.0,0.0,0.0,0.0,0.0,0.0,0.0,0.0,0.0,0.0,0.0,0.0,0.85,0.125,0.213,1.6776,-0.3,0.0,0.0,
26,1,26,0.1083,0.0,0.0,0.0,0.0,0.0,0.0,0.0,0.0,0.0,0.0,0.0,0.0,0.85,0.125,0.213,1.6786,-0.3,0.0,0.0,
27,1,27,0.1125,0.0,0.0,0.0,0.0,0.0,0.0,0.0,0.0,0.0,0.0,0.0,0.0,0.85,0.125,0.213,1.6797,-0.3,0.0,0.0,
28,1,28,0.1167,0.0,0.0,0.0,0.0,0.0,0.0,0.0,0.0,0.0,0.0,0.0,0.0,0.85,0.125,0.213,1.6807,-0.3,0.0,0.0,
29,1,29,0.1208,0.0,0.0,0.0,0.0,0.0,0.0,0.0,0.0,0.0,0.0,0.0,0.0,0.85,0.125,0.213,1.6818,-0.3,0.0,0.0,
30,1,30,0.125,0.0,0.0,0.0,0.0,0.0,0.0,0.0,0.0,0.0,0.0,0.0,0.0,0.85,0.125,0.213,1.6828,-0.3,0.0,0.0,
31,1,31,0.1292,0.0,0.0,0.0,0.0,0.0,0.0,0.0,0.0,0.0,0.0,0.0,0.0,0.85,0.125,0.213,1.6838,-0.3,0.0,0.0,
32,1,32,0.1333,0.0,0.0,0.0,0.0,0.0,0.0,0.0,0.0,0.0,0.0,0.0,0.0,0.85,0.125,0.213,1.6849,-0.3,0.0,0.0,
33,1,33,0.1375,0.0,0.0,0.0,0.0,0.0,0.0,0.0,0.0,0.0,0.0,0.0,0.0,0.85,0.125,0.213,1.6859,-0.3,0.0,0.0,
34,1,34,0.1417,0.0,0.0,0.0,0.0,0.0,0.0,0.0,0.0,0.0,0.0,0.0,0.0,0.85,0.125,0.213,1.6869,-0.3,0.0,0.0,
35,1,35,0.1458,0.0,0.0,0.0,0.0,0.0,0.0,0.0,0.0,0.0,0.0,0.0,0.0,0.85,0.125,0.213,1.6879,-0.3,0.0,0.0,
36,1,36,0.15,0.0,0.0,0.0,0.0,0.0,0.0,0.0,0.0,0.0,0.0,0.0,0.0,0.85,0.125,0.213,1.689,-0.3,0.0,0.0,
37,1,37,0.1542,0.0,0.0,0.0,0.0,0.0,0.0,0.0,0.0,0.0,0.0,0.0,0.0,0.85,0.125,0.213,1.69,-0.3,0.0,0.0,
38,1,38,0.1583,0.0,0.0,0.0,0.0,0.0,0.0,0.0,0.0,0.0,0.0,0.0,0.0,0.85,0.125,0.213,1.691,-0.3,0.0,0.0,
39,1,39,0.1625,0.0,0.0,0.0,0.0,0.0,0.0,0.0,0.0,0.0,0.0,0.0,0.0,0.85,0.125,0.213,1.692,-0.3,0.0,0.0,
40,1,40,0.1667,0.0,0.0,0.0,0.0,0.0,0.0,0.0,0.0,0.0,0.0,0.0,0.0,0.85,0.125,0.213,1.693,-0.3,0.0,0.0,
41,1,41,0.1708,0.0,0.0,0.0,0.0,0.0,0.0,0.0,0.0,0.0,0.0,0.0,0.0,0.85,0.125,0.213,1.694,-0.3,0.0,0.0,
42,1,42,0.175,0.0,0.0,0.0,0.0,0.0,0.0,0.0,0.0,0.0,0.0,0.0,0.0,0.85,0.1251,0.213,1.695,-0.3,0.0,0.0,
43,1,43,0.1792,0.0,0.0,0.0,0.0,0.0,0.0,0.0,0.0,0.0,0.0,0.0,0.0,0.85,0.1251,0.213,1.696,-0.3,0.0,0.0,
44,1,44,0.1833,0.0,0.0,0.0,0.0,0.0,0.0,0.0,0.0,0.0,0.0,0.0,0.0,0.85,0.1251,0.213,1.697,-0.3,0.0,0.0,
45,1,45,0.1875,0.0,0.0,0.0,0.0,0.0,0.0,0.0,0.0,0.0,0.0,0.0,0.0,0.85,0.1251,0.213,1.698,-0.3,0.0,0.0,
46,1,46,0.1917,0.0,0.0,0.0,0.0,0.0,0.0,0.0,0.0,0.0,0.0,0.0,0.0,0.85,0.1251,0.213,1.6989,-0.3,0.0,0.0,
47,1,47,0.1958,0.0,0.0,0.0,0.0,0.0,0.0,0.0,0.0,0.0,0.0,0.0,0.0,0.85,0.1251,0.213,1.6999,-0.3,0.0,0.0,
48,1,48,0.2,0.0,0.0,0.0,0.0,0.0,0.0,0.0,0.0,0.0,0.0,0.0,0.0,0.85,0.1251,0.2131,1.7009,-0.3,0.0,0.0,
49,1,49,0.2042,0.0,0.0,0.0,0.0,0.0,0.0,0.0,0.0,0.0,0.0,0.0,0.0,0.85,0.1251,0.2131,1.7019,-0.3,0.0,0.0,
50,1,50,0.2083,0.0,0.0,0.0,0.0,0.0,0.0,0.0,0.0,0.0,0.0,0.0,0.0,0.85,0.1251,0.2131,1.7028,-0.3,0.0,0.0,
51,1,51,0.2125,0.0,0.0,0.0,0.0,0.0,0.0,0.0,0.0,0.0,0.0,0.0,0.0,0.85,0.1251,0.2131,1.7038,-0.3,0.0,0.0,
52,1,52,0.2167,0.0,0.0,0.0,0.0,0.0,0.0,0.0,0.0,0.0,0.0,0.0,0.0,0.85,0.1251,0.2131,1.7048,-0.3,0.0,0.0,
53,1,53,0.2208,0.0,0.0,0.0,0.0,0.0,0.0,0.0,0.0,0.0,0.0,0.0,0.0,0.85,0.1251,0.2131,1.7057,-0.3,0.0,0.0,
54,1,54,0.225,0.0,0.0,0.0,0.0,0.0,0.0,0.0,0.0,0.0,0.0,0.0,0.0,0.85,0.1251,0.2131,1.7067,-0.3,0.0,0.0,
55,1,55,0.2292,0.0,0.0,0.0,0.0,0.0,0.0,0.0,0.0,0.0,0.0,0.0,0.0,0.85,0.1251,0.2131,1.7076,-0.3,0.0,0.0,
56,1,56,0.2333,0.0,0.0,0.0,0.0,0.0,0.0,0.0,0.0,0.0,0.0,0.0,0.0,0.85,0.1251,0.2131,1.7086,-0.3,0.0,0.0,
57,1,57,0.2375,0.0,0.0,0.0,0.0,0.0,0.0,0.0,0.0,0.0,0.0,0.0,0.0,0.85,0.1251,0.2131,1.7095,-0.3,0.0,0.0,
58,1,58,0.2417,0.0,0.0,0.0,0.0,0.0,0.0,0.0,0.0,0.0,0.0,0.0,0.0,0.85,0.1251,0.2131,1.7105,-0.3,0.0,0.0,
59,1,59,0.2458,0.0,0.0,0.0,0.0,0.0,0.0,0.0,0.0,0.0,0.0,0.0,0.0,0.85,0.1251,0.2131,1.7114,-0.3,0.0,0.0,
60,1,60,0.25,0.0,0.0,0.0,0.0,0.0,0.0,0.0,0.0,0.0,0.0,0.0,0.0,0.85,0.1251,0.2131,1.7123,-0.3,0.0,0.0,
61,1,61,0.2542,0.0,0.0,0.0,0.0,0.0,0.0,0.0,0.0,0.0,0.0,0.0,0.0,0.85,0.1251,0.2131,1.7133,-0.3,0.0,0.0,
62,1,62,0.2583,0.0,0.0,0.0,0.0,0.0,0.0,0.0,0.0,0.0,0.0,0.0,0.0,0.85,0.1251,0.2131,1.7142,-0.3,0.0,0.0,
63,1,63,0.2625,0.0,0.0,0.0,0.0,0.0,0.0,0.0,0.0,0.0,0.0,0.0,0.0,0.85,0.1251,0.2131,1.7151,-0.3,0.0,0.0,
64,1,64,0.2667,0.0,0.0,0.0,0.0,0.0,0.0,0.0,0.0,0.0,0.0,0.0,0.0,0.85,0.1251,0.2131,1.716,-0.3,0.0,0.0,
65,1,65,0.2708,0.0,0.0,0.0,0.0,0.0,0.0,0.0,0.0,0.0,0.0,0.0,0.0,0.85,0.1251,0.2131,1.7169,-0.3,0.0,0.0,
66,1,66,0.275,0.0,0.0,0.0,0.0,0.0,0.0,0.0,0.0,0.0,0.0,0.0,0.0,0.85,0.1251,0.2131,1.7179,-0.3,0.0,0.0,
67,1,67,0.2792,0.0,0.0,0.0,0.0,0.0,0.0,0.0,0.0,0.0,0.0,0.0,0.0,0.85,0.1251,0.2131,1.7188,-0.3,0.0,0.0,
68,1,68,0.2833,0.0,0.0,0.0,0.0,0.0,0.0,0.0,0.0,0.0,0.0,0.0,0.0,0.85,0.1251,0.2131,1.7197,-0.3,0.0,0.0,
69,1,69,0.2875,0.0,0.0,0.0,0.0,0.0,0.0,0.0,0.0,0.0,0.0,0.0,0.0,0.85,0.1251,0.2131,1.7206,-0.3,0.0,0.0,
70,1,70,0.2917,0.0,0.0,0.0,0.0,0.0,0.0,0.0,0.0,0.0,0.0,0.0,0.0,0.85,0.1251,0.2131,1.7215,-0.3,0.0,0.0,
71,1,71,0.2958,0.0,0.0,0.0,0.0,0.0,0.0,0.0,0.0,0.0,0.0,0.0,0.0,0.85,0.1252,0.2131,1.7224,-0.3,0.0,0.0,
72,1,72,0.3,0.0,0.0,0.0,0.0,0.0,0.0,0.0,0.0,0.0,0.0,0.0,0.0,0.85,0.1252,0.2131,1.7233,-0.3,0.0,0.0,BASS
73,1,73,0.3042,0.0083,0.0,0.0,0.0,0.0,0.0,0.0,0.0,0.001,0.0197,0.3949,0.1316,0.8815,0.1252,0.2131,1.7322,-0.3,0.0,0.0,
74,1,74,0.3083,0.0166,0.0,0.0,0.0,0.0,0.0,0.0,0.0,0.0021,0.0741,0.6165,0.2055,0.9397,0.1252,0.2131,1.748,-0.3,0.0,0.0,
75,1,75,0.3125,0.0248,0.0,0.0,0.0,0.0,0.0,0.0,0.0,0.0031,0.1562,0.7409,0.247,0.9712,0.1252,0.2131,1.757,-0.3,0.0,0.0,
76,1,76,0.3167,0.033,0.0,0.0,0.0,0.0,0.0,0.0,0.0,0.0041,0.2593,0.8107,0.2702,0.9668,0.1252,0.2131,1.7566,-0.3,0.0,0.0,
77,1,77,0.3208,0.0411,0.0,0.0,0.0,0.0,0.0,0.0,0.0,0.0051,0.3762,0.8499,0.2833,0.9625,0.1252,0.2131,1.7563,-0.3,0.0,0.0,
78,1,78,0.325,0.0492,0.0,0.0,0.0,0.0,0.0,0.0,0.0,0.0061,0.5,0.8719,0.2906,0.9584,0.1252,0.2131,1.756,-0.3,0.0,0.0,
79,1,79,0.3292,0.0572,0.0,0.0,0.0,0.0,0.0,0.0,0.0,0.0072,0.6238,0.8842,0.2947,0.9544,0.1252,0.2131,1.7558,-0.3,0.0,0.0,
80,1,80,0.3333,0.0652,0.0,0.0,0.0,0.0,0.0,0.0,0.0,0.0081,0.7407,0.8911,0.297,0.9507,0.1252,0.2131,1.7556,-0.3,0.0,0.0,
81,1,81,0.3375,0.0731,0.0,0.0,0.0,0.0,0.0,0.0,0.0,0.0091,0.8438,0.895,0.2983,0.9471,0.1252,0.2131,1.7554,-0.3,0.0,0.0,
82,1,82,0.3417,0.081,0.0,0.0,0.0,0.0,0.0,0.0,0.0,0.0101,0.9259,0.8972,0.2991,0.9437,0.1252,0.2131,1.7553,-0.3,0.0,0.0,
83,1,83,0.3458,0.0889,0.0,0.0,0.0,0.0,0.0,0.0,0.0,0.0111,0.9803,0.8984,0.2995,0.9404,0.1252,0.2131,1.7552,-0.3,0.0,0.0,
84,1,84,0.35,0.0967,0.0,0.0,0.0,0.0,0.0,0.0,0.0,0.0121,1.0,0.9,0.3,0.9373,0.1252,0.2132,1.7552,-0.3,0.0,0.0,
85,1,85,0.3542,0.1045,0.0,0.0,0.0,0.0,0.0,0.0,0.0,0.0131,1.0,0.8843,0.2919,0.9343,0.1252,0.2132,1.7551,-0.3,0.0,0.0,
86,1,86,0.3583,0.1122,0.0,0.0,0.0,0.0,0.0,0.0,0.0,0.014,1.0,0.8691,0.2841,0.9315,0.1252,0.2132,1.7552,-0.3,0.0,0.0,
87,1,87,0.3625,0.1199,0.0,0.0,0.0,0.0,0.0,0.0,0.0,0.015,1.0,0.8544,0.2766,0.9288,0.1252,0.2132,1.7552,-0.3,0.0,0.0,
88,1,88,0.3667,0.1275,0.0,0.0,0.0,0.0,0.0,0.0,0.0,0.0159,1.0,0.8401,0.2692,0.9262,0.1252,0.2132,1.7553,-0.3,0.0,0.0,
89,1,89,0.3708,0.1351,0.0,0.0,0.0,0.0,0.0,0.0,0.0,0.0169,1.0,0.8263,0.2621,0.9237,0.1252,0.2132,1.7554,-0.3,0.0,0.0,
90,1,90,0.375,0.1426,0.0,0.0,0.0,0.0,0.0,0.0,0.0,0.0178,1.0,0.813,0.2552,0.9214,0.1252,0.2132,1.7555,-0.3,0.0,0.0,
91,1,91,0.3792,0.1501,0.0,0.0,0.0,0.0,0.0,0.0,0.0,0.0188,1.0,0.8,0.2486,0.9191,0.1253,0.2132,1.7557,-0.3,0.0,0.0,
92,1,92,0.3833,0.1576,0.0,0.0,0.0,0.0,0.0,0.0,0.0,0.0197,1.0,0.7875,0.2422,0.917,0.1253,0.2132,1.7558,-0.3,0.0,0.0,
93,1,93,0.3875,0.165,0.0,0.0,0.0,0.0,0.0,0.0,0.0,0.0206,1.0,0.7755,0.2359,0.9149,0.1253,0.2132,1.756,-0.3,0.0,0.0,
94,1,94,0.3917,0.1724,0.0,0.0,0.0,0.0,0.0,0.0,0.0,0.0215,1.0,0.7638,0.23,0.913,0.1253,0.2132,1.7563,-0.3,0.0,0.0,
95,1,95,0.3958,0.1797,0.0,0.0,0.0,0.0,0.0,0.0,0.0,0.0225,1.0,0.7525,0.2242,0.9111,0.1253,0.2132,1.7565,-0.3,0.0,0.0,
96,1,96,0.4,0.187,0.0,0.0,0.0,0.0,0.0,0.0,0.0,0.0234,1.0,0.7417,0.2186,0.9094,0.1253,0.2132,1.7568,-0.3,0.0,0.0,
97,1,97,0.4042,0.1942,0.0,0.0,0.0,0.0,0.0,0.0,0.0,0.0243,1.0,0.7312,0.2132,0.9077,0.1253,0.2132,1.757,-0.3,0.0,0.0,
98,1,98,0.4083,0.2014,0.0,0.0,0.0,0.0,0.0,0.0,0.0,0.0252,1.0,0.7212,0.208,0.9061,0.1253,0.2132,1.7573,-0.3,0.0,0.0,
99,1,99,0.4125,0.2085,0.0,0.0,0.0,0.0,0.0,0.0,0.0,0.0261,1.0,0.7115,0.2031,0.9046,0.1253,0.2132,1.7577,-0.3,0.0,0.0,
100,1,100,0.4167,0.2157,0.0,0.0,0.0,0.0,0.0,0.0,0.0,0.027,1.0,0.7022,0.1983,0.9031,0.1253,0.2132,1.758,-0.3,0.0,0.0,
101,1,101,0.4208,0.2227,0.0,0.0,0.0,0.0,0.0,0.0,0.0,0.0278,1.0,0.6932,0.1937,0.9018,0.1253,0.2132,1.7583,-0.3,0.0,0.0,
102,1,102,0.425,0.2297,0.0,0.0,0.0,0.0,0.0,0.0,0.0,0.0287,1.0,0.6846,0.1892,0.9004,0.1253,0.2132,1.7587,-0.3,0.0,0.0,
103,1,103,0.4292,0.2367,0.0,0.0,0.0,0.0,0.0,0.0,0.0,0.0296,1.0,0.6764,0.185,0.8992,0.1253,0.2132,1.7591,-0.3,0.0,0.0,
104,1,104,0.4333,0.2437,0.0,0.0,0.0,0.0,0.0,0.0,0.0,0.0305,1.0,0.6685,0.1809,0.898,0.1253,0.2132,1.7595,-0.3,0.0,0.0,
105,1,105,0.4375,0.2506,0.0,0.0,0.0,0.0,0.0,0.0,0.0,0.0313,1.0,0.6609,0.1771,0.8969,0.1253,0.2132,1.7599,-0.3,0.0,0.0,
106,1,106,0.4417,0.2574,0.0,0.0,0.0,0.0,0.0,0.0,0.0,0.0322,1.0,0.6537,0.1733,0.8958,0.1253,0.2132,1.7603,-0.3,0.0,0.0,
107,1,107,0.4458,0.2642,0.0,0.0,0.0,0.0,0.0,0.0,0.0,0.033,1.0,0.6468,0.1698,0.8948,0.1254,0.2132,1.7607,-0.3,0.0,0.0,
108,1,108,0.45,0.271,0.0,0.0,0.0,0.0,0.0,0.0,0.0,0.0339,1.0,0.6402,0.1664,0.8939,0.1254,0.2133,1.7612,-0.3,0.0,0.0,
109,1,109,0.4542,0.2777,0.0,0.0,0.0,0.0,0.0,0.0,0.0,0.0347,1.0,0.6339,0.1632,0.893,0.1254,0.2133,1.7616,-0.3,0.0,0.0,
110,1,110,0.4583,0.2844,0.0,0.0,0.0,0.0,0.0,0.0,0.0,0.0356,1.0,0.6279,0.1601,0.8921,0.1254,0.2133,1.7621,-0.3,0.0,0.0,
111,1,111,0.4625,0.2911,0.0,0.0,0.0,0.0,0.0,0.0,0.0,0.0364,1.0,0.6222,0.1571,0.8913,0.1254,0.2133,1.7625,-0.3,0.0,0.0,
112,1,112,0.4667,0.2977,0.0,0.0,0.0,0.0,0.0,0.0,0.0,0.0372,1.0,0.6168,0.1544,0.8906,0.1254,0.2133,1.763,-0.3,0.0,0.0,
113,1,113,0.4708,0.3042,0.0,0.0,0.0,0.0,0.0,0.0,0.0,0.038,1.0,0.6117,0.1517,0.8898,0.1254,0.2133,1.7635,-0.3,0.0,0.0,
114,1,114,0.475,0.3108,0.0,0.0,0.0,0.0,0.0,0.0,0.0,0.0388,1.0,0.6068,0.1492,0.8892,0.1254,0.2133,1.764,-0.3,0.0,0.0,
115,1,115,0.4792,0.3172,0.0,0.0,0.0,0.0,0.0,0.0,0.0,0.0397,1.0,0.6022,0.1468,0.8885,0.1254,0.2133,1.7645,-0.3,0.0,0.0,
116,1,116,0.4833,0.3237,0.0,0.0,0.0,0.0,0.0,0.0,0.0,0.0405,1.0,0.5978,0.1446,0.8879,0.1254,0.2133,1.765,-0.3,0.0,0.0,
117,1,117,0.4875,0.3301,0.0,0.0,0.0,0.0,0.0,0.0,0.0,0.0413,1.0,0.5938,0.1425,0.8874,0.1254,0.2133,1.7655,-0.3,0.0,0.0,
118,1,118,0.4917,0.3364,0.0,0.0,0.0,0.0,0.0,0.0,0.0,0.0421,1.0,0.5899,0.1405,0.8868,0.1254,0.2133,1.766,-0.3,0.0,0.0,
119,1,119,0.4958,0.3428,0.0,0.0,0.0,0.0,0.0,0.0,0.0,0.0428,1.0,0.5863,0.1387,0.8863,0.1254,0.2133,1.7666,-0.3,0.0,0.0,
120,1,120,0.5,0.349,0.0,0.0,0.0,0.0,0.0,0.0,0.0,0.0436,1.0,0.5829,0.1369,0.8859,0.1254,0.2133,1.7671,-0.3,0.0,0.0,
121,1,121,0.5042,0.3553,0.0,0.0,0.0,0.0,0.0,0.0,0.0,0.0444,1.0,0.5797,0.1353,0.8854,0.1255,0.2133,1.7676,-0.3,0.0,0.0,
122,1,122,0.5083,0.3615,0.0,0.0,0.0,0.0,0.0,0.0,0.0,0.0452,1.0,0.5767,0.1337,0.885,0.1255,0.2133,1.7682,-0.3,0.0,0.0,
123,1,123,0.5125,0.3676,0.0,0.0,0.0,0.0,0.0,0.0,0.0,0.046,1.0,0.574,0.1323,0.8846,0.1255,0.2133,1.7687,-0.3,0.0,0.0,
124,1,124,0.5167,0.3738,0.0,0.0,0.0,0.0,0.0,0.0,0.0,0.0467,1.0,0.5714,0.131,0.8843,0.1255,0.2133,1.7693,-0.3,0.0,0.0,
125,1,125,0.5208,0.3798,0.0,0.0,0.0,0.0,0.0,0.0,0.0,0.0475,1.0,0.569,0.1298,0.8839,0.1255,0.2133,1.7698,-0.3,0.0,0.0,
126,1,126,0.525,0.3859,0.0,0.0,0.0,0.0,0.0,0.0,0.0,0.0482,1.0,0.5668,0.1287,0.8836,0.1255,0.2133,1.7704,-0.3,0.0,0.0,
127,1,127,0.5292,0.3919,0.0,0.0,0.0,0.0,0.0,0.0,0.0,0.049,1.0,0.5648,0.1276,0.8833,0.1255,0.2133,1.771,-0.3,0.0,0.0,
128,1,128,0.5333,0.3978,0.0,0.0,0.0,0.0,0.0,0.0,0.0,0.0497,1.0,0.563,0.1267,0.8831,0.1255,0.2134,1.7715,-0.3,0.0,0.0,
129,1,129,0.5375,0.4038,0.0,0.0,0.0,0.0,0.0,0.0,0.0,0.0505,1.0,0.5613,0.1258,0.8828,0.1255,0.2134,1.7721,-0.3,0.0,0.0,
130,1,130,0.5417,0.4096,0.0,0.0,0.0,0.0,0.0,0.0,0.0,0.0512,1.0,0.5597,0.125,0.8826,0.1255,0.2134,1.7727,-0.3,0.0,0.0,
131,1,131,0.5458,0.4155,0.0,0.0,0.0,0.0,0.0,0.0,0.0,0.0519,1.0,0.5584,0.1243,0.8824,0.1255,0.2134,1.7732,-0.3,0.0,0.0,
132,1,132,0.55,0.4213,0.0,0.0,0.0,0.0,0.0,0.0,0.0,0.0527,1.0,0.5571,0.1237,0.8822,0.1255,0.2134,1.7738,-0.3,0.0,0.0,
133,1,133,0.5542,0.4271,0.0,0.0,0.0,0.0,0.0,0.0,0.0,0.0534,1.0,0.556,0.1231,0.8821,0.1256,0.2134,1.7744,-0.3,0.0,0.0,
134,1,134,0.5583,0.4328,0.0,0.0,0.0,0.0,0.0,0.0,0.0,0.0541,1.0,0.555,0.1226,0.8819,0.1256,0.2134,1.775,-0.3,0.0,0.0,
135,1,135,0.5625,0.4385,0.0,0.0,0.0,0.0,0.0,0.0,0.0,0.0548,1.0,0.5541,0.1221,0.8818,0.1256,0.2134,1.7756,-0.3,0.0,0.0,
136,1,136,0.5667,0.4441,0.0,0.0,0.0,0.0,0.0,0.0,0.0,0.0555,1.0,0.5533,0.1217,0.8817,0.1256,0.2134,1.7761,-0.3,0.0,0.0,
137,1,137,0.5708,0.4498,0.0,0.0,0.0,0.0,0.0,0.0,0.0,0.0562,1.0,0.5527,0.1214,0.8816,0.1256,0.2134,1.7767,-0.3,0.0,0.0,
138,1,138,0.575,0.4553,0.0,0.0,0.0,0.0,0.0,0.0,0.0,0.0569,1.0,0.5521,0.1211,0.8815,0.1256,0.2134,1.7773,-0.3,0.0,0.0,
139,1,139,0.5792,0.4609,0.0,0.0,0.0,0.0,0.0,0.0,0.0,0.0576,1.0,0.5516,0.1208,0.8814,0.1256,0.2134,1.7779,-0.3,0.0,0.0,
140,1,140,0.5833,0.4664,0.0,0.0,0.0,0.0,0.0,0.0,0.0,0.0583,1.0,0.5512,0.1206,0.8813,0.1256,0.2134,1.7785,-0.3,0.0,0.0,
141,1,141,0.5875,0.4718,0.0,0.0,0.0,0.0,0.0,0.0,0.0,0.059,1.0,0.5509,0.1205,0.8813,0.1256,0.2134,1.7791,-0.3,0.0,0.0,
142,1,142,0.5917,0.4773,0.0,0.0,0.0,0.0,0.0,0.0,0.0,0.0597,1.0,0.5506,0.1203,0.8812,0.1256,0.2134,1.7797,-0.3,0.0,0.0,
143,1,143,0.5958,0.4826,0.0,0.0,0.0,0.0,0.0,0.0,0.0,0.0603,1.0,0.5504,0.1202,0.8812,0.1256,0.2134,1.7803,-0.3,0.0,0.0,
144,1,144,0.6,0.488,0.0,0.0,0.0,0.0,0.0,0.0,0.0,0.061,1.0,0.5503,0.1201,0.8812,0.1257,0.2134,1.7808,-0.3,0.0,0.0,
145,1,145,0.6042,0.4933,0.0,0.0,0.0,0.0,0.0,0.0,0.0,0.0617,1.0,0.5502,0.1201,0.8812,0.1257,0.2134,1.7814,-0.3,0.0,0.0,
146,1,146,0.6083,0.4986,0.0,0.0,0.0,0.0,0.0,0.0,0.0,0.0623,1.0,0.5501,0.12,0.8812,0.1257,0.2135,1.782,-0.3,0.0,0.0,
147,1,147,0.6125,0.5038,0.0,0.0,0.0,0.0,0.0,0.0,0.0,0.063,1.0,0.55,0.12,0.8812,0.1257,0.2135,1.7826,-0.3,0.0,0.0,
148,1,148,0.6167,0.509,0.0,0.0,0.0,0.0,0.0,0.0,0.0,0.0636,1.0,0.55,0.12,0.8812,0.1257,0.2135,1.7832,-0.3,0.0,0.0,
149,1,149,0.6208,0.5142,0.0,0.0,0.0,0.0,0.0,0.0,0.0,0.0643,1.0,0.55,0.12,0.8812,0.1257,0.2135,1.7838,-0.3,0.0,0.0,
150,1,150,0.625,0.5193,0.0,0.0,0.0,0.0,0.0,0.0,0.0,0.0649,1.0,0.55,0.12,0.8812,0.1257,0.2135,1.7844,-0.3,0.0,0.0,
151,1,151,0.6292,0.5244,0.0,0.0,0.0,0.0,0.0,0.0,0.0,0.0656,1.0,0.55,0.12,0.8813,0.1257,0.2135,1.785,-0.3,0.0,0.0,
152,1,152,0.6333,0.5295,0.0,0.0,0.0,0.0,0.0,0.0,0.0,0.0662,1.0,0.55,0.12,0.8813,0.1257,0.2135,1.7856,-0.3,0.0,0.0,
153,1,153,0.6375,0.5345,0.0,0.0,0.0,0.0,0.0,0.0,0.0,0.0668,1.0,0.55,0.12,0.8814,0.1257,0.2135,1.7861,-0.3,0.0,0.0,
154,1,154,0.6417,0.5395,0.0,0.0,0.0,0.0,0.0,0.0,0.0,0.0674,1.0,0.55,0.12,0.8814,0.1258,0.2135,1.7867,-0.3,0.0,0.0,
155,1,155,0.6458,0.5445,0.0,0.0,0.0,0.0,0.0,0.0,0.0,0.0681,1.0,0.5501,0.12,0.8815,0.1258,0.2135,1.7873,-0.3,0.0,0.0,
156,1,156,0.65,0.5494,0.0,0.0,0.0,0.0,0.0,0.0,0.0,0.0687,1.0,0.5501,0.12,0.8816,0.1258,0.2135,1.7879,-0.3,0.0,0.0,
157,1,157,0.6542,0.5543,0.0,0.0,0.0,0.0,0.0,0.0,0.0,0.0693,1.0,0.5501,0.12,0.8817,0.1258,0.2135,1.7885,-0.3,0.0,0.0,
158,1,158,0.6583,0.5591,0.0,0.0,0.0,0.0,0.0,0.0,0.0,0.0699,1.0,0.5502,0.12,0.8817,0.1258,0.2135,1.7891,-0.3,0.0,0.0,
159,1,159,0.6625,0.5639,0.0,0.0,0.0,0.0,0.0,0.0,0.0,0.0705,1.0,0.5502,0.12,0.8818,0.1258,0.2135,1.7896,-0.3,0.0,0.0,
160,1,160,0.6667,0.5687,0.0,0.0,0.0,0.0,0.0,0.0,0.0,0.0711,1.0,0.5503,0.12,0.8819,0.1258,0.2135,1.7902,-0.3,0.0,0.0,
161,1,161,0.6708,0.5734,0.0,0.0,0.0,0.0,0.0,0.0,0.0,0.0717,1.0,0.5503,0.12,0.882,0.1258,0.2136,1.7908,-0.3,0.0,0.0,
162,1,162,0.675,0.5781,0.0,0.0,0.0,0.0,0.0,0.0,0.0,0.0723,1.0,0.5504,0.1201,0.8821,0.1258,0.2136,1.7914,-0.3,0.0,0.0,
163,1,163,0.6792,0.5828,0.0,0.0,0.0,0.0,0.0,0.0,0.0,0.0728,1.0,0.5504,0.1201,0.8822,0.1258,0.2136,1.792,-0.3,0.0,0.0,
164,1,164,0.6833,0.5874,0.0,0.0,0.0,0.0,0.0,0.0,0.0,0.0734,1.0,0.5505,0.1201,0.8823,0.1259,0.2136,1.7925,-0.3,0.0,0.0,
165,1,165,0.6875,0.592,0.0,0.0,0.0,0.0,0.0,0.0,0.0,0.074,1.0,0.5506,0.1201,0.8824,0.1259,0.2136,1.7931,-0.3,0.0,0.0,
166,1,166,0.6917,0.5966,0.0,0.0,0.0,0.0,0.0,0.0,0.0,0.0746,1.0,0.5507,0.1201,0.8825,0.1259,0.2136,1.7937,-0.3,0.0,0.0,
167,1,167,0.6958,0.6011,0.0,0.0,0.0,0.0,0.0,0.0,0.0,0.0751,1.0,0.5507,0.1201,0.8827,0.1259,0.2136,1.7943,-0.3,0.0,0.0,
168,1,168,0.7,0.6056,0.0,0.0,0.0,0.0,0.0,0.0,0.0,0.0757,1.0,0.5508,0.1201,0.8828,0.1259,0.2136,1.7948,-0.3,0.0,0.0,
169,1,169,0.7042,0.6101,0.0,0.0,0.0,0.0,0.0,0.0,0.0,0.0763,1.0,0.5509,0.1201,0.8829,0.1259,0.2136,1.7954,-0.3,0.0,0.0,
170,1,170,0.7083,0.6145,0.0,0.0,0.0,0.0,0.0,0.0,0.0,0.0768,1.0,0.551,0.1201,0.883,0.1259,0.2136,1.796,-0.3,0.0,0.0,
171,1,171,0.7125,0.6189,0.0,0.0,0.0,0.0,0.0,0.0,0.0,0.0774,1.0,0.5511,0.1202,0.8831,0.1259,0.2136,1.7965,-0.3,0.0,0.0,
172,1,172,0.7167,0.6233,0.0,0.0,0.0,0.0,0.0,0.0,0.0,0.0779,1.0,0.5512,0.1202,0.8833,0.1259,0.2136,1.7971,-0.3,0.0,0.0,
173,1,173,0.7208,0.6276,0.0,0.0,0.0,0.0,0.0,0.0,0.0,0.0785,1.0,0.5513,0.1202,0.8834,0.126,0.2136,1.7976,-0.3,0.0,0.0,
174,1,174,0.725,0.6319,0.0,0.0,0.0,0.0,0.0,0.0,0.0,0.079,1.0,0.5514,0.1202,0.8835,0.126,0.2136,1.7982,-0.3,0.0,0.0,
175,1,175,0.7292,0.6362,0.0,0.0,0.0,0.0,0.0,0.0,0.0,0.0795,1.0,0.5516,0.1202,0.8837,0.126,0.2136,1.7988,-0.3,0.0,0.0,
176,1,176,0.7333,0.6404,0.0,0.0,0.0,0.0,0.0,0.0,0.0,0.0801,1.0,0.5517,0.1202,0.8838,0.126,0.2137,1.7993,-0.3,0.0,0.0,
177,1,177,0.7375,0.6446,0.0,0.0,0.0,0.0,0.0,0.0,0.0,0.0806,1.0,0.5518,0.1203,0.8839,0.126,0.2137,1.7999,-0.3,0.0,0.0,
178,1,178,0.7417,0.6488,0.0,0.0,0.0,0.0,0.0,0.0,0.0,0.0811,1.0,0.5519,0.1203,0.8841,0.126,0.2137,1.8004,-0.3,0.0,0.0,
179,1,179,0.7458,0.6529,0.0,0.0,0.0,0.0,0.0,0.0,0.0,0.0816,1.0,0.5521,0.1203,0.8842,0.126,0.2137,1.801,-0.3,0.0,0.0,
180,1,180,0.75,0.657,0.0,0.0,0.0,0.0,0.0,0.0,0.0,0.0821,1.0,0.5522,0.1203,0.8844,0.126,0.2137,1.8015,-0.3,0.0,0.0,
181,1,181,0.7542,0.6611,0.0,0.0,0.0,0.0,0.0,0.0,0.0,0.0826,1.0,0.5524,0.1203,0.8845,0.1261,0.2137,1.8021,-0.3,0.0,0.0,
182,1,182,0.7583,0.6651,0.0,0.0,0.0,0.0,0.0,0.0,0.0,0.0831,1.0,0.5525,0.1204,0.8846,0.1261,0.2137,1.8026,-0.3,0.0,0.0,
183,1,183,0.7625,0.6691,0.0,0.0,0.0,0.0,0.0,0.0,0.0,0.0836,1.0,0.5527,0.1204,0.8848,0.1261,0.2137,1.8031,-0.3,0.0,0.0,
184,1,184,0.7667,0.6731,0.0,0.0,0.0,0.0,0.0,0.0,0.0,0.0841,1.0,0.5528,0.1204,0.8849,0.1261,0.2137,1.8037,-0.3,0.0,0.0,
185,1,185,0.7708,0.677,0.0,0.0,0.0,0.0,0.0,0.0,0.0,0.0846,1.0,0.553,0.1204,0.8851,0.1261,0.2137,1.8042,-0.3,0.0,0.0,
186,1,186,0.775,0.6809,0.0,0.0,0.0,0.0,0.0,0.0,0.0,0.0851,1.0,0.5531,0.1204,0.8852,0.1261,0.2137,1.8048,-0.3,0.0,0.0,
187,1,187,0.7792,0.6848,0.0,0.0,0.0,0.0,0.0,0.0,0.0,0.0856,1.0,0.5533,0.1205,0.8854,0.1261,0.2137,1.8053,-0.3,0.0,0.0,
188,1,188,0.7833,0.6886,0.0,0.0,0.0,0.0,0.0,0.0,0.0,0.0861,1.0,0.5535,0.1205,0.8855,0.1261,0.2137,1.8058,-0.3,0.0,0.0,
189,1,189,0.7875,0.6925,0.0,0.0,0.0,0.0,0.0,0.0,0.0,0.0866,1.0,0.5536,0.1205,0.8857,0.1262,0.2138,1.8064,-0.3,0.0,0.0,
190,1,190,0.7917,0.6962,0.0,0.0,0.0,0.0,0.0,0.0,0.0,0.087,1.0,0.5538,0.1205,0.8858,0.1262,0.2138,1.8069,-0.3,0.0,0.0,
191,1,191,0.7958,0.7,0.0,0.0,0.0,0.0,0.0,0.0,0.0,0.0875,1.0,0.554,0.1206,0.886,0.1262,0.2138,1.8074,-0.3,0.0,0.0,
192,1,192,0.8,0.7037,0.0,0.0,0.0,0.0,0.0,0.0,0.0,0.088,1.0,0.5542,0.1206,0.8861,0.1262,0.2138,1.8079,-0.3,0.0,0.0,
193,1,193,0.8042,0.7074,0.0,0.0,0.0,0.0,0.0,0.0,0.0,0.0884,1.0,0.5544,0.1206,0.8862,0.1262,0.2138,1.8084,-0.3,0.0,0.0,
194,1,194,0.8083,0.711,0.0,0.0,0.0,0.0,0.0,0.0,0.0,0.0889,1.0,0.5546,0.1207,0.8864,0.1262,0.2138,1.809,-0.3,0.0,0.0,
195,1,195,0.8125,0.7147,0.0,0.0,0.0,0.0,0.0,0.0,0.0,0.0893,1.0,0.5548,0.1207,0.8865,0.1262,0.2138,1.8095,-0.3,0.0,0.0,
196,1,196,0.8167,0.7183,0.0,0.0,0.0,0.0,0.0,0.0,0.0,0.0898,1.0,0.555,0.1207,0.8867,0.1263,0.2138,1.81,-0.3,0.0,0.0,
197,1,197,0.8208,0.7218,0.0,0.0,0.0,0.0,0.0,0.0,0.0,0.0902,1.0,0.5552,0.1207,0.8868,0.1263,0.2138,1.8105,-0.3,0.0,0.0,
198,1,198,0.825,0.7254,0.0,0.0,0.0,0.0,0.0,0.0,0.0,0.0907,1.0,0.5554,0.1208,0.887,0.1263,0.2138,1.811,-0.3,0.0,0.0,
199,1,199,0.8292,0.7289,0.0,0.0,0.0,0.0,0.0,0.0,0.0,0.0911,1.0,0.5556,0.1208,0.8871,0.1263,0.2138,1.8115,-0.3,0.0,0.0,
200,1,200,0.8333,0.7324,0.0,0.0,0.0,0.0,0.0,0.0,0.0,0.0915,1.0,0.5558,0.1208,0.8873,0.1263,0.2138,1.812,-0.3,0.0,0.0,
201,1,201,0.8375,0.7358,0.0,0.0,0.0,0.0,0.0,0.0,0.0,0.092,1.0,0.556,0.1209,0.8874,0.1263,0.2139,1.8125,-0.3,0.0,0.0,
202,1,202,0.8417,0.7392,0.0,0.0,0.0,0.0,0.0,0.0,0.0,0.0924,1.0,0.5563,0.1209,0.8876,0.1263,0.2139,1.813,-0.3,0.0,0.0,
203,1,203,0.8458,0.7426,0.0,0.0,0.0,0.0,0.0,0.0,0.0,0.0928,1.0,0.5565,0.1209,0.8877,0.1264,0.2139,1.8135,-0.3,0.0,0.0,
204,1,204,0.85,0.746,0.0,0.0,0.0,0.0,0.0,0.0,0.0,0.0932,1.0,0.5567,0.121,0.8879,0.1264,0.2139,1.814,-0.3,0.0,0.0,
205,1,205,0.8542,0.7493,0.0,0.0,0.0,0.0,0.0,0.0,0.0,0.0937,1.0,0.5569,0.121,0.888,0.1264,0.2139,1.8145,-0.3,0.0,0.0,
206,1,206,0.8583,0.7526,0.0,0.0,0.0,0.0,0.0,0.0,0.0,0.0941,1.0,0.5572,0.121,0.8881,0.1264,0.2139,1.815,-0.3,0.0,0.0,
207,1,207,0.8625,0.7559,0.0,0.0,0.0,0.0,0.0,0.0,0.0,0.0945,1.0,0.5574,0.1211,0.8883,0.1264,0.2139,1.8155,-0.3,0.0,0.0,
208,1,208,0.8667,0.7591,0.0,0.0,0.0,0.0,0.0,0.0,0.0,0.0949,1.0,0.5577,0.1211,0.8884,0.1264,0.2139,1.816,-0.3,0.0,0.0,
209,1,209,0.8708,0.7623,0.0,0.0,0.0,0.0,0.0,0.0,0.0,0.0953,1.0,0.5579,0.1211,0.8886,0.1264,0.2139,1.8165,-0.3,0.0,0.0,
210,1,210,0.875,0.7655,0.0,0.0,0.0,0.0,0.0,0.0,0.0,0.0957,1.0,0.5582,0.1212,0.8887,0.1265,0.2139,1.817,-0.3,0.0,0.0,
211,1,211,0.8792,0.7687,0.0,0.0,0.0,0.0,0.0,0.0,0.0,0.0961,1.0,0.5584,0.1212,0.8888,0.1265,0.2139,1.8174,-0.3,0.0,0.0,
212,1,212,0.8833,0.7718,0.0,0.0,0.0,0.0,0.0,0.0,0.0,0.0965,1.0,0.5587,0.1212,0.889,0.1265,0.2139,1.8179,-0.3,0.0,0.0,
213,1,213,0.8875,0.7749,0.0,0.0,0.0,0.0,0.0,0.0,0.0,0.0969,1.0,0.5589,0.1213,0.8891,0.1265,0.214,1.8184,-0.3,0.0,0.0,
214,1,214,0.8917,0.7779,0.0,0.0,0.0,0.0,0.0,0.0,0.0,0.0972,1.0,0.5592,0.1213,0.8893,0.1265,0.214,1.8189,-0.3,0.0,0.0,
215,1,215,0.8958,0.781,0.0,0.0,0.0,0.0,0.0,0.0,0.0,0.0976,1.0,0.5594,0.1213,0.8894,0.1265,0.214,1.8193,-0.3,0.0,0.0,
216,1,216,0.9,0.784,0.0,0.0,0.0,0.0,0.0,0.0,0.0,0.098,1.0,0.5597,0.1214,0.8895,0.1265,0.214,1.8198,-0.3,0.0,0.0,
217,1,217,0.9042,0.787,0.0,0.0,0.0,0.0,0.0,0.0,0.0,0.0984,1.0,0.56,0.1214,0.8897,0.1266,0.214,1.8203,-0.3,0.0,0.0,
218,1,218,0.9083,0.7899,0.0,0.0,0.0,0.0,0.0,0.0,0.0,0.0987,1.0,0.5602,0.1215,0.8898,0.1266,0.214,1.8207,-0.3,0.0,0.0,
219,1,219,0.9125,0.7929,0.0,0.0,0.0,0.0,0.0,0.0,0.0,0.0991,1.0,0.5605,0.1215,0.8899,0.1266,0.214,1.8212,-0.3,0.0,0.0,
220,1,220,0.9167,0.7958,0.0,0.0,0.0,0.0,0.0,0.0,0.0,0.0995,1.0,0.5608,0.1215,0.8901,0.1266,0.214,1.8216,-0.3,0.0,0.0,
221,1,221,0.9208,0.7987,0.0,0.0,0.0,0.0,0.0,0.0,0.0,0.0998,1.0,0.5611,0.1216,0.8902,0.1266,0.214,1.8221,-0.3,0.0,0.0,
222,1,222,0.925,0.8015,0.0,0.0,0.0,0.0,0.0,0.0,0.0,0.1002,1.0,0.5614,0.1216,0.8903,0.1266,0.214,1.8226,-0.3,0.0,0.0,
223,1,223,0.9292,0.8043,0.0,0.0,0.0,0.0,0.0,0.0,0.0,0.1005,1.0,0.5616,0.1217,0.8905,0.1267,0.214,1.823,-0.3,0.0,0.0,
224,1,224,0.9333,0.8071,0.0,0.0,0.0,0.0,0.0,0.0,0.0,0.1009,1.0,0.5619,0.1217,0.8906,0.1267,0.2141,1.8235,-0.3,0.0,0.0,
225,1,225,0.9375,0.8099,0.0,0.0,0.0,0.0,0.0,0.0,0.0,0.1012,1.0,0.5622,0.1217,0.8907,0.1267,0.2141,1.8239,-0.3,0.0,0.0,
226,1,226,0.9417,0.8126,0.0,0.0,0.0,0.0,0.0,0.0,0.0,0.1016,1.0,0.5625,0.1218,0.8909,0.1267,0.2141,1.8244,-0.3,0.0,0.0,
227,1,227,0.9458,0.8153,0.0,0.0,0.0,0.0,0.0,0.0,0.0,0.1019,1.0,0.5628,0.1218,0.891,0.1267,0.2141,1.8248,-0.3,0.0,0.0,
228,1,228,0.95,0.818,0.0,0.0,0.0,0.0,0.0,0.0,0.0,0.1023,1.0,0.5631,0.1219,0.8911,0.1267,0.2141,1.8252,-0.3,0.0,0.0,
229,1,229,0.9542,0.8207,0.0,0.0,0.0,0.0,0.0,0.0,0.0,0.1026,1.0,0.5634,0.1219,0.8912,0.1268,0.2141,1.8257,-0.3,0.0,0.0,
230,1,230,0.9583,0.8233,0.0,0.0,0.0,0.0,0.0,0.0,0.0,0.1029,1.0,0.5637,0.122,0.8914,0.1268,0.2141,1.8261,-0.3,0.0,0.0,
231,1,231,0.9625,0.8259,0.0,0.0,0.0,0.0,0.0,0.0,0.0,0.1032,1.0,0.564,0.122,0.8915,0.1268,0.2141,1.8265,-0.3,0.0,0.0,
232,1,232,0.9667,0.8285,0.0,0.0,0.0,0.0,0.0,0.0,0.0,0.1036,1.0,0.5643,0.122,0.8916,0.1268,0.2141,1.827,-0.3,0.0,0.0,
233,1,233,0.9708,0.8311,0.0,0.0,0.0,0.0,0.0,0.0,0.0,0.1039,1.0,0.5646,0.1221,0.8917,0.1268,0.2141,1.8274,-0.3,0.0,0.0,
234,1,234,0.975,0.8336,0.0,0.0,0.0,0.0,0.0,0.0,0.0,0.1042,1.0,0.5649,0.1221,0.8918,0.1268,0.2141,1.8278,-0.3,0.0,0.0,
235,1,235,0.9792,0.8361,0.0,0.0,0.0,0.0,0.0,0.0,0.0,0.1045,1.0,0.5652,0.1222,0.892,0.1269,0.2142,1.8283,-0.3,0.0,0.0,
236,1,236,0.9833,0.8386,0.0,0.0,0.0,0.0,0.0,0.0,0.0,0.1048,1.0,0.5656,0.1222,0.8921,0.1269,0.2142,1.8287,-0.3,0.0,0.0,
237,1,237,0.9875,0.8411,0.0,0.0,0.0,0.0,0.0,0.0,0.0,0.1051,1.0,0.5659,0.1223,0.8922,0.1269,0.2142,1.8291,-0.3,0.0,0.0,
238,1,238,0.9917,0.8435,0.0,0.0,0.0,0.0,0.0,0.0,0.0,0.1054,1.0,0.5662,0.1223,0.8923,0.1269,0.2142,1.8295,-0.3,0.0,0.0,
239,1,239,0.9958,0.8459,0.0,0.0,0.0,0.0,0.0,0.0,0.0,0.1057,1.0,0.5665,0.1224,0.8924,0.1269,0.2142,1.8299,-0.3,0.0,0.0,
240,2,0,1.0,0.8483,0.0,0.0,0.0,0.0,0.0,0.0,0.0,0.106,1.0,0.5668,0.1224,0.8925,0.1269,0.2142,1.8304,-0.3,0.0,0.0,
241,2,1,1.0042,0.8507,0.0,0.0,0.0,0.0,0.0,0.0,0.0,0.1063,1.0,0.5672,0.1225,0.8927,0.127,0.2142,1.8308,-0.3,0.0,0.0,
242,2,2,1.0083,0.853,0.0,0.0,0.0,0.0,0.0,0.0,0.0,0.1066,1.0,0.5675,0.1225,0.8928,0.127,0.2142,1.8312,-0.3,0.0,0.0,
243,2,3,1.0125,0.8553,0.0,0.0,0.0,0.0,0.0,0.0,0.0,0.1069,1.0,0.5678,0.1225,0.8929,0.127,0.2142,1.8316,-0.3,0.0,0.0,
244,2,4,1.0167,0.8576,0.0,0.0,0.0,0.0,0.0,0.0,0.0,0.1072,1.0,0.5681,0.1226,0.893,0.127,0.2142,1.832,-0.3,0.0,0.0,
245,2,5,1.0208,0.8598,0.0,0.0,0.0,0.0,0.0,0.0,0.0,0.1075,1.0,0.5685,0.1226,0.8931,0.127,0.2143,1.8324,-0.3,0.0,0.0,
246,2,6,1.025,0.8621,0.0,0.0,0.0,0.0,0.0,0.0,0.0,0.1078,1.0,0.5688,0.1227,0.8932,0.127,0.2143,1.8328,-0.3,0.0,0.0,
247,2,7,1.0292,0.8643,0.0,0.0,0.0,0.0,0.0,0.0,0.0,0.108,1.0,0.5691,0.1227,0.8933,0.1271,0.2143,1.8332,-0.3,0.0,0.0,
248,2,8,1.0333,0.8665,0.0,0.0,0.0,0.0,0.0,0.0,0.0,0.1083,1.0,0.5695,0.1228,0.8934,0.1271,0.2143,1.8336,-0.3,0.0,0.0,
249,2,9,1.0375,0.8686,0.0,0.0,0.0,0.0,0.0,0.0,0.0,0.1086,1.0,0.5698,0.1228,0.8935,0.1271,0.2143,1.834,-0.3,0.0,0.0,
250,2,10,1.0417,0.8708,0.0,0.0,0.0,0.0,0.0,0.0,0.0,0.1088,1.0,0.5702,0.1229,0.8936,0.1271,0.2143,1.8344,-0.3,0.0,0.0,
251,2,11,1.0458,0.8729,0.0,0.0,0.0,0.0,0.0,0.0,0.0,0.1091,1.0,0.5705,0.1229,0.8937,0.1271,0.2143,1.8348,-0.3,0.0,0.0,
252,2,12,1.05,0.875,0.0,0.0,0.0,0.0,0.0,0.0,0.0,0.1094,1.0,0.5708,0.123,0.8938,0.1272,0.2143,1.8351,-0.3,0.0,0.0,
253,2,13,1.0542,0.8771,0.0,0.0,0.0,0.0,0.0,0.0,0.0,0.1096,1.0,0.5712,0.123,0.8939,0.1272,0.2143,1.8355,-0.3,0.0,0.0,
254,2,14,1.0583,0.8791,0.0,0.0,0.0,0.0,0.0,0.0,0.0,0.1099,1.0,0.5715,0.1231,0.894,0.1272,0.2143,1.8359,-0.3,0.0,0.0,
255,2,15,1.0625,0.8811,0.0,0.0,0.0,0.0,0.0,0.0,0.0,0.1101,1.0,0.5719,0.1231,0.8941,0.1272,0.2144,1.8363,-0.3,0.0,0.0,
256,2,16,1.0667,0.8831,0.0,0.0,0.0,0.0,0.0,0.0,0.0,0.1104,1.0,0.5722,0.1232,0.8942,0.1272,0.2144,1.8367,-0.3,0.0,0.0,
257,2,17,1.0708,0.8851,0.0,0.0,0.0,0.0,0.0,0.0,0.0,0.1106,1.0,0.5726,0.1232,0.8943,0.1272,0.2144,1.837,-0.3,0.0,0.0,
258,2,18,1.075,0.8871,0.0,0.0,0.0,0.0,0.0,0.0,0.0,0.1109,1.0,0.5729,0.1233,0.8944,0.1273,0.2144,1.8374,-0.3,0.0,0.0,
259,2,19,1.0792,0.889,0.0,0.0,0.0,0.0,0.0,0.0,0.0,0.1111,1.0,0.5733,0.1233,0.8945,0.1273,0.2144,1.8378,-0.3,0.0,0.0,
260,2,20,1.0833,0.8909,0.0,0.0,0.0,0.0,0.0,0.0,0.0,0.1114,1.0,0.5736,0.1234,0.8946,0.1273,0.2144,1.8382,-0.3,0.0,0.0,
261,2,21,1.0875,0.8928,0.0,0.0,0.0,0.0,0.0,0.0,0.0,0.1116,1.0,0.574,0.1234,0.8947,0.1273,0.2144,1.8385,-0.3,0.0,0.0,
262,2,22,1.0917,0.8947,0.0,0.0,0.0,0.0,0.0,0.0,0.0,0.1118,1.0,0.5744,0.1235,0.8948,0.1273,0.2144,1.8389,-0.3,0.0,0.0,
263,2,23,1.0958,0.8965,0.0,0.0,0.0,0.0,0.0,0.0,0.0,0.1121,1.0,0.5747,0.1235,0.8949,0.1274,0.2144,1.8393,-0.3,0.0,0.0,
264,2,24,1.1,0.8984,0.0,0.0,0.0,0.0,0.0,0.0,0.0,0.1123,1.0,0.5751,0.1236,0.895,0.1274,0.2145,1.8396,-0.3,0.0,0.0,
265,2,25,1.1042,0.9002,0.0,0.0,0.0,0.0,0.0,0.0,0.0,0.1125,1.0,0.5754,0.1236,0.8951,0.1274,0.2145,1.84,-0.3,0.0,0.0,
266,2,26,1.1083,0.902,0.0,0.0,0.0,0.0,0.0,0.0,0.0,0.1127,1.0,0.5758,0.1237,0.8951,0.1274,0.2145,1.8403,-0.3,0.0,0.0,
267,2,27,1.1125,0.9037,0.0,0.0,0.0,0.0,0.0,0.0,0.0,0.113,1.0,0.5762,0.1237,0.8952,0.1274,0.2145,1.8407,-0.3,0.0,0.0,
268,2,28,1.1167,0.9055,0.0,0.0,0.0,0.0,0.0,0.0,0.0,0.1132,1.0,0.5765,0.1238,0.8953,0.1275,0.2145,1.841,-0.3,0.0,0.0,
269,2,29,1.1208,0.9072,0.0,0.0,0.0,0.0,0.0,0.0,0.0,0.1134,1.0,0.5769,0.1238,0.8954,0.1275,0.2145,1.8414,-0.3,0.0,0.0,
270,2,30,1.125,0.9089,0.0,0.0,0.0,0.0,0.0,0.0,0.0,0.1136,1.0,0.5772,0.1239,0.8955,0.1275,0.2145,1.8417,-0.3,0.0,0.0,
271,2,31,1.1292,0.9106,0.0,0.0,0.0,0.0,0.0,0.0,0.0,0.1138,1.0,0.5776,0.1239,0.8956,0.1275,0.2145,1.8421,-0.3,0.0,0.0,
272,2,32,1.1333,0.9122,0.0,0.0,0.0,0.0,0.0,0.0,0.0,0.114,1.0,0.578,0.124,0.8956,0.1275,0.2145,1.8424,-0.3,0.0,0.0,
273,2,33,1.1375,0.9138,0.0,0.0,0.0,0.0,0.0,0.0,0.0,0.1142,1.0,0.5783,0.124,0.8957,0.1276,0.2146,1.8428,-0.3,0.0,0.0,
274,2,34,1.1417,0.9155,0.0,0.0,0.0,0.0,0.0,0.0,0.0,0.1144,1.0,0.5787,0.1241,0.8958,0.1276,0.2146,1.8431,-0.3,0.0,0.0,
275,2,35,1.1458,0.9171,0.0,0.0,0.0,0.0,0.0,0.0,0.0,0.1146,1.0,0.5791,0.1242,0.8959,0.1276,0.2146,1.8435,-0.3,0.0,0.0,
276,2,36,1.15,0.9186,0.0,0.0,0.0,0.0,0.0,0.0,0.0,0.1148,1.0,0.5794,0.1242,0.896,0.1276,0.2146,1.8438,-0.3,0.0,0.0,
277,2,37,1.1542,0.9202,0.0,0.0,0.0,0.0,0.0,0.0,0.0,0.115,1.0,0.5798,0.1243,0.896,0.1276,0.2146,1.8441,-0.3,0.0,0.0,
278,2,38,1.1583,0.9217,0.0,0.0,0.0,0.0,0.0,0.0,0.0,0.1152,1.0,0.5802,0.1243,0.8961,0.1277,0.2146,1.8445,-0.3,0.0,0.0,
279,2,39,1.1625,0.9232,0.0,0.0,0.0,0.0,0.0,0.0,0.0,0.1154,1.0,0.5805,0.1244,0.8962,0.1277,0.2146,1.8448,-0.3,0.0,0.0,
280,2,40,1.1667,0.9247,0.0,0.0,0.0,0.0,0.0,0.0,0.0,0.1156,1.0,0.5809,0.1244,0.8963,0.1277,0.2146,1.8451,-0.3,0.0,0.0,
281,2,41,1.1708,0.9262,0.0,0.0,0.0,0.0,0.0,0.0,0.0,0.1158,1.0,0.5813,0.1245,0.8963,0.1277,0.2146,1.8454,-0.3,0.0,0.0,
282,2,42,1.175,0.9277,0.0,0.0,0.0,0.0,0.0,0.0,0.0,0.116,1.0,0.5817,0.1245,0.8964,0.1277,0.2147,1.8458,-0.3,0.0,0.0,
283,2,43,1.1792,0.9291,0.0,0.0,0.0,0.0,0.0,0.0,0.0,0.1161,1.0,0.582,0.1246,0.8965,0.1278,0.2147,1.8461,-0.3,0.0,0.0,
284,2,44,1.1833,0.9305,0.0,0.0,0.0,0.0,0.0,0.0,0.0,0.1163,1.0,0.5824,0.1246,0.8965,0.1278,0.2147,1.8464,-0.3,0.0,0.0,
285,2,45,1.1875,0.9319,0.0,0.0,0.0,0.0,0.0,0.0,0.0,0.1165,1.0,0.5828,0.1247,0.8966,0.1278,0.2147,1.8467,-0.3,0.0,0.0,
286,2,46,1.1917,0.9333,0.0,0.0,0.0,0.0,0.0,0.0,0.0,0.1167,1.0,0.5831,0.1247,0.8967,0.1278,0.2147,1.847,-0.3,0.0,0.0,
287,2,47,1.1958,0.9347,0.0,0.0,0.0,0.0,0.0,0.0,0.0,0.1168,1.0,0.5835,0.1248,0.8968,0.1279,0.2147,1.8474,-0.3,0.0,0.0,
288,2,48,1.2,0.936,0.0,0.0,0.0,0.0,0.0,0.0,0.0,0.117,1.0,0.5839,0.1248,0.8968,0.1279,0.2147,1.8477,-0.3,0.0,0.0,
289,2,49,1.2042,0.9373,0.0,0.0,0.0,0.0,0.0,0.0,0.0,0.1172,1.0,0.5843,0.1249,0.8969,0.1279,0.2147,1.848,-0.3,0.0,0.0,
290,2,50,1.2083,0.9386,0.0,0.0,0.0,0.0,0.0,0.0,0.0,0.1173,1.0,0.5846,0.1249,0.8969,0.1279,0.2147,1.8483,-0.3,0.0,0.0,
291,2,51,1.2125,0.9399,0.0,0.0,0.0,0.0,0.0,0.0,0.0,0.1175,1.0,0.585,0.125,0.897,0.1279,0.2148,1.8486,-0.3,0.0,0.0,
292,2,52,1.2167,0.9412,0.0,0.0,0.0,0.0,0.0,0.0,0.0,0.1176,1.0,0.5854,0.1251,0.8971,0.128,0.2148,1.8489,-0.3,0.0,0.0,
293,2,53,1.2208,0.9424,0.0,0.0,0.0,0.0,0.0,0.0,0.0,0.1178,1.0,0.5857,0.1251,0.8971,0.128,0.2148,1.8492,-0.3,0.0,0.0,
294,2,54,1.225,0.9437,0.0,0.0,0.0,0.0,0.0,0.0,0.0,0.118,1.0,0.5861,0.1252,0.8972,0.128,0.2148,1.8495,-0.3,0.0,0.0,
295,2,55,1.2292,0.9449,0.0,0.0,0.0,0.0,0.0,0.0,0.0,0.1181,1.0,0.5865,0.1252,0.8973,0.128,0.2148,1.8498,-0.3,0.0,0.0,
296,2,56,1.2333,0.9461,0.0,0.0,0.0,0.0,0.0,0.0,0.0,0.1183,1.0,0.5869,0.1253,0.8973,0.1281,0.2148,1.8501,-0.3,0.0,0.0,
297,2,57,1.2375,0.9473,0.0,0.0,0.0,0.0,0.0,0.0,0.0,0.1184,1.0,0.5872,0.1253,0.8974,0.1281,0.2148,1.8504,-0.3,0.0,0.0,
298,2,58,1.2417,0.9484,0.0,0.0,0.0,0.0,0.0,0.0,0.0,0.1186,1.0,0.5876,0.1254,0.8974,0.1281,0.2148,1.8507,-0.3,0.0,0.0,
299,2,59,1.2458,0.9496,0.0,0.0,0.0,0.0,0.0,0.0,0.0,0.1187,1.0,0.588,0.1254,0.8975,0.1281,0.2148,1.851,-0.3,0.0,0.0,
300,2,60,1.25,0.9507,0.0,0.0,0.0,0.0,0.0,0.0,0.0,0.1188,1.0,0.5883,0.1255,0.8975,0.1281,0.2149,1.8513,-0.3,0.0,0.0,
301,2,61,1.2542,0.9518,0.0,0.0,0.0,0.0,0.0,0.0,0.0,0.119,1.0,0.5887,0.1255,0.8976,0.1282,0.2149,1.8515,-0.3,0.0,0.0,
302,2,62,1.2583,0.9529,0.0,0.0,0.0,0.0,0.0,0.0,0.0,0.1191,1.0,0.5891,0.1256,0.8977,0.1282,0.2149,1.8518,-0.3,0.0,0.0,
303,2,63,1.2625,0.954,0.0,0.0,0.0,0.0,0.0,0.0,0.0,0.1192,1.0,0.5895,0.1256,0.8977,0.1282,0.2149,1.8521,-0.3,0.0,0.0,
304,2,64,1.2667,0.9551,0.0,0.0,0.0,0.0,0.0,0.0,0.0,0.1194,1.0,0.5898,0.1257,0.8978,0.1282,0.2149,1.8524,-0.3,0.0,0.0,
305,2,65,1.2708,0.9561,0.0,0.0,0.0,0.0,0.0,0.0,0.0,0.1195,1.0,0.5902,0.1257,0.8978,0.1283,0.2149,1.8527,-0.3,0.0,0.0,
306,2,66,1.275,0.9571,0.0,0.0,0.0,0.0,0.0,0.0,0.0,0.1196,1.0,0.5906,0.1258,0.8979,0.1283,0.2149,1.8529,-0.3,0.0,0.0,
307,2,67,1.2792,0.9581,0.0,0.0,0.0,0.0,0.0,0.0,0.0,0.1198,1.0,0.5909,0.1258,0.8979,0.1283,0.2149,1.8532,-0.3,0.0,0.0,
308,2,68,1.2833,0.9591,0.0,0.0,0.0,0.0,0.0,0.0,0.0,0.1199,1.0,0.5913,0.1259,0.898,0.1283,0.215,1.8535,-0.3,0.0,0.0,
309,2,69,1.2875,0.9601,0.0,0.0,0.0,0.0,0.0,0.0,0.0,0.12,1.0,0.5917,0.126,0.898,0.1284,0.215,1.8538,-0.3,0.0,0.0,
310,2,70,1.2917,0.9611,0.0,0.0,0.0,0.0,0.0,0.0,0.0,0.1201,1.0,0.592,0.126,0.8981,0.1284,0.215,1.854,-0.3,0.0,0.0,
311,2,71,1.2958,0.962,0.0,0.0,0.0,0.0,0.0,0.0,0.0,0.1203,1.0,0.5924,0.1261,0.8981,0.1284,0.215,1.8543,-0.3,0.0,0.0,
312,2,72,1.3,0.963,0.0,0.0,0.0,0.0,0.0,0.0,0.0,0.1204,1.0,0.5928,0.1261,0.8982,0.1284,0.215,1.8546,-0.3,0.0,0.0,
313,2,73,1.3042,0.9639,0.0,0.0,0.0,0.0,0.0,0.0,0.0,0.1205,1.0,0.5931,0.1262,0.8982,0.1285,0.215,1.8548,-0.3,0.0,0.0,
314,2,74,1.3083,0.9648,0.0,0.0,0.0,0.0,0.0,0.0,0.0,0.1206,1.0,0.5935,0.1262,0.8982,0.1285,0.215,1.8551,-0.3,0.0,0.0,
315,2,75,1.3125,0.9657,0.0,0.0,0.0,0.0,0.0,0.0,0.0,0.1207,1.0,0.5938,0.1263,0.8983,0.1285,0.215,1.8554,-0.3,0.0,0.0,
316,2,76,1.3167,0.9665,0.0,0.0,0.0,0.0,0.0,0.0,0.0,0.1208,1.0,0.5942,0.1263,0.8983,0.1285,0.2151,1.8556,-0.3,0.0,0.0,
317,2,77,1.3208,0.9674,0.0,0.0,0.0,0.0,0.0,0.0,0.0,0.1209,1.0,0.5946,0.1264,0.8984,0.1286,0.2151,1.8559,-0.3,0.0,0.0,
318,2,78,1.325,0.9682,0.0,0.0,0.0,0.0,0.0,0.0,0.0,0.121,1.0,0.5949,0.1264,0.8984,0.1286,0.2151,1.8561,-0.3,0.0,0.0,
319,2,79,1.3292,0.9691,0.0,0.0,0.0,0.0,0.0,0.0,0.0,0.1211,1.0,0.5953,0.1265,0.8985,0.1286,0.2151,1.8564,-0.3,0.0,0.0,
320,2,80,1.3333,0.9699,0.0,0.0,0.0,0.0,0.0,0.0,0.0,0.1212,1.0,0.5956,0.1265,0.8985,0.1286,0.2151,1.8566,-0.3,0.0,0.0,
321,2,81,1.3375,0.9707,0.0,0.0,0.0,0.0,0.0,0.0,0.0,0.1213,1.0,0.596,0.1266,0.8985,0.1287,0.2151,1.8569,-0.3,0.0,0.0,
322,2,82,1.3417,0.9715,0.0,0.0,0.0,0.0,0.0,0.0,0.0,0.1214,1.0,0.5964,0.1266,0.8986,0.1287,0.2151,1.8571,-0.3,0.0,0.0,
323,2,83,1.3458,0.9722,0.0,0.0,0.0,0.0,0.0,0.0,0.0,0.1215,1.0,0.5967,0.1267,0.8986,0.1287,0.2151,1.8574,-0.3,0.0,0.0,
324,2,84,1.35,0.973,0.0,0.0,0.0,0.0,0.0,0.0,0.0,0.1216,1.0,0.5971,0.1267,0.8987,0.1287,0.2152,1.8576,-0.3,0.0,0.0,
325,2,85,1.3542,0.9737,0.0,0.0,0.0,0.0,0.0,0.0,0.0,0.1217,1.0,0.5974,0.1268,0.8987,0.1288,0.2152,1.8579,-0.3,0.0,0.0,
326,2,86,1.3583,0.9745,0.0,0.0,0.0,0.0,0.0,0.0,0.0,0.1218,1.0,0.5978,0.1268,0.8987,0.1288,0.2152,1.8581,-0.3,0.0,0.0,
327,2,87,1.3625,0.9752,0.0,0.0,0.0,0.0,0.0,0.0,0.0,0.1219,1.0,0.5981,0.1269,0.8988,0.1288,0.2152,1.8583,-0.3,0.0,0.0,
328,2,88,1.3667,0.9759,0.0,0.0,0.0,0.0,0.0,0.0,0.0,0.122,1.0,0.5985,0.1269,0.8988,0.1288,0.2152,1.8586,-0.3,0.0,0.0,
329,2,89,1.3708,0.9766,0.0,0.0,0.0,0.0,0.0,0.0,0.0,0.1221,1.0,0.5988,0.127,0.8988,0.1289,0.2152,1.8588,-0.3,0.0,0.0,
330,2,90,1.375,0.9773,0.0,0.0,0.0,0.0,0.0,0.0,0.0,0.1222,1.0,0.5992,0.127,0.8989,0.1289,0.2152,1.859,-0.3,0.0,0.0,
331,2,91,1.3792,0.9779,0.0,0.0,0.0,0.0,0.0,0.0,0.0,0.1222,1.0,0.5995,0.1271,0.8989,0.1289,0.2153,1.8593,-0.3,0.0,0.0,
332,2,92,1.3833,0.9786,0.0,0.0,0.0,0.0,0.0,0.0,0.0,0.1223,1.0,0.5998,0.1271,0.8989,0.1289,0.2153,1.8595,-0.3,0.0,0.0,
333,2,93,1.3875,0.9792,0.0,0.0,0.0,0.0,0.0,0.0,0.0,0.1224,1.0,0.6002,0.1272,0.899,0.129,0.2153,1.8597,-0.3,0.0,0.0,
334,2,94,1.3917,0.9798,0.0,0.0,0.0,0.0,0.0,0.0,0.0,0.1225,1.0,0.6005,0.1272,0.899,0.129,0.2153,1.86,-0.3,0.0,0.0,
335,2,95,1.3958,0.9804,0.0,0.0,0.0,0.0,0.0,0.0,0.0,0.1226,1.0,0.6009,0.1273,0.899,0.129,0.2153,1.8602,-0.3,0.0,0.0,
336,2,96,1.4,0.981,0.0,0.0,0.0,0.0,0.0,0.0,0.0,0.1226,1.0,0.6012,0.1273,0.8991,0.129,0.2153,1.8604,-0.3,0.0,0.0,
337,2,97,1.4042,0.9816,0.0,0.0,0.0,0.0,0.0,0.0,0.0,0.1227,1.0,0.6015,0.1274,0.8991,0.1291,0.2153,1.8606,-0.3,0.0,0.0,
338,2,98,1.4083,0.9822,0.0,0.0,0.0,0.0,0.0,0.0,0.0,0.1228,1.0,0.6019,0.1274,0.8991,0.1291,0.2153,1.8609,-0.3,0.0,0.0,
339,2,99,1.4125,0.9828,0.0,0.0,0.0,0.0,0.0,0.0,0.0,0.1228,1.0,0.6022,0.1275,0.8991,0.1291,0.2154,1.8611,-0.3,0.0,0.0,
340,2,100,1.4167,0.9833,0.0,0.0,0.0,0.0,0.0,0.0,0.0,0.1229,1.0,0.6025,0.1275,0.8992,0.1291,0.2154,1.8613,-0.3,0.0,0.0,
341,2,101,1.4208,0.9838,0.0,0.0,0.0,0.0,0.0,0.0,0.0,0.123,1.0,0.6028,0.1275,0.8992,0.1292,0.2154,1.8615,-0.3,0.0,0.0,
342,2,102,1.425,0.9844,0.0,0.0,0.0,0.0,0.0,0.0,0.0,0.123,1.0,0.6032,0.1276,0.8992,0.1292,0.2154,1.8617,-0.3,0.0,0.0,
343,2,103,1.4292,0.9849,0.0,0.0,0.0,0.0,0.0,0.0,0.0,0.1231,1.0,0.6035,0.1276,0.8992,0.1292,0.2154,1.8619,-0.3,0.0,0.0,
344,2,104,1.4333,0.9854,0.0,0.0,0.0,0.0,0.0,0.0,0.0,0.1232,1.0,0.6038,0.1277,0.8993,0.1293,0.2154,1.8621,-0.3,0.0,0.0,
345,2,105,1.4375,0.9859,0.0,0.0,0.0,0.0,0.0,0.0,0.0,0.1232,1.0,0.6041,0.1277,0.8993,0.1293,0.2154,1.8623,-0.3,0.0,0.0,
346,2,106,1.4417,0.9864,0.0,0.0,0.0,0.0,0.0,0.0,0.0,0.1233,1.0,0.6044,0.1278,0.8993,0.1293,0.2155,1.8626,-0.3,0.0,0.0,
347,2,107,1.4458,0.9868,0.0,0.0,0.0,0.0,0.0,0.0,0.0,0.1234,1.0,0.6048,0.1278,0.8993,0.1293,0.2155,1.8628,-0.3,0.0,0.0,
348,2,108,1.45,0.9873,0.0,0.0,0.0,0.0,0.0,0.0,0.0,0.1234,1.0,0.6051,0.1279,0.8994,0.1294,0.2155,1.863,-0.3,0.0,0.0,
349,2,109,1.4542,0.9877,0.0,0.0,0.0,0.0,0.0,0.0,0.0,0.1235,1.0,0.6054,0.1279,0.8994,0.1294,0.2155,1.8632,-0.3,0.0,0.0,
350,2,110,1.4583,0.9882,0.0,0.0,0.0,0.0,0.0,0.0,0.0,0.1235,1.0,0.6057,0.128,0.8994,0.1294,0.2155,1.8634,-0.3,0.0,0.0,
351,2,111,1.4625,0.9886,0.0,0.0,0.0,0.0,0.0,0.0,0.0,0.1236,1.0,0.606,0.128,0.8994,0.1294,0.2155,1.8636,-0.3,0.0,0.0,
352,2,112,1.4667,0.989,0.0,0.0,0.0,0.0,0.0,0.0,0.0,0.1236,1.0,0.6063,0.128,0.8995,0.1295,0.2155,1.8638,-0.3,0.0,0.0,
353,2,113,1.4708,0.9894,0.0,0.0,0.0,0.0,0.0,0.0,0.0,0.1237,1.0,0.6066,0.1281,0.8995,0.1295,0.2156,1.864,-0.3,0.0,0.0,
354,2,114,1.475,0.9898,0.0,0.0,0.0,0.0,0.0,0.0,0.0,0.1237,1.0,0.6069,0.1281,0.8995,0.1295,0.2156,1.8641,-0.3,0.0,0.0,
355,2,115,1.4792,0.9902,0.0,0.0,0.0,0.0,0.0,0.0,0.0,0.1238,1.0,0.6072,0.1282,0.8995,0.1296,0.2156,1.8643,-0.3,0.0,0.0,
356,2,116,1.4833,0.9906,0.0,0.0,0.0,0.0,0.0,0.0,0.0,0.1238,1.0,0.6075,0.1282,0.8995,0.1296,0.2156,1.8645,-0.3,0.0,0.0,
357,2,117,1.4875,0.991,0.0,0.0,0.0,0.0,0.0,0.0,0.0,0.1239,1.0,0.6078,0.1283,0.8995,0.1296,0.2156,1.8647,-0.3,0.0,0.0,
358,2,118,1.4917,0.9913,0.0,0.0,0.0,0.0,0.0,0.0,0.0,0.1239,1.0,0.6081,0.1283,0.8996,0.1296,0.2156,1.8649,-0.3,0.0,0.0,
359,2,119,1.4958,0.9917,0.0,0.0,0.0,0.0,0.0,0.0,0.0,0.124,1.0,0.6084,0.1283,0.8996,0.1297,0.2156,1.8651,-0.3,0.0,0.0,
360,2,120,1.5,0.992,0.0,0.0,0.0,0.0,0.0,0.0,0.0,0.124,1.0,0.6086,0.1284,0.8996,0.1297,0.2156,1.8653,-0.3,0.0,0.0,
361,2,121,1.5042,0.9923,0.0,0.0,0.0,0.0,0.0,0.0,0.0,0.124,1.0,0.6089,0.1284,0.8996,0.1297,0.2157,1.8655,-0.3,0.0,0.0,
362,2,122,1.5083,0.9926,0.0,0.0,0.0,0.0,0.0,0.0,0.0,0.1241,1.0,0.6092,0.1285,0.8996,0.1298,0.2157,1.8656,-0.3,0.0,0.0,
363,2,123,1.5125,0.993,0.0,0.0,0.0,0.0,0.0,0.0,0.0,0.1241,1.0,0.6095,0.1285,0.8996,0.1298,0.2157,1.8658,-0.3,0.0,0.0,
364,2,124,1.5167,0.9933,0.0,0.0,0.0,0.0,0.0,0.0,0.0,0.1242,1.0,0.6098,0.1285,0.8997,0.1298,0.2157,1.866,-0.3,0.0,0.0,
365,2,125,1.5208,0.9936,0.0,0.0,0.0,0.0,0.0,0.0,0.0,0.1242,1.0,0.61,0.1286,0.8997,0.1299,0.2157,1.8662,-0.3,0.0,0.0,
366,2,126,1.525,0.9938,0.0,0.0,0.0,0.0,0.0,0.0,0.0,0.1242,1.0,0.6103,0.1286,0.8997,0.1299,0.2157,1.8664,-0.3,0.0,0.0,
367,2,127,1.5292,0.9941,0.0,0.0,0.0,0.0,0.0,0.0,0.0,0.1243,1.0,0.6106,0.1287,0.8997,0.1299,0.2157,1.8665,-0.3,0.0,0.0,
368,2,128,1.5333,0.9944,0.0,0.0,0.0,0.0,0.0,0.0,0.0,0.1243,1.0,0.6108,0.1287,0.8997,0.1299,0.2158,1.8667,-0.3,0.0,0.0,
369,2,129,1.5375,0.9946,0.0,0.0,0.0,0.0,0.0,0.0,0.0,0.1243,1.0,0.6111,0.1287,0.8997,0.13,0.2158,1.8669,-0.3,0.0,0.0,
370,2,130,1.5417,0.9949,0.0,0.0,0.0,0.0,0.0,0.0,0.0,0.1244,1.0,0.6113,0.1288,0.8997,0.13,0.2158,1.867,-0.3,0.0,0.0,
371,2,131,1.5458,0.9951,0.0,0.0,0.0,0.0,0.0,0.0,0.0,0.1244,1.0,0.6116,0.1288,0.8998,0.13,0.2158,1.8672,-0.3,0.0,0.0,
372,2,132,1.55,0.9954,0.0,0.0,0.0,0.0,0.0,0.0,0.0,0.1244,1.0,0.6118,0.1288,0.8998,0.1301,0.2158,1.8674,-0.3,0.0,0.0,
373,2,133,1.5542,0.9956,0.0,0.0,0.0,0.0,0.0,0.0,0.0,0.1244,1.0,0.6121,0.1289,0.8998,0.1301,0.2158,1.8675,-0.3,0.0,0.0,
374,2,134,1.5583,0.9958,0.0,0.0,0.0,0.0,0.0,0.0,0.0,0.1245,1.0,0.6123,0.1289,0.8998,0.1301,0.2159,1.8677,-0.3,0.0,0.0,
375,2,135,1.5625,0.996,0.0,0.0,0.0,0.0,0.0,0.0,0.0,0.1245,1.0,0.6126,0.1289,0.8998,0.1302,0.2159,1.8679,-0.3,0.0,0.0,
376,2,136,1.5667,0.9962,0.0,0.0,0.0,0.0,0.0,0.0,0.0,0.1245,1.0,0.6128,0.129,0.8998,0.1302,0.2159,1.868,-0.3,0.0,0.0,
377,2,137,1.5708,0.9964,0.0,0.0,0.0,0.0,0.0,0.0,0.0,0.1246,1.0,0.6131,0.129,0.8998,0.1302,0.2159,1.8682,-0.3,0.0,0.0,
378,2,138,1.575,0.9966,0.0,0.0,0.0,0.0,0.0,0.0,0.0,0.1246,1.0,0.6133,0.129,0.8998,0.1302,0.2159,1.8683,-0.3,0.0,0.0,
379,2,139,1.5792,0.9968,0.0,0.0,0.0,0.0,0.0,0.0,0.0,0.1246,1.0,0.6135,0.1291,0.8998,0.1303,0.2159,1.8685,-0.3,0.0,0.0,
380,2,140,1.5833,0.997,0.0,0.0,0.0,0.0,0.0,0.0,0.0,0.1246,1.0,0.6137,0.1291,0.8998,0.1303,0.2159,1.8687,-0.3,0.0,0.0,
381,2,141,1.5875,0.9972,0.0,0.0,0.0,0.0,0.0,0.0,0.0,0.1246,1.0,0.614,0.1291,0.8999,0.1303,0.216,1.8688,-0.3,0.0,0.0,
382,2,142,1.5917,0.9973,0.0,0.0,0.0,0.0,0.0,0.0,0.0,0.1247,1.0,0.6142,0.1292,0.8999,0.1304,0.216,1.869,-0.3,0.0,0.0,
383,2,143,1.5958,0.9975,0.0,0.0,0.0,0.0,0.0,0.0,0.0,0.1247,1.0,0.6144,0.1292,0.8999,0.1304,0.216,1.8691,-0.3,0.0,0.0,
384,2,144,1.6,0.9976,0.0,0.0,0.0,0.0,0.0,0.0,0.0,0.1247,1.0,0.6146,0.1292,0.8999,0.1304,0.216,1.8693,-0.3,0.0,0.0,
385,2,145,1.6042,0.9978,0.0,0.0,0.0,0.0,0.0,0.0,0.0,0.1247,1.0,0.6148,0.1293,0.8999,0.1305,0.216,1.8694,-0.3,0.0,0.0,
386,2,146,1.6083,0.9979,0.0,0.0,0.0,0.0,0.0,0.0,0.0,0.1247,1.0,0.615,0.1293,0.8999,0.1305,0.216,1.8696,-0.3,0.0,0.0,
387,2,147,1.6125,0.998,0.0,0.0,0.0,0.0,0.0,0.0,0.0,0.1248,1.0,0.6152,0.1293,0.8999,0.1305,0.216,1.8697,-0.3,0.0,0.0,
388,2,148,1.6167,0.9982,0.0,0.0,0.0,0.0,0.0,0.0,0.0,0.1248,1.0,0.6154,0.1293,0.8999,0.1306,0.2161,1.8699,-0.3,0.0,0.0,
389,2,149,1.6208,0.9983,0.0,0.0,0.0,0.0,0.0,0.0,0.0,0.1248,1.0,0.6156,0.1294,0.8999,0.1306,0.2161,1.87,-0.3,0.0,0.0,
390,2,150,1.625,0.9984,0.0,0.0,0.0,0.0,0.0,0.0,0.0,0.1248,1.0,0.6158,0.1294,0.8999,0.1306,0.2161,1.8701,-0.3,0.0,0.0,
391,2,151,1.6292,0.9985,0.0,0.0,0.0,0.0,0.0,0.0,0.0,0.1248,1.0,0.616,0.1294,0.8999,0.1307,0.2161,1.8703,-0.3,0.0,0.0,
392,2,152,1.6333,0.9986,0.0,0.0,0.0,0.0,0.0,0.0,0.0,0.1248,1.0,0.6162,0.1295,0.8999,0.1307,0.2161,1.8704,-0.3,0.0,0.0,
393,2,153,1.6375,0.9987,0.0,0.0,0.0,0.0,0.0,0.0,0.0,0.1248,1.0,0.6164,0.1295,0.8999,0.1307,0.2161,1.8706,-0.3,0.0,0.0,
394,2,154,1.6417,0.9988,0.0,0.0,0.0,0.0,0.0,0.0,0.0,0.1249,1.0,0.6165,0.1295,0.8999,0.1308,0.2162,1.8707,-0.3,0.0,0.0,
395,2,155,1.6458,0.9989,0.0,0.0,0.0,0.0,0.0,0.0,0.0,0.1249,1.0,0.6167,0.1295,0.8999,0.1308,0.2162,1.8708,-0.3,0.0,0.0,
396,2,156,1.65,0.999,0.0,0.0,0.0,0.0,0.0,0.0,0.0,0.1249,1.0,0.6169,0.1296,0.9,0.1308,0.2162,1.871,-0.3,0.0,0.0,
397,2,157,1.6542,0.9991,0.0,0.0,0.0,0.0,0.0,0.0,0.0,0.1249,1.0,0.617,0.1296,0.9,0.1309,0.2162,1.8711,-0.3,0.0,0.0,
398,2,158,1.6583,0.9992,0.0,0.0,0.0,0.0,0.0,0.0,0.0,0.1249,1.0,0.6172,0.1296,0.9,0.1309,0.2162,1.8712,-0.3,0.0,0.0,
399,2,159,1.6625,0.9992,0.0,0.0,0.0,0.0,0.0,0.0,0.0,0.1249,1.0,0.6173,0.1296,0.9,0.1309,0.2162,1.8714,-0.3,0.0,0.0,
400,2,160,1.6667,0.9993,0.0,0.0,0.0,0.0,0.0,0.0,0.0,0.1249,1.0,0.6175,0.1296,0.9,0.131,0.2162,1.8715,-0.3,0.0,0.0,
401,2,161,1.6708,0.9994,0.0,0.0,0.0,0.0,0.0,0.0,0.0,0.1249,1.0,0.6176,0.1297,0.9,0.131,0.2163,1.8716,-0.3,0.0,0.0,
402,2,162,1.675,0.9994,0.0,0.0,0.0,0.0,0.0,0.0,0.0,0.1249,1.0,0.6178,0.1297,0.9,0.131,0.2163,1.8717,-0.3,0.0,0.0,
403,2,163,1.6792,0.9995,0.0,0.0,0.0,0.0,0.0,0.0,0.0,0.1249,1.0,0.6179,0.1297,0.9,0.1311,0.2163,1.8719,-0.3,0.0,0.0,
404,2,164,1.6833,0.9995,0.0,0.0,0.0,0.0,0.0,0.0,0.0,0.1249,1.0,0.6181,0.1297,0.9,0.1311,0.2163,1.872,-0.3,0.0,0.0,
405,2,165,1.6875,0.9996,0.0,0.0,0.0,0.0,0.0,0.0,0.0,0.1249,1.0,0.6182,0.1297,0.9,0.1311,0.2163,1.8721,-0.3,0.0,0.0,
406,2,166,1.6917,0.9996,0.0,0.0,0.0,0.0,0.0,0.0,0.0,0.125,1.0,0.6183,0.1298,0.9,0.1312,0.2163,1.8722,-0.3,0.0,0.0,
407,2,167,1.6958,0.9997,0.0,0.0,0.0,0.0,0.0,0.0,0.0,0.125,1.0,0.6184,0.1298,0.9,0.1312,0.2164,1.8723,-0.3,0.0,0.0,
408,2,168,1.7,0.9997,0.0,0.0,0.0,0.0,0.0,0.0,0.0,0.125,1.0,0.6186,0.1298,0.9,0.1312,0.2164,1.8725,-0.3,0.0,0.0,
409,2,169,1.7042,0.9997,0.0,0.0,0.0,0.0,0.0,0.0,0.0,0.125,1.0,0.6187,0.1298,0.9,0.1313,0.2164,1.8726,-0.3,0.0,0.0,
410,2,170,1.7083,0.9998,0.0,0.0,0.0,0.0,0.0,0.0,0.0,0.125,1.0,0.6188,0.1298,0.9,0.1313,0.2164,1.8727,-0.3,0.0,0.0,
411,2,171,1.7125,0.9998,0.0,0.0,0.0,0.0,0.0,0.0,0.0,0.125,1.0,0.6189,0.1298,0.9,0.1313,0.2164,1.8728,-0.3,0.0,0.0,
412,2,172,1.7167,0.9998,0.0,0.0,0.0,0.0,0.0,0.0,0.0,0.125,1.0,0.619,0.1299,0.9,0.1314,0.2164,1.8729,-0.3,0.0,0.0,
413,2,173,1.7208,0.9999,0.0,0.0,0.0,0.0,0.0,0.0,0.0,0.125,1.0,0.6191,0.1299,0.9,0.1314,0.2164,1.873,-0.3,0.0,0.0,
414,2,174,1.725,0.9999,0.0,0.0,0.0,0.0,0.0,0.0,0.0,0.125,1.0,0.6192,0.1299,0.9,0.1314,0.2165,1.8731,-0.3,0.0,0.0,
415,2,175,1.7292,0.9999,0.0,0.0,0.0,0.0,0.0,0.0,0.0,0.125,1.0,0.6193,0.1299,0.9,0.1315,0.2165,1.8733,-0.3,0.0,0.0,
416,2,176,1.7333,0.9999,0.0,0.0,0.0,0.0,0.0,0.0,0.0,0.125,1.0,0.6193,0.1299,0.9,0.1315,0.2165,1.8734,-0.3,0.0,0.0,
417,2,177,1.7375,0.9999,0.0,0.0,0.0,0.0,0.0,0.0,0.0,0.125,1.0,0.6194,0.1299,0.9,0.1315,0.2165,1.8735,-0.3,0.0,0.0,
418,2,178,1.7417,0.9999,0.0,0.0,0.0,0.0,0.0,0.0,0.0,0.125,1.0,0.6195,0.1299,0.9,0.1316,0.2165,1.8736,-0.3,0.0,0.0,
419,2,179,1.7458,1.0,0.0,0.0,0.0,0.0,0.0,0.0,0.0,0.125,1.0,0.6196,0.1299,0.9,0.1316,0.2165,1.8737,-0.3,0.0,0.0,
420,2,180,1.75,1.0,0.0,0.0,0.0,0.0,0.0,0.0,0.0,0.125,1.0,0.6196,0.1299,0.9,0.1316,0.2166,1.8738,-0.3,0.0,0.0,
421,2,181,1.7542,1.0,0.0,0.0,0.0,0.0,0.0,0.0,0.0,0.125,1.0,0.6197,0.13,0.9,0.1317,0.2166,1.8739,-0.3,0.0,0.0,
422,2,182,1.7583,1.0,0.0,0.0,0.0,0.0,0.0,0.0,0.0,0.125,1.0,0.6197,0.13,0.9,0.1317,0.2166,1.874,-0.3,0.0,0.0,
423,2,183,1.7625,1.0,0.0,0.0,0.0,0.0,0.0,0.0,0.0,0.125,1.0,0.6198,0.13,0.9,0.1317,0.2166,1.8741,-0.3,0.0,0.0,
424,2,184,1.7667,1.0,0.0,0.0,0.0,0.0,0.0,0.0,0.0,0.125,1.0,0.6198,0.13,0.9,0.1318,0.2166,1.8742,-0.3,0.0,0.0,
425,2,185,1.7708,1.0,0.0,0.0,0.0,0.0,0.0,0.0,0.0,0.125,1.0,0.6199,0.13,0.9,0.1318,0.2166,1.8743,-0.3,0.0,0.0,
426,2,186,1.775,1.0,0.0,0.0,0.0,0.0,0.0,0.0,0.0,0.125,1.0,0.6199,0.13,0.9,0.1319,0.2167,1.8744,-0.3,0.0,0.0,
427,2,187,1.7792,1.0,0.0,0.0,0.0,0.0,0.0,0.0,0.0,0.125,1.0,0.6199,0.13,0.9,0.1319,0.2167,1.8745,-0.3,0.0,0.0,
428,2,188,1.7833,1.0,0.0,0.0,0.0,0.0,0.0,0.0,0.0,0.125,1.0,0.62,0.13,0.9,0.1319,0.2167,1.8746,-0.3,0.0,0.0,
429,2,189,1.7875,1.0,0.0,0.0,0.0,0.0,0.0,0.0,0.0,0.125,1.0,0.62,0.13,0.9,0.132,0.2167,1.8747,-0.3,0.0,0.0,
430,2,190,1.7917,1.0,0.0,0.0,0.0,0.0,0.0,0.0,0.0,0.125,1.0,0.62,0.13,0.9,0.132,0.2167,1.8748,-0.3,0.0,0.0,
431,2,191,1.7958,1.0,0.0,0.0,0.0,0.0,0.0,0.0,0.0,0.125,1.0,0.62,0.13,0.9,0.132,0.2167,1.8749,-0.3,0.0,0.0,
432,2,192,1.8,1.0,0.0,0.0,0.0,0.0,0.0,0.0,0.0,0.125,1.0,0.62,0.13,0.9,0.1321,0.2168,1.875,-0.3,0.0,0.0,
433,2,193,1.8042,1.0,0.0,0.0,0.0,0.0,0.0,0.0,0.0,0.125,1.0,0.62,0.13,0.9,0.1321,0.2168,1.875,-0.3,0.0,0.0,
434,2,194,1.8083,1.0,0.0,0.0,0.0,0.0,0.0,0.0,0.0,0.125,1.0,0.62,0.13,0.9,0.1321,0.2168,1.8751,-0.3,0.0,0.0,
435,2,195,1.8125,1.0,0.0,0.0,0.0,0.0,0.0,0.0,0.0,0.125,1.0,0.62,0.13,0.9,0.1322,0.2168,1.8752,-0.3,0.0,0.0,
436,2,196,1.8167,1.0,0.0,0.0,0.0,0.0,0.0,0.0,0.0,0.125,1.0,0.62,0.13,0.9,0.1322,0.2168,1.8753,-0.3,0.0,0.0,
437,2,197,1.8208,1.0,0.0,0.0,0.0,0.0,0.0,0.0,0.0,0.125,1.0,0.62,0.13,0.9,0.1323,0.2168,1.8754,-0.3,0.0,0.0,
438,2,198,1.825,1.0,0.0,0.0,0.0,0.0,0.0,0.0,0.0,0.125,1.0,0.62,0.13,0.9,0.1323,0.2169,1.8755,-0.3,0.0,0.0,
439,2,199,1.8292,1.0,0.0,0.0,0.0,0.0,0.0,0.0,0.0,0.125,1.0,0.62,0.13,0.9,0.1323,0.2169,1.8756,-0.3,0.0,0.0,
440,2,200,1.8333,1.0,0.0,0.0,0.0,0.0,0.0,0.0,0.0,0.125,1.0,0.62,0.13,0.9,0.1324,0.2169,1.8756,-0.3,0.0,0.0,
441,2,201,1.8375,1.0,0.0,0.0,0.0,0.0,0.0,0.0,0.0,0.125,1.0,0.6201,0.13,0.9,0.1324,0.2169,1.8757,-0.3,0.0,0.0,
442,2,202,1.8417,1.0,0.0,0.0,0.0,0.0,0.0,0.0,0.0,0.125,1.0,0.6201,0.1301,0.9,0.1325,0.2169,1.8758,-0.3,0.0,0.0,
443,2,203,1.8458,1.0,0.0,0.0,0.0,0.0,0.0,0.0,0.0,0.125,1.0,0.6201,0.1301,0.9,0.1325,0.2169,1.8759,-0.3,0.0,0.0,
444,2,204,1.85,1.0,0.0,0.0,0.0,0.0,0.0,0.0,0.0,0.125,1.0,0.6201,0.1301,0.9,0.1325,0.217,1.876,-0.3,0.0,0.0,
445,2,205,1.8542,1.0,0.0,0.0,0.0,0.0,0.0,0.0,0.0,0.125,1.0,0.6201,0.1301,0.9,0.1326,0.217,1.876,-0.3,0.0,0.0,
446,2,206,1.8583,1.0,0.0,0.0,0.0,0.0,0.0,0.0,0.0,0.125,1.0,0.6201,0.1301,0.9,0.1326,0.217,1.8761,-0.3,0.0,0.0,
447,2,207,1.8625,1.0,0.0,0.0,0.0,0.0,0.0,0.0,0.0,0.125,1.0,0.6202,0.1301,0.9,0.1326,0.217,1.8762,-0.3,0.0,0.0,
448,2,208,1.8667,1.0,0.0,0.0,0.0,0.0,0.0,0.0,0.0,0.125,1.0,0.6202,0.1301,0.9,0.1327,0.217,1.8763,-0.3,0.0,0.0,
449,2,209,1.8708,1.0,0.0,0.0,0.0,0.0,0.0,0.0,0.0,0.125,1.0,0.6202,0.1302,0.9,0.1327,0.217,1.8763,-0.3,0.0,0.0,
450,2,210,1.875,1.0,0.0,0.0,0.0,0.0,0.0,0.0,0.0,0.125,1.0,0.6202,0.1302,0.9,0.1328,0.2171,1.8764,-0.3,0.0,0.0,
451,2,211,1.8792,1.0,0.0,0.0,0.0,0.0,0.0,0.0,0.0,0.125,1.0,0.6203,0.1302,0.9,0.1328,0.2171,1.8765,-0.3,0.0,0.0,
452,2,212,1.8833,1.0,0.0,0.0,0.0,0.0,0.0,0.0,0.0,0.125,1.0,0.6203,0.1302,0.9,0.1328,0.2171,1.8765,-0.3,0.0,0.0,
453,2,213,1.8875,1.0,0.0,0.0,0.0,0.0,0.0,0.0,0.0,0.125,1.0,0.6203,0.1302,0.9,0.1329,0.2171,1.8766,-0.3,0.0,0.0,
454,2,214,1.8917,1.0,0.0,0.0,0.0,0.0,0.0,0.0,0.0,0.125,1.0,0.6204,0.1302,0.9,0.1329,0.2171,1.8767,-0.3,0.0,0.0,
455,2,215,1.8958,1.0,0.0,0.0,0.0,0.0,0.0,0.0,0.0,0.125,1.0,0.6204,0.1303,0.9,0.133,0.2171,1.8768,-0.3,0.0,0.0,
456,2,216,1.9,1.0,0.0,0.0,0.0,0.0,0.0,0.0,0.0,0.125,1.0,0.6204,0.1303,0.9,0.133,0.2172,1.8768,-0.3,0.0,0.0,
457,2,217,1.9042,1.0,0.0,0.0,0.0,0.0,0.0,0.0,0.0,0.125,1.0,0.6205,0.1303,0.9,0.133,0.2172,1.8769,-0.3,0.0,0.0,
458,2,218,1.9083,1.0,0.0,0.0,0.0,0.0,0.0,0.0,0.0,0.125,1.0,0.6205,0.1303,0.9,0.1331,0.2172,1.877,-0.3,0.0,0.0,
459,2,219,1.9125,1.0,0.0,0.0,0.0,0.0,0.0,0.0,0.0,0.125,1.0,0.6205,0.1304,0.9,0.1331,0.2172,1.877,-0.3,0.0,0.0,
460,2,220,1.9167,1.0,0.0,0.0,0.0,0.0,0.0,0.0,0.0,0.125,1.0,0.6206,0.1304,0.9,0.1332,0.2172,1.8771,-0.3,0.0,0.0,
461,2,221,1.9208,1.0,0.0,0.0,0.0,0.0,0.0,0.0,0.0,0.125,1.0,0.6206,0.1304,0.9,0.1332,0.2173,1.8771,-0.3,0.0,0.0,
462,2,222,1.925,1.0,0.0,0.0,0.0,0.0,0.0,0.0,0.0,0.125,1.0,0.6207,0.1305,0.9,0.1332,0.2173,1.8772,-0.3,0.0,0.0,
463,2,223,1.9292,1.0,0.0,0.0,0.0,0.0,0.0,0.0,0.0,0.125,1.0,0.6207,0.1305,0.9,0.1333,0.2173,1.8773,-0.3,0.0,0.0,
464,2,224,1.9333,1.0,0.0,0.0,0.0,0.0,0.0,0.0,0.0,0.125,1.0,0.6208,0.1305,0.9,0.1333,0.2173,1.8773,-0.3,0.0,0.0,
465,2,225,1.9375,1.0,0.0,0.0,0.0,0.0,0.0,0.0,0.0,0.125,1.0,0.6208,0.1305,0.9,0.1334,0.2173,1.8774,-0.3,0.0,0.0,
466,2,226,1.9417,1.0,0.0,0.0,0.0,0.0,0.0,0.0,0.0,0.125,1.0,0.6209,0.1306,0.9,0.1334,0.2173,1.8774,-0.3,0.0,0.0,
467,2,227,1.9458,1.0,0.0,0.0,0.0,0.0,0.0,0.0,0.0,0.125,1.0,0.6209,0.1306,0.9,0.1334,0.2174,1.8775,-0.3,0.0,0.0,
468,2,228,1.95,1.0,0.0,0.0,0.0,0.0,0.0,0.0,0.0,0.125,1.0,0.621,0.1306,0.9,0.1335,0.2174,1.8776,-0.3,0.0,0.0,
469,2,229,1.9542,1.0,0.0,0.0,0.0,0.0,0.0,0.0,0.0,0.125,1.0,0.621,0.1307,0.9,0.1335,0.2174,1.8776,-0.3,0.0,0.0,
470,2,230,1.9583,1.0,0.0,0.0,0.0,0.0,0.0,0.0,0.0,0.125,1.0,0.6211,0.1307,0.9,0.1336,0.2174,1.8777,-0.3,0.0,0.0,
471,2,231,1.9625,1.0,0.0,0.0,0.0,0.0,0.0,0.0,0.0,0.125,1.0,0.6211,0.1308,0.9,0.1336,0.2174,1.8777,-0.3,0.0,0.0,
472,2,232,1.9667,1.0,0.0,0.0,0.0,0.0,0.0,0.0,0.0,0.125,1.0,0.6212,0.1308,0.9,0.1336,0.2174,1.8778,-0.3,0.0,0.0,
473,2,233,1.9708,1.0,0.0,0.0,0.0,0.0,0.0,0.0,0.0,0.125,1.0,0.6212,0.1308,0.9,0.1337,0.2175,1.8778,-0.3,0.0,0.0,
474,2,234,1.975,1.0,0.0,0.0,0.0,0.0,0.0,0.0,0.0,0.125,1.0,0.6213,0.1309,0.9,0.1337,0.2175,1.8779,-0.3,0.0,0.0,
475,2,235,1.9792,1.0,0.0,0.0,0.0,0.0,0.0,0.0,0.0,0.125,1.0,0.6214,0.1309,0.9,0.1338,0.2175,1.8779,-0.3,0.0,0.0,
476,2,236,1.9833,1.0,0.0,0.0,0.0,0.0,0.0,0.0,0.0,0.125,1.0,0.6214,0.1309,0.9,0.1338,0.2175,1.878,-0.3,0.0,0.0,
477,2,237,1.9875,1.0,0.0,0.0,0.0,0.0,0.0,0.0,0.0,0.125,1.0,0.6215,0.131,0.9,0.1339,0.2175,1.878,-0.3,0.0,0.0,
478,2,238,1.9917,1.0,0.0,0.0,0.0,0.0,0.0,0.0,0.0,0.125,1.0,0.6216,0.131,0.9,0.1339,0.2176,1.8781,-0.3,0.0,0.0,
479,2,239,1.9958,1.0,0.0,0.0,0.0,0.0,0.0,0.0,0.0,0.125,1.0,0.6216,0.1311,0.9,0.1339,0.2176,1.8781,-0.3,0.0,0.0,
480,3,0,2.0,1.0,0.0,0.0,0.0,0.0,0.0,0.0,0.0,0.125,1.0,0.6217,0.1311,0.9,0.134,0.2176,1.8782,-0.3,0.0,0.0,
481,3,1,2.0042,1.0,0.0,0.0,0.0,0.0,0.0,0.0,0.0,0.125,1.0,0.6218,0.1312,0.9,0.134,0.2176,1.8782,-0.3,0.0,0.0,
482,3,2,2.0083,1.0,0.0,0.0,0.0,0.0,0.0,0.0,0.0,0.125,1.0,0.6218,0.1312,0.9,0.1341,0.2176,1.8783,-0.3,0.0,0.0,
483,3,3,2.0125,1.0,0.0,0.0,0.0,0.0,0.0,0.0,0.0,0.125,1.0,0.6219,0.1312,0.9,0.1341,0.2176,1.8783,-0.3,0.0,0.0,
484,3,4,2.0167,1.0,0.0,0.0,0.0,0.0,0.0,0.0,0.0,0.125,1.0,0.622,0.1313,0.9,0.1342,0.2177,1.8783,-0.3,0.0,0.0,
485,3,5,2.0208,1.0,0.0,0.0,0.0,0.0,0.0,0.0,0.0,0.125,1.0,0.622,0.1313,0.9,0.1342,0.2177,1.8784,-0.3,0.0,0.0,
486,3,6,2.025,1.0,0.0,0.0,0.0,0.0,0.0,0.0,0.0,0.125,1.0,0.6221,0.1314,0.9,0.1342,0.2177,1.8784,-0.3,0.0,0.0,
487,3,7,2.0292,1.0,0.0,0.0,0.0,0.0,0.0,0.0,0.0,0.125,1.0,0.6222,0.1314,0.9,0.1343,0.2177,1.8785,-0.3,0.0,0.0,
488,3,8,2.0333,1.0,0.0,0.0,0.0,0.0,0.0,0.0,0.0,0.125,1.0,0.6223,0.1315,0.9,0.1343,0.2177,1.8785,-0.3,0.0,0.0,
489,3,9,2.0375,1.0,0.0,0.0,0.0,0.0,0.0,0.0,0.0,0.125,1.0,0.6224,0.1315,0.9,0.1344,0.2178,1.8785,-0.3,0.0,0.0,
490,3,10,2.0417,1.0,0.0,0.0,0.0,0.0,0.0,0.0,0.0,0.125,1.0,0.6224,0.1316,0.9,0.1344,0.2178,1.8786,-0.3,0.0,0.0,
491,3,11,2.0458,1.0,0.0,0.0,0.0,0.0,0.0,0.0,0.0,0.125,1.0,0.6225,0.1316,0.9,0.1345,0.2178,1.8786,-0.3,0.0,0.0,
492,3,12,2.05,1.0,0.0,0.0,0.0,0.0,0.0,0.0,0.0,0.125,1.0,0.6226,0.1317,0.9,0.1345,0.2178,1.8787,-0.3,0.0,0.0,
493,3,13,2.0542,1.0,0.0,0.0,0.0,0.0,0.0,0.0,0.0,0.125,1.0,0.6227,0.1317,0.9,0.1345,0.2178,1.8787,-0.3,0.0,0.0,
494,3,14,2.0583,1.0,0.0,0.0,0.0,0.0,0.0,0.0,0.0,0.125,1.0,0.6228,0.1318,0.9,0.1346,0.2179,1.8787,-0.3,0.0,0.0,
495,3,15,2.0625,1.0,0.0,0.0,0.0,0.0,0.0,0.0,0.0,0.125,1.0,0.6229,0.1318,0.9,0.1346,0.2179,1.8788,-0.3,0.0,0.0,
496,3,16,2.0667,1.0,0.0,0.0,0.0,0.0,0.0,0.0,0.0,0.125,1.0,0.6229,0.1319,0.9,0.1347,0.2179,1.8788,-0.3,0.0,0.0,
497,3,17,2.0708,1.0,0.0,0.0,0.0,0.0,0.0,0.0,0.0,0.125,1.0,0.623,0.1319,0.9,0.1347,0.2179,1.8788,-0.3,0.0,0.0,
498,3,18,2.075,1.0,0.0,0.0,0.0,0.0,0.0,0.0,0.0,0.125,1.0,0.6231,0.132,0.9,0.1348,0.2179,1.8789,-0.3,0.0,0.0,
499,3,19,2.0792,1.0,0.0,0.0,0.0,0.0,0.0,0.0,0.0,0.125,1.0,0.6232,0.1321,0.9,0.1348,0.2179,1.8789,-0.3,0.0,0.0,
500,3,20,2.0833,1.0,0.0,0.0,0.0,0.0,0.0,0.0,0.0,0.125,1.0,0.6233,0.1321,0.9,0.1349,0.218,1.8789,-0.3,0.0,0.0,
501,3,21,2.0875,1.0,0.0,0.0,0.0,0.0,0.0,0.0,0.0,0.125,1.0,0.6234,0.1322,0.9,0.1349,0.218,1.879,-0.3,0.0,0.0,
502,3,22,2.0917,1.0,0.0,0.0,0.0,0.0,0.0,0.0,0.0,0.125,1.0,0.6235,0.1322,0.9,0.1349,0.218,1.879,-0.3,0.0,0.0,
503,3,23,2.0958,1.0,0.0,0.0,0.0,0.0,0.0,0.0,0.0,0.125,1.0,0.6236,0.1323,0.9,0.135,0.218,1.879,-0.3,0.0,0.0,
504,3,24,2.1,1.0,0.0,0.0,0.0,0.0,0.0,0.0,0.0,0.125,1.0,0.6237,0.1323,0.9,0.135,0.218,1.8791,-0.3,0.0,0.0,
505,3,25,2.1042,1.0,0.0,0.0,0.0,0.0,0.0,0.0,0.0,0.125,1.0,0.6238,0.1324,0.9,0.1351,0.2181,1.8791,-0.3,0.0,0.0,
506,3,26,2.1083,1.0,0.0,0.0,0.0,0.0,0.0,0.0,0.0,0.125,1.0,0.6239,0.1325,0.9,0.1351,0.2181,1.8791,-0.3,0.0,0.0,
507,3,27,2.1125,1.0,0.0,0.0,0.0,0.0,0.0,0.0,0.0,0.125,1.0,0.624,0.1325,0.9,0.1352,0.2181,1.8791,-0.3,0.0,0.0,
508,3,28,2.1167,1.0,0.0,0.0,0.0,0.0,0.0,0.0,0.0,0.125,1.0,0.6241,0.1326,0.9,0.1352,0.2181,1.8792,-0.3,0.0,0.0,
509,3,29,2.1208,1.0,0.0,0.0,0.0,0.0,0.0,0.0,0.0,0.125,1.0,0.6242,0.1326,0.9,0.1353,0.2181,1.8792,-0.3,0.0,0.0,
510,3,30,2.125,1.0,0.0,0.0,0.0,0.0,0.0,0.0,0.0,0.125,1.0,0.6243,0.1327,0.9,0.1353,0.2182,1.8792,-0.3,0.0,0.0,
511,3,31,2.1292,1.0,0.0,0.0,0.0,0.0,0.0,0.0,0.0,0.125,1.0,0.6244,0.1328,0.9,0.1354,0.2182,1.8792,-0.3,0.0,0.0,
512,3,32,2.1333,1.0,0.0,0.0,0.0,0.0,0.0,0.0,0.0,0.125,1.0,0.6245,0.1328,0.9,0.1354,0.2182,1.8793,-0.3,0.0,0.0,
513,3,33,2.1375,1.0,0.0,0.0,0.0,0.0,0.0,0.0,0.0,0.125,1.0,0.6246,0.1329,0.9,0.1355,0.2182,1.8793,-0.3,0.0,0.0,
514,3,34,2.1417,1.0,0.0,0.0,0.0,0.0,0.0,0.0,0.0,0.125,1.0,0.6247,0.133,0.9,0.1355,0.2182,1.8793,-0.3,0.0,0.0,
515,3,35,2.1458,1.0,0.0,0.0,0.0,0.0,0.0,0.0,0.0,0.125,1.0,0.6248,0.133,0.9,0.1355,0.2183,1.8793,-0.3,0.0,0.0,
516,3,36,2.15,1.0,0.0,0.0,0.0,0.0,0.0,0.0,0.0,0.125,1.0,0.6249,0.1331,0.9,0.1356,0.2183,1.8794,-0.3,0.0,0.0,
517,3,37,2.1542,1.0,0.0,0.0,0.0,0.0,0.0,0.0,0.0,0.125,1.0,0.6251,0.1331,0.9,0.1356,0.2183,1.8794,-0.3,0.0,0.0,
518,3,38,2.1583,1.0,0.0,0.0,0.0,0.0,0.0,0.0,0.0,0.125,1.0,0.6252,0.1332,0.9,0.1357,0.2183,1.8794,-0.3,0.0,0.0,
519,3,39,2.1625,1.0,0.0,0.0,0.0,0.0,0.0,0.0,0.0,0.125,1.0,0.6253,0.1333,0.9,0.1357,0.2183,1.8794,-0.3,0.0,0.0,
520,3,40,2.1667,1.0,0.0,0.0,0.0,0.0,0.0,0.0,0.0,0.125,1.0,0.6254,0.1333,0.9,0.1358,0.2183,1.8795,-0.3,0.0,0.0,
521,3,41,2.1708,1.0,0.0,0.0,0.0,0.0,0.0,0.0,0.0,0.125,1.0,0.6255,0.1334,0.9,0.1358,0.2184,1.8795,-0.3,0.0,0.0,
522,3,42,2.175,1.0,0.0,0.0,0.0,0.0,0.0,0.0,0.0,0.125,1.0,0.6256,0.1335,0.9,0.1359,0.2184,1.8795,-0.3,0.0,0.0,
523,3,43,2.1792,1.0,0.0,0.0,0.0,0.0,0.0,0.0,0.0,0.125,1.0,0.6258,0.1335,0.9,0.1359,0.2184,1.8795,-0.3,0.0,0.0,
524,3,44,2.1833,1.0,0.0,0.0,0.0,0.0,0.0,0.0,0.0,0.125,1.0,0.6259,0.1336,0.9,0.136,0.2184,1.8795,-0.3,0.0,0.0,
525,3,45,2.1875,1.0,0.0,0.0,0.0,0.0,0.0,0.0,0.0,0.125,1.0,0.626,0.1337,0.9,0.136,0.2184,1.8796,-0.3,0.0,0.0,
526,3,46,2.1917,1.0,0.0,0.0,0.0,0.0,0.0,0.0,0.0,0.125,1.0,0.6261,0.1338,0.9,0.1361,0.2185,1.8796,-0.3,0.0,0.0,
527,3,47,2.1958,1.0,0.0,0.0,0.0,0.0,0.0,0.0,0.0,0.125,1.0,0.6262,0.1338,0.9,0.1361,0.2185,1.8796,-0.3,0.0,0.0,
528,3,48,2.2,1.0,0.0,0.0,0.0,0.0,0.0,0.0,0.0,0.125,1.0,0.6264,0.1339,0.9,0.1362,0.2185,1.8796,-0.3,0.0,0.0,
529,3,49,2.2042,1.0,0.0155,0.0,0.0,0.0,0.0,0.0,0.0,0.1269,1.0,0.6265,0.134,0.9008,0.1362,0.2185,1.8796,-0.3,0.0,0.0,
530,3,50,2.2083,1.0,0.0309,0.0,0.0,0.0,0.0,0.0,0.0,0.1289,1.0,0.6266,0.134,0.9015,0.1363,0.2185,1.8796,-0.3,0.0,0.0,
531,3,51,2.2125,1.0,0.0461,0.0,0.0,0.0,0.0,0.0,0.0,0.1308,1.0,0.6268,0.1341,0.9023,0.1363,0.2186,1.8797,-0.3,0.0,0.0,
532,3,52,2.2167,1.0,0.0612,0.0,0.0,0.0,0.0,0.0,0.0,0.1327,1.0,0.6269,0.1342,0.9031,0.1364,0.2186,1.8797,-0.3,0.0,0.0,
533,3,53,2.2208,1.0,0.0761,0.0,0.0,0.0,0.0,0.0,0.0,0.1345,1.0,0.627,0.1342,0.9038,0.1364,0.2186,1.8797,-0.3,0.0,0.0,
534,3,54,2.225,1.0,0.0909,0.0,0.0,0.0,0.0,0.0,0.0,0.1364,1.0,0.6271,0.1343,0.9045,0.1365,0.2186,1.8797,-0.3,0.0,0.0,
535,3,55,2.2292,1.0,0.1054,0.0,0.0,0.0,0.0,0.0,0.0,0.1382,1.0,0.6273,0.1344,0.9053,0.1365,0.2186,1.8797,-0.3,0.0,0.0,
536,3,56,2.2333,1.0,0.1199,0.0,0.0,0.0,0.0,0.0,0.0,0.14,1.0,0.6274,0.1345,0.906,0.1366,0.2187,1.8797,-0.3,0.0,0.0,
537,3,57,2.2375,1.0,0.1341,0.0,0.0,0.0,0.0,0.0,0.0,0.1418,1.0,0.6275,0.1345,0.9067,0.1366,0.2187,1.8797,-0.3,0.0,0.0,
538,3,58,2.2417,1.0,0.1483,0.0,0.0,0.0,0.0,0.0,0.0,0.1435,1.0,0.6277,0.1346,0.9074,0.1367,0.2187,1.8797,-0.3,0.0,0.0,
539,3,59,2.2458,1.0,0.1622,0.0,0.0,0.0,0.0,0.0,0.0,0.1453,1.0,0.6278,0.1347,0.9081,0.1367,0.2187,1.8798,-0.3,0.0,0.0,
540,3,60,2.25,1.0,0.176,0.0,0.0,0.0,0.0,0.0,0.0,0.147,1.0,0.6279,0.1347,0.9088,0.1368,0.2187,1.8798,-0.3,0.0,0.0,
541,3,61,2.2542,1.0,0.1897,0.0,0.0,0.0,0.0,0.0,0.0,0.1487,1.0,0.6281,0.1348,0.9095,0.1368,0.2188,1.8798,-0.3,0.0,0.0,
542,3,62,2.2583,1.0,0.2032,0.0,0.0,0.0,0.0,0.0,0.0,0.1504,1.0,0.6282,0.1349,0.9102,0.1369,0.2188,1.8798,-0.3,0.0,0.0,
543,3,63,2.2625,1.0,0.2165,0.0,0.0,0.0,0.0,0.0,0.0,0.1521,1.0,0.6284,0.135,0.9108,0.1369,0.2188,1.8798,-0.3,0.0,0.0,
544,3,64,2.2667,1.0,0.2297,0.0,0.0,0.0,0.0,0.0,0.0,0.1537,1.0,0.6285,0.135,0.9115,0.137,0.2188,1.8798,-0.3,0.0,0.0,
545,3,65,2.2708,1.0,0.2428,0.0,0.0,0.0,0.0,0.0,0.0,0.1554,1.0,0.6287,0.1351,0.9121,0.137,0.2188,1.8798,-0.3,0.0,0.0,
546,3,66,2.275,1.0,0.2557,0.0,0.0,0.0,0.0,0.0,0.0,0.157,1.0,0.6288,0.1352,0.9128,0.1371,0.2189,1.8798,-0.3,0.0,0.0,
547,3,67,2.2792,1.0,0.2685,0.0,0.0,0.0,0.0,0.0,0.0,0.1586,1.0,0.6289,0.1353,0.9134,0.1371,0.2189,1.8798,-0.3,0.0,0.0,
548,3,68,2.2833,1.0,0.2811,0.0,0.0,0.0,0.0,0.0,0.0,0.1601,1.0,0.6291,0.1353,0.9141,0.1372,0.2189,1.8799,-0.3,0.0,0.0,
549,3,69,2.2875,1.0,0.2935,0.0,0.0,0.0,0.0,0.0,0.0,0.1617,1.0,0.6292,0.1354,0.9147,0.1372,0.2189,1.8799,-0.3,0.0,0.0,
550,3,70,2.2917,1.0,0.3059,0.0,0.0,0.0,0.0,0.0,0.0,0.1632,1.0,0.6294,0.1355,0.9153,0.1373,0.2189,1.8799,-0.3,0.0,0.0,
551,3,71,2.2958,1.0,0.318,0.0,0.0,0.0,0.0,0.0,0.0,0.1648,1.0,0.6295,0.1356,0.9159,0.1373,0.219,1.8799,-0.3,0.0,0.0,
552,3,72,2.3,1.0,0.3301,0.0,0.0,0.0,0.0,0.0,0.0,0.1663,1.0,0.6297,0.1356,0.9165,0.1374,0.219,1.8799,-0.3,0.0,0.0001,
553,3,73,2.3042,1.0,0.342,0.0,0.0,0.0,0.0,0.0,0.0,0.1677,1.0,0.6298,0.1357,0.9171,0.1374,0.219,1.8799,-0.3,0.0,0.0001,
554,3,74,2.3083,1.0,0.3537,0.0,0.0,0.0,0.0,0.0,0.0,0.1692,1.0,0.63,0.1358,0.9177,0.1375,0.219,1.8799,-0.3,0.0,0.0001,
555,3,75,2.3125,1.0,0.3653,0.0,0.0,0.0,0.0,0.0,0.0,0.1707,1.0,0.6301,0.1359,0.9183,0.1375,0.219,1.8799,-0.3,0.0,0.0001,
556,3,76,2.3167,1.0,0.3768,0.0,0.0,0.0,0.0,0.0,0.0,0.1721,1.0,0.6303,0.1359,0.9188,0.1376,0.2191,1.8799,-0.3,0.0,0.0001,
557,3,77,2.3208,1.0,0.3881,0.0,0.0,0.0,0.0,0.0,0.0,0.1735,1.0,0.6304,0.136,0.9194,0.1376,0.2191,1.8799,-0.3,0.0,0.0001,
558,3,78,2.325,1.0,0.3993,0.0,0.0,0.0,0.0,0.0,0.0,0.1749,1.0,0.6306,0.1361,0.92,0.1377,0.2191,1.8799,-0.3,0.0,0.0001,
559,3,79,2.3292,1.0,0.4104,0.0,0.0,0.0,0.0,0.0,0.0,0.1763,1.0,0.6307,0.1362,0.9205,0.1377,0.2191,1.8799,-0.3,0.0,0.0001,
560,3,80,2.3333,1.0,0.4213,0.0,0.0,0.0,0.0,0.0,0.0,0.1777,1.0,0.6309,0.1363,0.9211,0.1378,0.2191,1.8799,-0.3,0.0,0.0002,
561,3,81,2.3375,1.0,0.4321,0.0,0.0,0.0,0.0,0.0,0.0,0.179,1.0,0.6311,0.1363,0.9216,0.1378,0.2192,1.8799,-0.3,0.0,0.0002,
562,3,82,2.3417,1.0,0.4427,0.0,0.0,0.0,0.0,0.0,0.0,0.1803,1.0,0.6312,0.1364,0.9221,0.1379,0.2192,1.8799,-0.3,0.0,0.0002,
563,3,83,2.3458,1.0,0.4532,0.0,0.0,0.0,0.0,0.0,0.0,0.1817,1.0,0.6314,0.1365,0.9227,0.1379,0.2192,1.8799,-0.3,0.0,0.0002,
564,3,84,2.35,1.0,0.4636,0.0,0.0,0.0,0.0,0.0,0.0,0.183,1.0,0.6315,0.1366,0.9232,0.138,0.2192,1.88,-0.3,0.0,0.0002,
565,3,85,2.3542,1.0,0.4739,0.0,0.0,0.0,0.0,0.0,0.0,0.1842,1.0,0.6317,0.1366,0.9237,0.1381,0.2193,1.88,-0.3,0.0,0.0002,
566,3,86,2.3583,1.0,0.484,0.0,0.0,0.0,0.0,0.0,0.0,0.1855,1.0,0.6319,0.1367,0.9242,0.1381,0.2193,1.88,-0.3,0.0,0.0003,
567,3,87,2.3625,1.0,0.494,0.0,0.0,0.0,0.0,0.0,0.0,0.1867,1.0,0.632,0.1368,0.9247,0.1382,0.2193,1.88,-0.3,0.0,0.0003,
568,3,88,2.3667,1.0,0.5038,0.0,0.0,0.0,0.0,0.0,0.0,0.188,1.0,0.6322,0.1369,0.9252,0.1382,0.2193,1.88,-0.3,0.0,0.0003,
569,3,89,2.3708,1.0,0.5136,0.0,0.0,0.0,0.0,0.0,0.0,0.1892,1.0,0.6323,0.137,0.9257,0.1383,0.2193,1.88,-0.3,0.0,0.0003,
570,3,90,2.375,1.0,0.5232,0.0,0.0,0.0,0.0,0.0,0.0,0.1904,1.0,0.6325,0.137,0.9262,0.1383,0.2194,1.88,-0.3,0.0,0.0003,
571,3,91,2.3792,1.0,0.5326,0.0,0.0,0.0,0.0,0.0,0.0,0.1916,1.0,0.6327,0.1371,0.9266,0.1384,0.2194,1.88,-0.3,0.0,0.0003,
572,3,92,2.3833,1.0,0.542,0.0,0.0,0.0,0.0,0.0,0.0,0.1927,1.0,0.6328,0.1372,0.9271,0.1384,0.2194,1.88,-0.3,0.0,0.0004,
573,3,93,2.3875,1.0,0.5512,0.0,0.0,0.0,0.0,0.0,0.0,0.1939,1.0,0.633,0.1373,0.9276,0.1385,0.2194,1.88,-0.3,0.0,0.0004,
574,3,94,2.3917,1.0,0.5603,0.0,0.0,0.0,0.0,0.0,0.0,0.195,1.0,0.6332,0.1373,0.928,0.1385,0.2194,1.88,-0.3,0.0,0.0004,
575,3,95,2.3958,1.0,0.5693,0.0,0.0,0.0,0.0,0.0,0.0,0.1962,1.0,0.6333,0.1374,0.9285,0.1386,0.2195,1.88,-0.3,0.0,0.0004,
576,3,96,2.4,1.0,0.5781,0.0,0.0,0.0,0.0,0.0,0.0,0.1973,1.0,0.6335,0.1375,0.9289,0.1386,0.2195,1.88,-0.3,0.0,0.0004,
577,3,97,2.4042,1.0,0.5869,0.0,0.0,0.0,0.0,0.0,0.0,0.1984,1.0,0.6337,0.1376,0.9293,0.1387,0.2195,1.88,-0.3,0.0,0.0005,
578,3,98,2.4083,1.0,0.5955,0.0,0.0,0.0,0.0,0.0,0.0,0.1994,1.0,0.6339,0.1377,0.9298,0.1388,0.2195,1.88,-0.3,0.0,0.0005,
579,3,99,2.4125,1.0,0.6039,0.0,0.0,0.0,0.0,0.0,0.0,0.2005,1.0,0.634,0.1377,0.9302,0.1388,0.2195,1.88,-0.3,0.0,0.0005,
580,3,100,2.4167,1.0,0.6123,0.0,0.0,0.0,0.0,0.0,0.0,0.2015,1.0,0.6342,0.1378,0.9306,0.1389,0.2196,1.88,-0.3,0.0,0.0005,
581,3,101,2.4208,1.0,0.6206,0.0,0.0,0.0,0.0,0.0,0.0,0.2026,1.0,0.6344,0.1379,0.931,0.1389,0.2196,1.88,-0.3,0.0,0.0006,
582,3,102,2.425,1.0,0.6287,0.0,0.0,0.0,0.0,0.0,0.0,0.2036,1.0,0.6346,0.138,0.9314,0.139,0.2196,1.88,-0.3,0.0,0.0006,
583,3,103,2.4292,1.0,0.6367,0.0,0.0,0.0,0.0,0.0,0.0,0.2046,1.0,0.6347,0.138,0.9318,0.139,0.2196,1.88,-0.3,0.0,0.0006,
584,3,104,2.4333,1.0,0.6446,0.0,0.0,0.0,0.0,0.0,0.0,0.2056,1.0,0.6349,0.1381,0.9322,0.1391,0.2197,1.88,-0.3,0.0,0.0006,
585,3,105,2.4375,1.0,0.6524,0.0,0.0,0.0,0.0,0.0,0.0,0.2065,1.0,0.6351,0.1382,0.9326,0.1391,0.2197,1.88,-0.3,0.0,0.0006,
586,3,106,2.4417,1.0,0.6601,0.0,0.0,0.0,0.0,0.0,0.0,0.2075,1.0,0.6353,0.1383,0.933,0.1392,0.2197,1.88,-0.3,0.0,0.0007,
587,3,107,2.4458,1.0,0.6676,0.0,0.0,0.0,0.0,0.0,0.0,0.2085,1.0,0.6354,0.1384,0.9334,0.1393,0.2197,1.88,-0.3,0.0,0.0007,
588,3,108,2.45,1.0,0.675,0.0,0.0,0.0,0.0,0.0,0.0,0.2094,1.0,0.6356,0.1384,0.9338,0.1393,0.2197,1.88,-0.3,0.0,0.0007,
589,3,109,2.4542,1.0,0.6824,0.0,0.0,0.0,0.0,0.0,0.0,0.2103,1.0,0.6358,0.1385,0.9341,0.1394,0.2198,1.88,-0.3,0.0,0.0007,
590,3,110,2.4583,1.0,0.6896,0.0,0.0,0.0,0.0,0.0,0.0,0.2112,1.0,0.636,0.1386,0.9345,0.1394,0.2198,1.88,-0.3,0.0,0.0007,
591,3,111,2.4625,1.0,0.6967,0.0,0.0,0.0,0.0,0.0,0.0,0.2121,1.0,0.6362,0.1387,0.9348,0.1395,0.2198,1.88,-0.3,0.0,0.0008,
592,3,112,2.4667,1.0,0.7037,0.0,0.0,0.0,0.0,0.0,0.0,0.213,1.0,0.6364,0.1387,0.9352,0.1395,0.2198,1.88,-0.3,0.0,0.0008,
593,3,113,2.4708,1.0,0.7106,0.0,0.0,0.0,0.0,0.0,0.0,0.2138,1.0,0.6365,0.1388,0.9355,0.1396,0.2198,1.88,-0.3,0.0,0.0008,
594,3,114,2.475,1.0,0.7174,0.0,0.0,0.0,0.0,0.0,0.0,0.2147,1.0,0.6367,0.1389,0.9359,0.1397,0.2199,1.88,-0.3,0.0,0.0008,
595,3,115,2.4792,1.0,0.7241,0.0,0.0,0.0,0.0,0.0,0.0,0.2155,1.0,0.6369,0.139,0.9362,0.1397,0.2199,1.88,-0.3,0.0,0.0008,
596,3,116,2.4833,1.0,0.7306,0.0,0.0,0.0,0.0,0.0,0.0,0.2163,1.0,0.6371,0.1391,0.9365,0.1398,0.2199,1.88,-0.3,0.0,0.0009,
597,3,117,2.4875,1.0,0.7371,0.0,0.0,0.0,0.0,0.0,0.0,0.2171,1.0,0.6373,0.1391,0.9369,0.1398,0.2199,1.88,-0.3,0.0,0.0009,
598,3,118,2.4917,1.0,0.7434,0.0,0.0,0.0,0.0,0.0,0.0,0.2179,1.0,0.6375,0.1392,0.9372,0.1399,0.22,1.88,-0.3,0.0,0.0009,
599,3,119,2.4958,1.0,0.7497,0.0,0.0,0.0,0.0,0.0,0.0,0.2187,1.0,0.6377,0.1393,0.9375,0.1399,0.22,1.88,-0.3,0.0,0.0009,
600,3,120,2.5,1.0,0.7559,0.0,0.0,0.0,0.0,0.0,0.0,0.2195,1.0,0.6378,0.1394,0.9378,0.14,0.22,1.88,-0.3,0.0,0.0009,
601,3,121,2.5042,1.0,0.7619,0.0,0.0,0.0,0.0,0.0,0.0,0.2202,1.0,0.638,0.1394,0.9381,0.1401,0.22,1.88,-0.3,0.0,0.001,
602,3,122,2.5083,1.0,0.7679,0.0,0.0,0.0,0.0,0.0,0.0,0.221,1.0,0.6382,0.1395,0.9384,0.1401,0.22,1.8799,-0.3,0.0,0.001,
603,3,123,2.5125,1.0,0.7737,0.0,0.0,0.0,0.0,0.0,0.0,0.2217,1.0,0.6384,0.1396,0.9387,0.1402,0.2201,1.8799,-0.3,0.0,0.001,
604,3,124,2.5167,1.0,0.7795,0.0,0.0,0.0,0.0,0.0,0.0,0.2224,1.0,0.6386,0.1397,0.939,0.1403,0.2201,1.8798,-0.3,0.0,0.001,
605,3,125,2.5208,1.0,0.7851,0.0,0.0,0.0,0.0,0.0,0.0,0.2231,1.0,0.6388,0.1397,0.9393,0.1405,0.2201,1.8796,-0.3,0.0,0.001,
606,3,126,2.525,1.0,0.7907,0.0,0.0,0.0,0.0,0.0,0.0,0.2238,1.0,0.639,0.1398,0.9395,0.1406,0.2201,1.8795,-0.3,0.0,0.0011,
607,3,127,2.5292,1.0,0.7961,0.0,0.0,0.0,0.0,0.0,0.0,0.2245,1.0,0.6392,0.1399,0.9398,0.1407,0.2202,1.8793,-0.3,0.0,0.0011,
608,3,128,2.5333,1.0,0.8015,0.0,0.0,0.0,0.0,0.0,0.0,0.2252,1.0,0.6394,0.14,0.9401,0.1409,0.2202,1.879,-0.3,0.0,0.0011,
609,3,129,2.5375,1.0,0.8068,0.0,0.0,0.0,0.0,0.0,0.0,0.2258,1.0,0.6396,0.14,0.9403,0.1411,0.2202,1.8788,-0.3,0.0,0.0011,
610,3,130,2.5417,1.0,0.8119,0.0,0.0,0.0,0.0,0.0,0.0,0.2265,1.0,0.6398,0.1401,0.9406,0.1412,0.2202,1.8785,-0.3,0.0,0.0011,
611,3,131,2.5458,1.0,0.817,0.0,0.0,0.0,0.0,0.0,0.0,0.2271,1.0,0.64,0.1402,0.9409,0.1414,0.2203,1.8782,-0.3,0.0,0.0012,
612,3,132,2.55,1.0,0.822,0.0,0.0,0.0,0.0,0.0,0.0,0.2278,1.0,0.6402,0.1403,0.9411,0.1416,0.2203,1.8778,-0.3,0.0,0.0012,
613,3,133,2.5542,1.0,0.8269,0.0,0.0,0.0,0.0,0.0,0.0,0.2284,1.0,0.6404,0.1403,0.9413,0.1419,0.2203,1.8775,-0.3,0.0,0.0012,
614,3,134,2.5583,1.0,0.8317,0.0,0.0,0.0,0.0,0.0,0.0,0.229,1.0,0.6406,0.1404,0.9416,0.1421,0.2203,1.8771,-0.3,0.0,0.0012,
615,3,135,2.5625,1.0,0.8364,0.0,0.0,0.0,0.0,0.0,0.0,0.2296,1.0,0.6408,0.1405,0.9418,0.1423,0.2204,1.8767,-0.3,0.0,0.0012,
616,3,136,2.5667,1.0,0.8411,0.0,0.0,0.0,0.0,0.0,0.0,0.2301,1.0,0.641,0.1405,0.9421,0.1426,0.2204,1.8762,-0.3,0.0,0.0012,
617,3,137,2.5708,1.0,0.8456,0.0,0.0,0.0,0.0,0.0,0.0,0.2307,1.0,0.6412,0.1406,0.9423,0.1429,0.2204,1.8757,-0.3,0.0,0.0013,
618,3,138,2.575,1.0,0.8501,0.0,0.0,0.0,0.0,0.0,0.0,0.2313,1.0,0.6414,0.1407,0.9425,0.1431,0.2204,1.8752,-0.3,0.0,0.0013,
619,3,139,2.5792,1.0,0.8544,0.0,0.0,0.0,0.0,0.0,0.0,0.2318,1.0,0.6416,0.1408,0.9427,0.1434,0.2205,1.8747,-0.3,0.0,0.0013,
620,3,140,2.5833,1.0,0.8587,0.0,0.0,0.0,0.0,0.0,0.0,0.2323,1.0,0.6418,0.1408,0.9429,0.1437,0.2205,1.8741,-0.3,0.0,0.0013,
621,3,141,2.5875,1.0,0.8629,0.0,0.0,0.0,0.0,0.0,0.0,0.2329,1.0,0.642,0.1409,0.9431,0.144,0.2205,1.8735,-0.3,0.0,0.0013,
622,3,142,2.5917,1.0,0.867,0.0,0.0,0.0,0.0,0.0,0.0,0.2334,1.0,0.6422,0.141,0.9434,0.1444,0.2205,1.8729,-0.3,0.0,0.0013,
623,3,143,2.5958,1.0,0.8711,0.0,0.0,0.0,0.0,0.0,0.0,0.2339,1.0,0.6424,0.141,0.9436,0.1447,0.2206,1.8723,-0.3,0.0,0.0014,
624,3,144,2.6,1.0,0.875,0.0,0.0,0.0,0.0,0.0,0.0,0.2344,1.0,0.6426,0.1411,0.9438,0.145,0.2206,1.8716,-0.3,0.0,0.0014,
625,3,145,2.6042,1.0,0.8789,0.0,0.0,0.0,0.0,0.0,0.0,0.2349,1.0,0.6428,0.1412,0.9439,0.1454,0.2206,1.871,-0.3,0.0,0.0014,
626,3,146,2.6083,1.0,0.8827,0.0,0.0,0.0,0.0,0.0,0.0,0.2353,1.0,0.643,0.1412,0.9441,0.1458,0.2207,1.8703,-0.3,0.0,0.0014,
627,3,147,2.6125,1.0,0.8864,0.0,0.0,0.0,0.0,0.0,0.0,0.2358,1.0,0.6432,0.1413,0.9443,0.1462,0.2207,1.8695,-0.3,0.0,0.0014,
628,3,148,2.6167,1.0,0.89,0.0,0.0,0.0,0.0,0.0,0.0,0.2362,1.0,0.6434,0.1414,0.9445,0.1465,0.2207,1.8688,-0.3,0.0,0.0014,
629,3,149,2.6208,1.0,0.8935,0.0,0.0,0.0,0.0,0.0,0.0,0.2367,1.0,0.6436,0.1415,0.9447,0.1469,0.2208,1.868,-0.3,0.0,0.0015,
630,3,150,2.625,1.0,0.897,0.0,0.0,0.0,0.0,0.0,0.0,0.2371,1.0,0.6438,0.1415,0.9449,0.1474,0.2208,1.8672,-0.3,0.0,0.0015,
631,3,151,2.6292,1.0,0.9004,0.0,0.0,0.0,0.0,0.0,0.0,0.2375,1.0,0.644,0.1416,0.945,0.1478,0.2208,1.8663,-0.3,0.0,0.0015,
632,3,152,2.6333,1.0,0.9037,0.0,0.0,0.0,0.0,0.0,0.0,0.238,1.0,0.6442,0.1417,0.9452,0.1482,0.2208,1.8655,-0.3,0.0,0.0015,
633,3,153,2.6375,1.0,0.907,0.0,0.0,0.0,0.0,0.0,0.0,0.2384,1.0,0.6444,0.1417,0.9453,0.1487,0.2209,1.8646,-0.3,0.0,0.0015,
634,3,154,2.6417,1.0,0.9101,0.0,0.0,0.0,0.0,0.0,0.0,0.2388,1.0,0.6447,0.1418,0.9455,0.1491,0.2209,1.8637,-0.3,0.0,0.0015,
635,3,155,2.6458,1.0,0.9132,0.0,0.0,0.0,0.0,0.0,0.0,0.2392,1.0,0.6449,0.1419,0.9457,0.1496,0.2209,1.8628,-0.3,0.0,0.0015,
636,3,156,2.65,1.0,0.9163,0.0,0.0,0.0,0.0,0.0,0.0,0.2395,1.0,0.6451,0.1419,0.9458,0.15,0.221,1.8618,-0.3,0.0,0.0015,
637,3,157,2.6542,1.0,0.9192,0.0,0.0,0.0,0.0,0.0,0.0,0.2399,1.0,0.6453,0.142,0.946,0.1505,0.221,1.8609,-0.3,0.0,0.0016,
638,3,158,2.6583,1.0,0.9221,0.0,0.0,0.0,0.0,0.0,0.0,0.2403,1.0,0.6455,0.142,0.9461,0.151,0.221,1.8599,-0.3,0.0,0.0016,
639,3,159,2.6625,1.0,0.9249,0.0,0.0,0.0,0.0,0.0,0.0,0.2406,1.0,0.6457,0.1421,0.9462,0.1515,0.2211,1.8589,-0.3,0.0,0.0016,
640,3,160,2.6667,1.0,0.9277,0.0,0.0,0.0,0.0,0.0,0.0,0.241,1.0,0.6459,0.1422,0.9464,0.152,0.2211,1.8579,-0.3,0.0,0.0016,
641,3,161,2.6708,1.0,0.9303,0.0,0.0,0.0,0.0,0.0,0.0,0.2413,1.0,0.6461,0.1422,0.9465,0.1525,0.2211,1.8568,-0.3,0.0,0.0016,
642,3,162,2.675,1.0,0.933,0.0,0.0,0.0,0.0,0.0,0.0,0.2416,1.0,0.6464,0.1423,0.9466,0.1531,0.2212,1.8557,-0.3,0.0,0.0016,
643,3,163,2.6792,1.0,0.9355,0.0,0.0,0.0,0.0,0.0,0.0,0.2419,1.0,0.6466,0.1424,0.9468,0.1536,0.2212,1.8546,-0.3,0.0,0.0016,
644,3,164,2.6833,1.0,0.938,0.0,0.0,0.0,0.0,0.0,0.0,0.2422,1.0,0.6468,0.1424,0.9469,0.1542,0.2212,1.8535,-0.3,0.0,0.0016,
645,3,165,2.6875,1.0,0.9404,0.0,0.0,0.0,0.0,0.0,0.0,0.2425,1.0,0.647,0.1425,0.947,0.1547,0.2213,1.8524,-0.3,0.0,0.0016,
646,3,166,2.6917,1.0,0.9427,0.0,0.0,0.0,0.0,0.0,0.0,0.2428,1.0,0.6472,0.1425,0.9471,0.1553,0.2213,1.8512,-0.3,0.0,0.0017,
647,3,167,2.6958,1.0,0.945,0.0,0.0,0.0,0.0,0.0,0.0,0.2431,1.0,0.6474,0.1426,0.9473,0.1559,0.2214,1.8501,-0.3,0.0,0.0017,
648,3,168,2.7,1.0,0.9473,0.0,0.0,0.0,0.0,0.0,0.0,0.2434,1.0,0.6477,0.1427,0.9474,0.1565,0.2214,1.8489,-0.3,0.0,0.0017,
649,3,169,2.7042,1.0,0.9494,0.0,0.0,0.0,0.0,0.0,0.0,0.2437,1.0,0.6479,0.1427,0.9475,0.157,0.2214,1.8477,-0.3,0.0,0.0017,
650,3,170,2.7083,1.0,0.9515,0.0,0.0,0.0,0.0,0.0,0.0,0.2439,1.0,0.6481,0.1428,0.9476,0.1576,0.2215,1.8464,-0.3,0.0,0.0017,
651,3,171,2.7125,1.0,0.9536,0.0,0.0,0.0,0.0,0.0,0.0,0.2442,1.0,0.6483,0.1428,0.9477,0.1583,0.2215,1.8452,-0.3,0.0,0.0017,
652,3,172,2.7167,1.0,0.9556,0.0,0.0,0.0,0.0,0.0,0.0,0.2444,1.0,0.6485,0.1429,0.9478,0.1589,0.2215,1.8439,-0.3,0.0,0.0017,
653,3,173,2.7208,1.0,0.9575,0.0,0.0,0.0,0.0,0.0,0.0,0.2447,1.0,0.6487,0.1429,0.9479,0.1595,0.2216,1.8426,-0.3,0.0,0.0017,
654,3,174,2.725,1.0,0.9594,0.0,0.0,0.0,0.0,0.0,0.0,0.2449,1.0,0.649,0.143,0.948,0.1601,0.2216,1.8413,-0.3,0.0,0.0017,
655,3,175,2.7292,1.0,0.9612,0.0,0.0,0.0,0.0,0.0,0.0,0.2451,1.0,0.6492,0.1431,0.9481,0.1608,0.2217,1.84,-0.3,0.0,0.0017,
656,3,176,2.7333,1.0,0.963,0.0,0.0,0.0,0.0,0.0,0.0,0.2454,1.0,0.6494,0.1431,0.9481,0.1614,0.2217,1.8387,-0.3,0.0,0.0017,
657,3,177,2.7375,1.0,0.9647,0.0,0.0,0.0,0.0,0.0,0.0,0.2456,1.0,0.6496,0.1432,0.9482,0.1621,0.2217,1.8373,-0.3,0.0,0.0018,
658,3,178,2.7417,1.0,0.9663,0.0,0.0,0.0,0.0,0.0,0.0,0.2458,1.0,0.6499,0.1432,0.9483,0.1627,0.2218,1.836,-0.3,0.0,0.0018,
659,3,179,2.7458,1.0,0.9679,0.0,0.0,0.0,0.0,0.0,0.0,0.246,1.0,0.6501,0.1433,0.9484,0.1634,0.2218,1.8346,-0.3,0.0,0.0018,
660,3,180,2.75,1.0,0.9695,0.0,0.0,0.0,0.0,0.0,0.0,0.2462,1.0,0.6503,0.1433,0.9485,0.1641,0.2219,1.8332,-0.3,0.0,0.0018,
661,3,181,2.7542,1.0,0.971,0.0,0.0,0.0,0.0,0.0,0.0,0.2464,1.0,0.6505,0.1434,0.9485,0.1648,0.2219,1.8318,-0.3,0.0,0.0018,
662,3,182,2.7583,1.0,0.9724,0.0,0.0,0.0,0.0,0.0,0.0,0.2466,1.0,0.6507,0.1434,0.9486,0.1655,0.2219,1.8303,-0.3,0.0,0.0018,
663,3,183,2.7625,1.0,0.9738,0.0,0.0,0.0,0.0,0.0,0.0,0.2467,1.0,0.651,0.1435,0.9487,0.1662,0.222,1.8289,-0.3,0.0,0.0018,
664,3,184,2.7667,1.0,0.9752,0.0,0.0,0.0,0.0,0.0,0.0,0.2469,1.0,0.6512,0.1435,0.9488,0.1669,0.222,1.8274,-0.3,0.0,0.0018,
665,3,185,2.7708,1.0,0.9765,0.0,0.0,0.0,0.0,0.0,0.0,0.2471,1.0,0.6514,0.1436,0.9488,0.1676,0.2221,1.8259,-0.3,0.0,0.0018,
666,3,186,2.775,1.0,0.9778,0.0,0.0,0.0,0.0,0.0,0.0,0.2472,1.0,0.6516,0.1436,0.9489,0.1683,0.2221,1.8244,-0.3,0.0,0.0018,
667,3,187,2.7792,1.0,0.979,0.0,0.0,0.0,0.0,0.0,0.0,0.2474,1.0,0.6519,0.1437,0.9489,0.1691,0.2221,1.8229,-0.3,0.0,0.0018,
668,3,188,2.7833,1.0,0.9801,0.0,0.0,0.0,0.0,0.0,0.0,0.2475,1.0,0.6521,0.1437,0.949,0.1698,0.2222,1.8214,-0.3,0.0,0.0018,
669,3,189,2.7875,1.0,0.9813,0.0,0.0,0.0,0.0,0.0,0.0,0.2477,1.0,0.6523,0.1438,0.9491,0.1705,0.2222,1.8198,-0.3,0.0,0.0018,
670,3,190,2.7917,1.0,0.9823,0.0,0.0,0.0,0.0,0.0,0.0,0.2478,1.0,0.6525,0.1438,0.9491,0.1713,0.2223,1.8183,-0.3,0.0,0.0018,
671,3,191,2.7958,1.0,0.9834,0.0,0.0,0.0,0.0,0.0,0.0,0.2479,1.0,0.6528,0.1438,0.9492,0.1721,0.2223,1.8167,-0.3,0.0,0.0018,
672,3,192,2.8,1.0,0.9844,0.0,0.0,0.0,0.0,0.0,0.0,0.248,1.0,0.653,0.1439,0.9492,0.1728,0.2224,1.8151,-0.3,0.0,0.0018,
673,3,193,2.8042,1.0,0.9853,0.0124,0.0,0.0,0.0,0.0,0.0,0.2497,1.0,0.6532,0.1439,0.9499,0.1736,0.2224,1.8136,-0.3,0.0,0.0019,
674,3,194,2.8083,1.0,0.9862,0.0248,0.0,0.0,0.0,0.0,0.0,0.2514,1.0,0.6535,0.144,0.9506,0.1744,0.2225,1.812,-0.3,0.0,0.002,
675,3,195,2.8125,1.0,0.9871,0.037,0.0,0.0,0.0,0.0,0.0,0.253,1.0,0.6537,0.144,0.9512,0.1751,0.2225,1.8103,-0.3,0.0,0.002,
676,3,196,2.8167,1.0,0.988,0.0492,0.0,0.0,0.0,0.0,0.0,0.2546,1.0,0.6539,0.1441,0.9519,0.1759,0.2226,1.8087,-0.3,0.0,0.0021,
677,3,197,2.8208,1.0,0.9888,0.0612,0.0,0.0,0.0,0.0,0.0,0.2562,1.0,0.6541,0.1441,0.9525,0.1767,0.2226,1.8071,-0.3,0.0,0.0021,
678,3,198,2.825,1.0,0.9895,0.0731,0.0,0.0,0.0,0.0,0.0,0.2578,1.0,0.6544,0.1441,0.9531,0.1775,0.2227,1.8054,-0.3,0.0,0.0022,
679,3,199,2.8292,1.0,0.9903,0.085,0.0,0.0,0.0,0.0,0.0,0.2594,1.0,0.6546,0.1442,0.9538,0.1783,0.2227,1.8037,-0.3,0.0,0.0023,
680,3,200,2.8333,1.0,0.991,0.0967,0.0,0.0,0.0,0.0,0.0,0.261,1.0,0.6548,0.1442,0.9544,0.1791,0.2228,1.8021,-0.3,0.0,0.0023,
681,3,201,2.8375,1.0,0.9916,0.1083,0.0,0.0,0.0,0.0,0.0,0.2625,1.0,0.6551,0.1442,0.955,0.1799,0.2228,1.8004,-0.3,0.0,0.0024,
682,3,202,2.8417,1.0,0.9922,0.1199,0.0,0.0,0.0,0.0,0.0,0.264,1.0,0.6553,0.1443,0.9556,0.1808,0.2228,1.7987,-0.3,0.0,0.0025,
683,3,203,2.8458,1.0,0.9928,0.1313,0.0,0.0,0.0,0.0,0.0,0.2655,1.0,0.6555,0.1443,0.9562,0.1816,0.2229,1.797,-0.3,0.0,0.0025,
684,3,204,2.85,1.0,0.9934,0.1426,0.0,0.0,0.0,0.0,0.0,0.267,1.0,0.6558,0.1444,0.9568,0.1824,0.2229,1.7952,-0.3,0.0,0.0026,
685,3,205,2.8542,1.0,0.9939,0.1539,0.0,0.0,0.0,0.0,0.0,0.2685,1.0,0.656,0.1444,0.9574,0.1832,0.223,1.7935,-0.3,0.0,0.0026,
686,3,206,2.8583,1.0,0.9944,0.165,0.0,0.0,0.0,0.0,0.0,0.2699,1.0,0.6562,0.1444,0.958,0.1841,0.2231,1.7918,-0.3,0.0,0.0027,
687,3,207,2.8625,1.0,0.9949,0.176,0.0,0.0,0.0,0.0,0.0,0.2714,1.0,0.6565,0.1445,0.9585,0.1849,0.2231,1.79,-0.3,0.0,0.0028,
688,3,208,2.8667,1.0,0.9954,0.187,0.0,0.0,0.0,0.0,0.0,0.2728,1.0,0.6567,0.1445,0.9591,0.1858,0.2232,1.7883,-0.3,0.0,0.0028,
689,3,209,2.8708,1.0,0.9958,0.1978,0.0,0.0,0.0,0.0,0.0,0.2742,1.0,0.6569,0.1445,0.9597,0.1866,0.2232,1.7865,-0.3,0.0,0.0029,
690,3,210,2.875,1.0,0.9962,0.2085,0.0,0.0,0.0,0.0,0.0,0.2756,1.0,0.6571,0.1445,0.9602,0.1875,0.2233,1.7847,-0.3,0.0,0.003,
691,3,211,2.8792,1.0,0.9966,0.2192,0.0,0.0,0.0,0.0,0.0,0.277,1.0,0.6574,0.1446,0.9608,0.1884,0.2233,1.7829,-0.3,0.0,0.003,
692,3,212,2.8833,1.0,0.9969,0.2297,0.0,0.0,0.0,0.0,0.0,0.2783,1.0,0.6576,0.1446,0.9613,0.1892,0.2234,1.7811,-0.3,0.0,0.0031,
693,3,213,2.8875,1.0,0.9972,0.2402,0.0,0.0,0.0,0.0,0.0,0.2797,1.0,0.6578,0.1446,0.9619,0.1901,0.2234,1.7793,-0.3,0.0,0.0031,
694,3,214,2.8917,1.0,0.9975,0.2506,0.0,0.0,0.0,0.0,0.0,0.281,1.0,0.6581,0.1447,0.9624,0.191,0.2235,1.7775,-0.3,0.0,0.0032,
695,3,215,2.8958,1.0,0.9978,0.2608,0.0,0.0,0.0,0.0,0.0,0.2823,1.0,0.6583,0.1447,0.9629,0.1918,0.2235,1.7757,-0.3,0.0,0.0033,
696,3,216,2.9,1.0,0.998,0.271,0.0,0.0,0.0,0.0,0.0,0.2836,1.0,0.6586,0.1447,0.9635,0.1927,0.2236,1.7739,-0.3,0.0,0.0033,
697,3,217,2.9042,1.0,0.9983,0.2811,0.0,0.0,0.0,0.0,0.0,0.2849,1.0,0.6588,0.1447,0.964,0.1936,0.2236,1.7721,-0.3,0.0,0.0034,
698,3,218,2.9083,1.0,0.9985,0.2911,0.0,0.0,0.0,0.0,0.0,0.2862,1.0,0.659,0.1448,0.9645,0.1945,0.2237,1.7702,-0.3,0.0,0.0034,
699,3,219,2.9125,1.0,0.9987,0.301,0.0,0.0,0.0,0.0,0.0,0.2875,1.0,0.6593,0.1448,0.965,0.1954,0.2238,1.7684,-0.3,0.0,0.0035,
700,3,220,2.9167,1.0,0.9989,0.3108,0.0,0.0,0.0,0.0,0.0,0.2887,1.0,0.6595,0.1448,0.9655,0.1963,0.2238,1.7665,-0.3,0.0,0.0036,
701,3,221,2.9208,1.0,0.999,0.3205,0.0,0.0,0.0,0.0,0.0,0.2899,1.0,0.6597,0.1448,0.966,0.1972,0.2239,1.7647,-0.3,0.0,0.0036,
702,3,222,2.925,1.0,0.9992,0.3301,0.0,0.0,0.0,0.0,0.0,0.2912,1.0,0.66,0.1448,0.9665,0.1981,0.2239,1.7628,-0.3,0.0,0.0037,
703,3,223,2.9292,1.0,0.9993,0.3396,0.0,0.0,0.0,0.0,0.0,0.2924,1.0,0.6602,0.1448,0.9669,0.199,0.224,1.7609,-0.3,0.0,0.0037,
704,3,224,2.9333,1.0,0.9994,0.349,0.0,0.0,0.0,0.0,0.0,0.2936,1.0,0.6604,0.1449,0.9674,0.1999,0.224,1.7591,-0.3,0.0,0.0038,
705,3,225,2.9375,1.0,0.9995,0.3584,0.0,0.0,0.0,0.0,0.0,0.2947,1.0,0.6607,0.1449,0.9679,0.2008,0.2241,1.7572,-0.3,0.0,0.0039,
706,3,226,2.9417,1.0,0.9996,0.3676,0.0,0.0,0.0,0.0,0.0,0.2959,1.0,0.6609,0.1449,0.9684,0.2017,0.2242,1.7553,-0.3,0.0,0.0039,
707,3,227,2.9458,1.0,0.9997,0.3768,0.0,0.0,0.0,0.0,0.0,0.2971,1.0,0.6611,0.1449,0.9688,0.2026,0.2242,1.7534,-0.3,0.0,0.004,
708,3,228,2.95,1.0,0.9998,0.3859,0.0,0.0,0.0,0.0,0.0,0.2982,1.0,0.6614,0.1449,0.9693,0.2036,0.2243,1.7515,-0.3,0.0,0.004,
709,3,229,2.9542,1.0,0.9998,0.3949,0.0,0.0,0.0,0.0,0.0,0.2993,1.0,0.6616,0.1449,0.9697,0.2045,0.2243,1.7496,-0.3,0.0,0.0041,
710,3,230,2.9583,1.0,0.9999,0.4038,0.0,0.0,0.0,0.0,0.0,0.3005,1.0,0.6619,0.1449,0.9702,0.2054,0.2244,1.7477,-0.3,0.0,0.0041,
711,3,231,2.9625,1.0,0.9999,0.4126,0.0,0.0,0.0,0.0,0.0,0.3016,1.0,0.6621,0.145,0.9706,0.2063,0.2245,1.7458,-0.3,0.0,0.0042,
712,3,232,2.9667,1.0,0.9999,0.4213,0.0,0.0,0.0,0.0,0.0,0.3027,1.0,0.6623,0.145,0.9711,0.2073,0.2245,1.7439,-0.3,0.0,0.0043,
713,3,233,2.9708,1.0,1.0,0.4299,0.0,0.0,0.0,0.0,0.0,0.3037,1.0,0.6626,0.145,0.9715,0.2082,0.2246,1.742,-0.3,0.0,0.0043,
714,3,234,2.975,1.0,1.0,0.4385,0.0,0.0,0.0,0.0,0.0,0.3048,1.0,0.6628,0.145,0.9719,0.2091,0.2247,1.7401,-0.3,0.0,0.0044,
715,3,235,2.9792,1.0,1.0,0.4469,0.0,0.0,0.0,0.0,0.0,0.3059,1.0,0.663,0.145,0.9723,0.2101,0.2247,1.7382,-0.3,0.0,0.0044,
716,3,236,2.9833,1.0,1.0,0.4553,0.0,0.0,0.0,0.0,0.0,0.3069,1.0,0.6633,0.145,0.9728,0.211,0.2248,1.7363,-0.3,0.0,0.0045,
717,3,237,2.9875,1.0,1.0,0.4636,0.0,0.0,0.0,0.0,0.0,0.308,1.0,0.6635,0.145,0.9732,0.2119,0.2249,1.7343,-0.3,0.0,0.0045,
718,3,238,2.9917,1.0,1.0,0.4718,0.0,0.0,0.0,0.0,0.0,0.309,1.0,0.6638,0.145,0.9736,0.2129,0.2249,1.7324,-0.3,0.0,0.0046,
719,3,239,2.9958,1.0,1.0,0.48,0.0,0.0,0.0,0.0,0.0,0.31,1.0,0.664,0.145,0.974,0.2138,0.225,1.7305,-0.3,0.0,0.0046,
720,4,0,3.0,1.0,1.0,0.488,0.0,0.0,0.0,0.0,0.0,0.311,1.0,0.6642,0.145,0.9744,0.2148,0.2251,1.7286,-0.3,0.0,0.0047,
721,4,1,3.0042,1.0,1.0,0.496,0.0,0.0,0.0,0.0,0.0,0.312,1.0,0.6645,0.145,0.9748,0.2157,0.2251,1.7266,-0.3,0.0,0.0048,
722,4,2,3.0083,1.0,1.0,0.5038,0.0,0.0,0.0,0.0,0.0,0.313,1.0,0.6647,0.145,0.9752,0.2167,0.2252,1.7247,-0.3,0.0,0.0048,
723,4,3,3.0125,1.0,1.0,0.5116,0.0,0.0,0.0,0.0,0.0,0.314,1.0,0.665,0.145,0.9756,0.2176,0.2253,1.7228,-0.3,0.0,0.0049,
724,4,4,3.0167,1.0,1.0,0.5193,0.0,0.0,0.0,0.0,0.0,0.3149,1.0,0.6652,0.145,0.976,0.2186,0.2253,1.7209,-0.3,0.0,0.0049,
725,4,5,3.0208,1.0,1.0,0.527,0.0,0.0,0.0,0.0,0.0,0.3159,1.0,0.6654,0.145,0.9763,0.2195,0.2254,1.7189,-0.3,0.0,0.005,
726,4,6,3.025,1.0,1.0,0.5345,0.0,0.0,0.0,0.0,0.0,0.3168,1.0,0.6657,0.145,0.9767,0.2204,0.2255,1.717,-0.3,0.0,0.005,
727,4,7,3.0292,1.0,1.0,0.542,0.0,0.0,0.0,0.0,0.0,0.3177,1.0,0.6659,0.145,0.9771,0.2214,0.2255,1.7151,-0.3,0.0,0.0051,
728,4,8,3.0333,1.0,1.0,0.5494,0.0,0.0,0.0,0.0,0.0,0.3187,1.0,0.6662,0.145,0.9775,0.2223,0.2256,1.7131,-0.3,0.0,0.0051,
729,4,9,3.0375,1.0,1.0,0.5567,0.0,0.0,0.0,0.0,0.0,0.3196,1.0,0.6664,0.145,0.9778,0.2233,0.2257,1.7112,-0.3,0.0,0.0052,
730,4,10,3.0417,1.0,1.0,0.5639,0.0,0.0,0.0,0.0,0.0,0.3205,1.0,0.6666,0.145,0.9782,0.2243,0.2257,1.7093,-0.3,0.0,0.0052,
731,4,11,3.0458,1.0,1.0,0.5711,0.0,0.0,0.0,0.0,0.0,0.3214,1.0,0.6669,0.145,0.9786,0.2252,0.2258,1.7074,-0.3,0.0,0.0053,
732,4,12,3.05,1.0,1.0,0.5781,0.0,0.0,0.0,0.0,0.0,0.3223,1.0,0.6671,0.1451,0.9789,0.2262,0.2259,1.7054,-0.3,0.0,0.0053,
733,4,13,3.0542,1.0,1.0,0.5851,0.0,0.0,0.0,0.0,0.0,0.3231,1.0,0.6674,0.1451,0.9793,0.2271,0.226,1.7035,-0.3,0.0,0.0054,
734,4,14,3.0583,1.0,1.0,0.592,0.0,0.0,0.0,0.0,0.0,0.324,1.0,0.6676,0.1451,0.9796,0.2281,0.226,1.7016,-0.3,0.0,0.0054,
735,4,15,3.0625,1.0,1.0,0.5989,0.0,0.0,0.0,0.0,0.0,0.3249,1.0,0.6678,0.1451,0.9799,0.229,0.2261,1.6997,-0.3,0.0,0.0055,
736,4,16,3.0667,1.0,1.0,0.6056,0.0,0.0,0.0,0.0,0.0,0.3257,1.0,0.6681,0.1451,0.9803,0.23,0.2262,1.6978,-0.3,0.0,0.0055,
737,4,17,3.0708,1.0,1.0,0.6123,0.0,0.0,0.0,0.0,0.0,0.3265,1.0,0.6683,0.1451,0.9806,0.2309,0.2263,1.6959,-0.3,0.0,0.0056,
738,4,18,3.075,1.0,1.0,0.6189,0.0,0.0,0.0,0.0,0.0,0.3274,1.0,0.6686,0.1451,0.9809,0.2319,0.2263,1.694,-0.3,0.0,0.0056,
739,4,19,3.0792,1.0,1.0,0.6255,0.0,0.0,0.0,0.0,0.0,0.3282,1.0,0.6688,0.1451,0.9813,0.2328,0.2264,1.6921,-0.3,0.0,0.0057,
740,4,20,3.0833,1.0,1.0,0.6319,0.0,0.0,0.0,0.0,0.0,0.329,1.0,0.669,0.1452,0.9816,0.2338,0.2265,1.6902,-0.3,0.0,0.0057,
741,4,21,3.0875,1.0,1.0,0.6383,0.0,0.0,0.0,0.0,0.0,0.3298,1.0,0.6693,0.1452,0.9819,0.2347,0.2266,1.6883,-0.3,0.0,0.0058,
742,4,22,3.0917,1.0,1.0,0.6446,0.0,0.0,0.0,0.0,0.0,0.3306,1.0,0.6695,0.1452,0.9822,0.2357,0.2266,1.6864,-0.3,0.0,0.0058,
743,4,23,3.0958,1.0,1.0,0.6508,0.0,0.0,0.0,0.0,0.0,0.3314,1.0,0.6698,0.1452,0.9825,0.2366,0.2267,1.6845,-0.3,0.0,0.0059,
744,4,24,3.1,1.0,1.0,0.657,0.0,0.0,0.0,0.0,0.0,0.3321,1.0,0.67,0.1452,0.9829,0.2375,0.2268,1.6826,-0.3,0.0,0.0059,
745,4,25,3.1042,1.0,1.0,0.6631,0.0,0.0,0.0,0.0,0.0,0.3329,1.0,0.6702,0.1452,0.9832,0.2385,0.2269,1.6807,-0.3,0.0,0.0059,
746,4,26,3.1083,1.0,1.0,0.6691,0.0,0.0,0.0,0.0,0.0,0.3336,1.0,0.6705,0.1453,0.9835,0.2394,0.227,1.6788,-0.3,0.0,0.006,
747,4,27,3.1125,1.0,1.0,0.675,0.0,0.0,0.0,0.0,0.0,0.3344,1.0,0.6707,0.1453,0.9838,0.2404,0.227,1.677,-0.3,0.0,0.006,
748,4,28,3.1167,1.0,1.0,0.6809,0.0,0.0,0.0,0.0,0.0,0.3351,1.0,0.671,0.1453,0.984,0.2413,0.2271,1.6751,-0.3,0.0,0.0061,
749,4,29,3.1208,1.0,1.0,0.6867,0.0,0.0,0.0,0.0,0.0,0.3358,1.0,0.6712,0.1453,0.9843,0.2423,0.2272,1.6733,-0.3,0.0,0.0061,
750,4,30,3.125,1.0,1.0,0.6925,0.0,0.0,0.0,0.0,0.0,0.3366,1.0,0.6714,0.1453,0.9846,0.2432,0.2273,1.6714,-0.3,0.0,0.0062,
751,4,31,3.1292,1.0,1.0,0.6981,0.0,0.0,0.0,0.0,0.0,0.3373,1.0,0.6717,0.1454,0.9849,0.2441,0.2274,1.6696,-0.3,0.0,0.0062,
752,4,32,3.1333,1.0,1.0,0.7037,0.0,0.0,0.0,0.0,0.0,0.338,1.0,0.6719,0.1454,0.9852,0.2451,0.2274,1.6677,-0.3,0.0,0.0063,
753,4,33,3.1375,1.0,1.0,0.7092,0.0,0.0,0.0,0.0,0.0,0.3387,1.0,0.6722,0.1454,0.9855,0.246,0.2275,1.6659,-0.3,0.0,0.0063,
754,4,34,3.1417,1.0,1.0,0.7147,0.0,0.0,0.0,0.0,0.0,0.3393,1.0,0.6724,0.1454,0.9857,0.2469,0.2276,1.6641,-0.3,0.0,0.0063,
755,4,35,3.1458,1.0,1.0,0.7201,0.0,0.0,0.0,0.0,0.0,0.34,1.0,0.6726,0.1455,0.986,0.2478,0.2277,1.6623,-0.3,0.0,0.0064,
756,4,36,3.15,1.0,1.0,0.7254,0.0,0.0,0.0,0.0,0.0,0.3407,1.0,0.6729,0.1455,0.9863,0.2488,0.2278,1.6605,-0.3,0.0,0.0064,
757,4,37,3.1542,1.0,1.0,0.7306,0.0,0.0,0.0,0.0,0.0,0.3413,1.0,0.6731,0.1455,0.9865,0.2497,0.2279,1.6587,-0.3,0.0,0.0065,
758,4,38,3.1583,1.0,1.0,0.7358,0.0,0.0,0.0,0.0,0.0,0.342,1.0,0.6734,0.1455,0.9868,0.2506,0.228,1.6569,-0.3,0.0,0.0065,
759,4,39,3.1625,1.0,1.0,0.7409,0.0,0.0,0.0,0.0,0.0,0.3426,1.0,0.6736,0.1456,0.987,0.2515,0.228,1.6551,-0.3,0.0,0.0065,
760,4,40,3.1667,1.0,1.0,0.746,0.0,0.0,0.0,0.0,0.0,0.3432,1.0,0.6738,0.1456,0.9873,0.2524,0.2281,1.6533,-0.3,0.0,0.0066,
761,4,41,3.1708,1.0,1.0,0.7509,0.0,0.0,0.0,0.0,0.0,0.3439,1.0,0.6741,0.1456,0.9875,0.2534,0.2282,1.6515,-0.3,0.0,0.0066,
762,4,42,3.175,1.0,1.0,0.7559,0.0,0.0,0.0,0.0,0.0,0.3445,1.0,0.6743,0.1456,0.9878,0.2543,0.2283,1.6498,-0.3,0.0,0.0067,
763,4,43,3.1792,1.0,1.0,0.7607,0.0,0.0,0.0,0.0,0.0,0.3451,1.0,0.6746,0.1457,0.988,0.2552,0.2284,1.648,-0.3,0.0,0.0067,
764,4,44,3.1833,1.0,1.0,0.7655,0.0,0.0,0.0,0.0,0.0,0.3457,1.0,0.6748,0.1457,0.9883,0.2561,0.2285,1.6463,-0.3,0.0,0.0067,
765,4,45,3.1875,1.0,1.0,0.7702,0.0,0.0,0.0,0.0,0.0,0.3463,1.0,0.675,0.1457,0.9885,0.257,0.2286,1.6446,-0.3,0.0,0.0068,
766,4,46,3.1917,1.0,1.0,0.7749,0.0,0.0,0.0,0.0,0.0,0.3469,1.0,0.6753,0.1458,0.9887,0.2579,0.2287,1.6428,-0.3,0.0,0.0068,
767,4,47,3.1958,1.0,1.0,0.7795,0.0,0.0,0.0,0.0,0.0,0.3474,1.0,0.6755,0.1458,0.989,0.2588,0.2288,1.6411,-0.3,0.0,0.0068,
768,4,48,3.2,1.0,1.0,0.784,0.0,0.0,0.0,0.0,0.0,0.348,1.0,0.6758,0.1458,0.9892,0.2596,0.2289,1.6394,-0.3,0.0,0.0069,
769,4,49,3.2042,1.0,1.0,0.7885,0.0,0.0,0.0,0.0,0.0,0.3486,1.0,0.676,0.1459,0.9894,0.2605,0.2289,1.6378,-0.3,0.0,0.0069,
770,4,50,3.2083,1.0,1.0,0.7929,0.0,0.0,0.0,0.0,0.0,0.3491,1.0,0.6762,0.1459,0.9896,0.2614,0.229,1.6361,-0.3,0.0,0.0069,
771,4,51,3.2125,1.0,1.0,0.7972,0.0,0.0,0.0,0.0,0.0,0.3497,1.0,0.6765,0.1459,0.9899,0.2623,0.2291,1.6344,-0.3,0.0,0.007,
772,4,52,3.2167,1.0,1.0,0.8015,0.0,0.0,0.0,0.0,0.0,0.3502,1.0,0.6767,0.146,0.9901,0.2632,0.2292,1.6328,-0.3,0.0,0.007,
773,4,53,3.2208,1.0,1.0,0.8057,0.0,0.0,0.0,0.0,0.0,0.3507,1.0,0.677,0.146,0.9903,0.264,0.2293,1.6311,-0.3,0.0,0.007,
774,4,54,3.225,1.0,1.0,0.8099,0.0,0.0,0.0,0.0,0.0,0.3512,1.0,0.6772,0.146,0.9905,0.2649,0.2294,1.6295,-0.3,0.0,0.0071,
775,4,55,3.2292,1.0,1.0,0.814,0.0,0.0,0.0,0.0,0.0,0.3517,1.0,0.6774,0.1461,0.9907,0.2658,0.2295,1.6279,-0.3,0.0,0.0071,
776,4,56,3.2333,1.0,1.0,0.818,0.0,0.0,0.0,0.0,0.0,0.3523,1.0,0.6777,0.1461,0.9909,0.2666,0.2296,1.6263,-0.3,0.0,0.0071,
777,4,57,3.2375,1.0,1.0,0.822,0.0,0.0,0.0,0.0,0.0,0.3528,1.0,0.6779,0.1461,0.9911,0.2675,0.2297,1.6247,-0.3,0.0,0.0072,
778,4,58,3.2417,1.0,1.0,0.8259,0.0,0.0,0.0,0.0,0.0,0.3532,1.0,0.6781,0.1462,0.9913,0.2683,0.2298,1.6231,-0.3,0.0,0.0072,
779,4,59,3.2458,1.0,1.0,0.8298,0.0,0.0,0.0,0.0,0.0,0.3537,1.0,0.6784,0.1462,0.9915,0.2692,0.2299,1.6216,-0.3,0.0,0.0072,
780,4,60,3.25,1.0,1.0,0.8336,0.0,0.0,0.0,0.0,0.0,0.3542,1.0,0.6786,0.1463,0.9917,0.27,0.23,1.62,-0.3,0.0,0.0073,
781,4,61,3.2542,1.0,1.0,0.8374,0.0,0.0,0.0,0.0,0.0,0.3547,1.0,0.6789,0.1463,0.9919,0.2708,0.2301,1.6185,-0.3,0.0,0.0073,
782,4,62,3.2583,1.0,1.0,0.8411,0.0,0.0,0.0,0.0,0.0,0.3551,1.0,0.6791,0.1463,0.9921,0.2717,0.2302,1.6169,-0.3,0.0,0.0073,
783,4,63,3.2625,1.0,1.0,0.8447,0.0,0.0,0.0,0.0,0.0,0.3556,1.0,0.6793,0.1464,0.9922,0.2726,0.2303,1.6153,-0.3,0.0,0.0074,
784,4,64,3.2667,1.0,1.0,0.8483,0.0,0.0,0.0,0.0,0.0,0.356,1.0,0.6796,0.1464,0.9924,0.2734,0.2305,1.6137,-0.3,0.0,0.0074,
785,4,65,3.2708,1.0,1.0,0.8518,0.0,0.0,0.0,0.0,0.0,0.3565,1.0,0.6798,0.1465,0.9926,0.2743,0.2306,1.6121,-0.3,0.0,0.0074,
786,4,66,3.275,1.0,1.0,0.8553,0.0,0.0,0.0,0.0,0.0,0.3569,1.0,0.68,0.1465,0.9928,0.2752,0.2308,1.6105,-0.3,0.0,0.0074,
787,4,67,3.2792,1.0,1.0,0.8587,0.0,0.0,0.0,0.0,0.0,0.3573,1.0,0.6803,0.1466,0.9929,0.2761,0.231,1.6089,-0.3,0.0,0.0075,
788,4,68,3.2833,1.0,1.0,0.8621,0.0,0.0,0.0,0.0,0.0,0.3578,1.0,0.6805,0.1466,0.9931,0.2771,0.2311,1.6073,-0.3,0.0,0.0075,
789,4,69,3.2875,1.0,1.0,0.8654,0.0,0.0,0.0,0.0,0.0,0.3582,1.0,0.6807,0.1466,0.9933,0.278,0.2313,1.6056,-0.3,0.0,0.0075,
790,4,70,3.2917,1.0,1.0,0.8686,0.0,0.0,0.0,0.0,0.0,0.3586,1.0,0.681,0.1467,0.9934,0.2789,0.2315,1.6039,-0.3,0.0,0.0076,
791,4,71,3.2958,1.0,1.0,0.8718,0.0,0.0,0.0,0.0,0.0,0.359,1.0,0.6812,0.1467,0.9936,0.2799,0.2317,1.6023,-0.3,0.0,0.0076,
792,4,72,3.3,1.0,1.0,0.875,0.0,0.0,0.0,0.0,0.0,0.3594,1.0,0.6814,0.1468,0.9938,0.2809,0.232,1.6006,-0.3,0.0,0.0076,
793,4,73,3.3042,1.0,1.0,0.8781,0.0,0.0,0.0,0.0,0.0,0.3598,1.0,0.6817,0.1468,0.9939,0.2818,0.2322,1.5989,-0.3,0.0,0.0076,
794,4,74,3.3083,1.0,1.0,0.8811,0.0,0.0,0.0,0.0,0.0,0.3601,1.0,0.6819,0.1469,0.9941,0.2828,0.2324,1.5972,-0.3,0.0,0.0077,
795,4,75,3.3125,1.0,1.0,0.8841,0.0,0.0,0.0,0.0,0.0,0.3605,1.0,0.6822,0.1469,0.9942,0.2838,0.2327,1.5955,-0.3,0.0,0.0077,
796,4,76,3.3167,1.0,1.0,0.8871,0.0,0.0,0.0,0.0,0.0,0.3609,1.0,0.6824,0.147,0.9944,0.2848,0.233,1.5938,-0.3,0.0,0.0077,
797,4,77,3.3208,1.0,1.0,0.89,0.0,0.0,0.0,0.0,0.0,0.3612,1.0,0.6826,0.147,0.9945,0.2858,0.2332,1.592,-0.3,0.0,0.0077,
798,4,78,3.325,1.0,1.0,0.8928,0.0,0.0,0.0,0.0,0.0,0.3616,1.0,0.6829,0.147,0.9946,0.2868,0.2335,1.5903,-0.3,0.0,0.0078,
799,4,79,3.3292,1.0,1.0,0.8956,0.0,0.0,0.0,0.0,0.0,0.362,1.0,0.6831,0.1471,0.9948,0.2879,0.2338,1.5885,-0.3,0.0,0.0078,
800,4,80,3.3333,1.0,1.0,0.8984,0.0,0.0,0.0,0.0,0.0,0.3623,1.0,0.6833,0.1471,0.9949,0.2889,0.2341,1.5868,-0.3,0.0,0.0078,
801,4,81,3.3375,1.0,1.0,0.9011,0.0,0.0,0.0,0.0,0.0,0.3626,1.0,0.6835,0.1472,0.9951,0.29,0.2344,1.585,-0.3,0.0,0.0078,
802,4,82,3.3417,1.0,1.0,0.9037,0.0,0.0,0.0,0.0,0.0,0.363,1.0,0.6838,0.1472,0.9952,0.291,0.2347,1.5832,-0.3,0.0,0.0078,
803,4,83,3.3458,1.0,1.0,0.9063,0.0,0.0,0.0,0.0,0.0,0.3633,1.0,0.684,0.1473,0.9953,0.2921,0.235,1.5814,-0.3,0.0,0.0079,
804,4,84,3.35,1.0,1.0,0.9089,0.0,0.0,0.0,0.0,0.0,0.3636,1.0,0.6842,0.1473,0.9954,0.2932,0.2354,1.5796,-0.3,0.0,0.0079,
805,4,85,3.3542,1.0,1.0,0.9114,0.0,0.0,0.0,0.0,0.0,0.3639,1.0,0.6845,0.1474,0.9956,0.2943,0.2357,1.5778,-0.3,0.0,0.0079,
806,4,86,3.3583,1.0,1.0,0.9138,0.0,0.0,0.0,0.0,0.0,0.3642,1.0,0.6847,0.1474,0.9957,0.2954,0.2361,1.576,-0.3,0.0,0.0079,
807,4,87,3.3625,1.0,1.0,0.9163,0.0,0.0,0.0,0.0,0.0,0.3645,1.0,0.6849,0.1475,0.9958,0.2965,0.2365,1.5741,-0.3,0.0,0.0079,
808,4,88,3.3667,1.0,1.0,0.9186,0.0,0.0,0.0,0.0,0.0,0.3648,1.0,0.6852,0.1475,0.9959,0.2976,0.2368,1.5723,-0.3,0.0,0.008,
809,4,89,3.3708,1.0,1.0,0.921,0.0,0.0,0.0,0.0,0.0,0.3651,1.0,0.6854,0.1476,0.996,0.2987,0.2372,1.5704,-0.3,0.0,0.008,
810,4,90,3.375,1.0,1.0,0.9232,0.0,0.0,0.0,0.0,0.0,0.3654,1.0,0.6856,0.1477,0.9962,0.2998,0.2376,1.5686,-0.3,0.0,0.008,
811,4,91,3.3792,1.0,1.0,0.9255,0.0,0.0,0.0,0.0,0.0,0.3657,1.0,0.6859,0.1477,0.9963,0.301,0.238,1.5667,-0.3,0.0,0.008,
812,4,92,3.3833,1.0,1.0,0.9277,0.0,0.0,0.0,0.0,0.0,0.366,1.0,0.6861,0.1478,0.9964,0.3021,0.2384,1.5648,-0.3,0.0,0.008,
813,4,93,3.3875,1.0,1.0,0.9298,0.0,0.0,0.0,0.0,0.0,0.3662,1.0,0.6863,0.1478,0.9965,0.3032,0.2388,1.563,-0.3,0.0,0.0081,
814,4,94,3.3917,1.0,1.0,0.9319,0.0,0.0,0.0,0.0,0.0,0.3665,1.0,0.6865,0.1479,0.9966,0.3044,0.2392,1.5611,-0.3,0.0,0.0081,
815,4,95,3.3958,1.0,1.0,0.934,0.0,0.0,0.0,0.0,0.0,0.3667,1.0,0.6868,0.1479,0.9967,0.3056,0.2397,1.5592,-0.3,0.0,0.0081,
816,4,96,3.4,1.0,1.0,0.936,0.0,0.0,0.0,0.0,0.0,0.367,1.0,0.687,0.148,0.9968,0.3067,0.2401,1.5573,-0.3,0.0,0.0081,
817,4,97,3.4042,1.0,1.0,0.938,0.0,0.0,0.0,0.0,0.0,0.3672,1.0,0.6872,0.148,0.9969,0.3079,0.2406,1.5554,-0.3,0.0,0.0081,
818,4,98,3.4083,1.0,1.0,0.9399,0.0,0.0,0.0,0.0,0.0,0.3675,1.0,0.6875,0.1481,0.997,0.3091,0.241,1.5534,-0.3,0.0,0.0081,
819,4,99,3.4125,1.0,1.0,0.9418,0.0,0.0,0.0,0.0,0.0,0.3677,1.0,0.6877,0.1481,0.9971,0.3103,0.2415,1.5515,-0.3,0.0,0.0082,
820,4,100,3.4167,1.0,1.0,0.9437,0.0,0.0,0.0,0.0,0.0,0.368,1.0,0.6879,0.1482,0.9972,0.3115,0.242,1.5496,-0.3,0.0,0.0082,
821,4,101,3.4208,1.0,1.0,0.9455,0.0,0.0,0.0,0.0,0.0,0.3682,1.0,0.6881,0.1483,0.9973,0.3127,0.2425,1.5476,-0.3,0.0,0.0082,
822,4,102,3.425,1.0,1.0,0.9473,0.0,0.0,0.0,0.0,0.0,0.3684,1.0,0.6884,0.1483,0.9974,0.3139,0.2429,1.5457,-0.3,0.0,0.0082,
823,4,103,3.4292,1.0,1.0,0.949,0.0,0.0,0.0,0.0,0.0,0.3686,1.0,0.6886,0.1484,0.9975,0.3151,0.2434,1.5437,-0.3,0.0,0.0082,
824,4,104,3.4333,1.0,1.0,0.9507,0.0,0.0,0.0,0.0,0.0,0.3688,1.0,0.6888,0.1484,0.9975,0.3164,0.2439,1.5418,-0.3,0.0,0.0082,
825,4,105,3.4375,1.0,1.0,0.9524,0.0,0.0,0.0,0.0,0.0,0.369,1.0,0.689,0.1485,0.9976,0.3176,0.2445,1.5398,-0.3,0.0,0.0083,
826,4,106,3.4417,1.0,1.0,0.954,0.0,0.0,0.0,0.0,0.0,0.3692,1.0,0.6893,0.1485,0.9977,0.3188,0.245,1.5378,-0.3,0.0,0.0083,
827,4,107,3.4458,1.0,1.0,0.9556,0.0,0.0,0.0,0.0,0.0,0.3694,1.0,0.6895,0.1486,0.9978,0.3201,0.2455,1.5359,-0.3,0.0,0.0083,
828,4,108,3.45,1.0,1.0,0.9571,0.0,0.0,0.0,0.0,0.0,0.3696,1.0,0.6897,0.1487,0.9979,0.3213,0.246,1.5339,-0.3,0.0,0.0083,
829,4,109,3.4542,1.0,1.0,0.9586,0.0,0.0,0.0,0.0,0.0,0.3698,1.0,0.6899,0.1487,0.9979,0.3226,0.2466,1.5319,-0.3,0.0,0.0083,
830,4,110,3.4583,1.0,1.0,0.9601,0.0,0.0,0.0,0.0,0.0,0.37,1.0,0.6901,0.1488,0.998,0.3238,0.2471,1.5299,-0.3,0.0,0.0083,
831,4,111,3.4625,1.0,1.0,0.9616,0.0,0.0,0.0,0.0,0.0,0.3702,1.0,0.6904,0.1488,0.9981,0.3251,0.2477,1.5279,-0.3,0.0,0.0083,
832,4,112,3.4667,1.0,1.0,0.963,0.0,0.0,0.0,0.0,0.0,0.3704,1.0,0.6906,0.1489,0.9981,0.3263,0.2482,1.5259,-0.3,0.0,0.0083,
833,4,113,3.4708,1.0,1.0,0.9643,0.0,0.0,0.0,0.0,0.0,0.3705,1.0,0.6908,0.1489,0.9982,0.3276,0.2488,1.5239,-0.3,0.0,0.0084,
834,4,114,3.475,1.0,1.0,0.9657,0.0,0.0,0.0,0.0,0.0,0.3707,1.0,0.691,0.149,0.9983,0.3289,0.2494,1.5219,-0.3,0.0,0.0084,
835,4,115,3.4792,1.0,1.0,0.967,0.0,0.0,0.0,0.0,0.0,0.3709,1.0,0.6913,0.1491,0.9983,0.3302,0.25,1.5199,-0.3,0.0,0.0084,
836,4,116,3.4833,1.0,1.0,0.9682,0.0,0.0,0.0,0.0,0.0,0.371,1.0,0.6915,0.1491,0.9984,0.3315,0.2506,1.5178,-0.3,0.0,0.0084,
837,4,117,3.4875,1.0,1.0,0.9695,0.0,0.0,0.0,0.0,0.0,0.3712,1.0,0.6917,0.1492,0.9985,0.3328,0.2512,1.5158,-0.3,0.0,0.0084,
838,4,118,3.4917,1.0,1.0,0.9707,0.0,0.0,0.0,0.0,0.0,0.3713,1.0,0.6919,0.1493,0.9985,0.334,0.2518,1.5138,-0.3,0.0,0.0084,
839,4,119,3.4958,1.0,1.0,0.9719,0.0,0.0,0.0,0.0,0.0,0.3715,1.0,0.6921,0.1493,0.9986,0.3353,0.2524,1.5118,-0.3,0.0,0.0084,
840,4,120,3.5,1.0,1.0,0.973,0.0,0.0,0.0,0.0,0.0,0.3716,1.0,0.6923,0.1494,0.9987,0.3366,0.253,1.5097,-0.3,0.0,0.0084,
841,4,121,3.5042,1.0,1.0,0.9741,0.0138,0.0,0.0,0.0,0.0,0.3735,1.0,0.6926,0.1494,0.9994,0.338,0.2536,1.5077,-0.3,0.0,0.0086,
842,4,122,3.5083,1.0,1.0,0.9752,0.0275,0.0,0.0,0.0,0.0,0.3753,1.0,0.6928,0.1495,1.0001,0.3393,0.2542,1.5056,-0.3,0.0,0.0087,
843,4,123,3.5125,1.0,1.0,0.9762,0.0411,0.0,0.0,0.0,0.0,0.3772,1.0,0.693,0.1496,1.0009,0.3406,0.2549,1.5036,-0.3,0.0,0.0088,
844,4,124,3.5167,1.0,1.0,0.9773,0.0545,0.0,0.0,0.0,0.0,0.379,1.0,0.6932,0.1496,1.0016,0.3419,0.2555,1.5015,-0.3,0.0,0.0089,
845,4,125,3.5208,1.0,1.0,0.9782,0.0678,0.0,0.0,0.0,0.0,0.3808,1.0,0.6934,0.1497,1.0023,0.3432,0.2561,1.4995,-0.3,0.0,0.0091,
846,4,126,3.525,1.0,1.0,0.9792,0.081,0.0,0.0,0.0,0.0,0.3825,1.0,0.6936,0.1497,1.003,0.3445,0.2568,1.4974,-0.3,0.0,0.0092,
847,4,127,3.5292,1.0,1.0,0.9801,0.0941,0.0,0.0,0.0,0.0,0.3843,1.0,0.6939,0.1498,1.0037,0.3459,0.2575,1.4954,-0.3,0.0,0.0093,
848,4,128,3.5333,1.0,1.0,0.981,0.107,0.0,0.0,0.0,0.0,0.386,1.0,0.6941,0.1499,1.0044,0.3472,0.2581,1.4933,-0.3,0.0,0.0094,
849,4,129,3.5375,1.0,1.0,0.9819,0.1199,0.0,0.0,0.0,0.0,0.3877,1.0,0.6943,0.1499,1.0051,0.3485,0.2588,1.4912,-0.3,0.0,0.0095,
850,4,130,3.5417,1.0,1.0,0.9828,0.1326,0.0,0.0,0.0,0.0,0.3894,1.0,0.6945,0.15,1.0058,0.3498,0.2595,1.4892,-0.3,0.0,0.0097,
851,4,131,3.5458,1.0,1.0,0.9836,0.1451,0.0,0.0,0.0,0.0,0.3911,1.0,0.6947,0.1501,1.0064,0.3512,0.2601,1.4871,-0.3,0.0,0.0098,
852,4,132,3.55,1.0,1.0,0.9844,0.1576,0.0,0.0,0.0,0.0,0.3927,1.0,0.6949,0.1501,1.0071,0.3525,0.2608,1.485,-0.3,0.0,0.0099,
853,4,133,3.5542,1.0,1.0,0.9851,0.1699,0.0,0.0,0.0,0.0,0.3944,1.0,0.6951,0.1502,1.0078,0.3539,0.2615,1.483,-0.3,0.0,0.01,
854,4,134,3.5583,1.0,1.0,0.9859,0.1821,0.0,0.0,0.0,0.0,0.396,1.0,0.6953,0.1503,1.0084,0.3552,0.2622,1.4809,-0.3,0.0,0.0101,
855,4,135,3.5625,1.0,1.0,0.9866,0.1942,0.0,0.0,0.0,0.0,0.3976,1.0,0.6956,0.1503,1.009,0.3565,0.2629,1.4788,-0.3,0.0,0.0103,
856,4,136,3.5667,1.0,1.0,0.9873,0.2062,0.0,0.0,0.0,0.0,0.3992,1.0,0.6958,0.1504,1.0097,0.3579,0.2636,1.4767,-0.3,0.0,0.0104,
857,4,137,3.5708,1.0,1.0,0.988,0.218,0.0,0.0,0.0,0.0,0.4007,1.0,0.696,0.1504,1.0103,0.3592,0.2643,1.4747,-0.3,0.0,0.0105,
858,4,138,3.575,1.0,1.0,0.9886,0.2297,0.0,0.0,0.0,0.0,0.4023,1.0,0.6962,0.1505,1.0109,0.3606,0.265,1.4726,-0.3,0.0,0.0106,
859,4,139,3.5792,1.0,1.0,0.9892,0.2414,0.0,0.0,0.0,0.0,0.4038,1.0,0.6964,0.1506,1.0115,0.3619,0.2657,1.4705,-0.3,0.0,0.0107,
860,4,140,3.5833,1.0,1.0,0.9898,0.2529,0.0,0.0,0.0,0.0,0.4053,1.0,0.6966,0.1506,1.0121,0.3633,0.2665,1.4684,-0.3,0.0,0.0108,
861,4,141,3.5875,1.0,1.0,0.9904,0.2642,0.0,0.0,0.0,0.0,0.4068,1.0,0.6968,0.1507,1.0127,0.3646,0.2672,1.4663,-0.3,0.0,0.0109,
862,4,142,3.5917,1.0,1.0,0.991,0.2755,0.0,0.0,0.0,0.0,0.4083,1.0,0.697,0.1508,1.0133,0.366,0.2679,1.4643,-0.3,0.0,0.011,
863,4,143,3.5958,1.0,1.0,0.9915,0.2866,0.0,0.0,0.0,0.0,0.4098,1.0,0.6972,0.1508,1.0139,0.3673,0.2687,1.4622,-0.3,0.0,0.0112,
864,4,144,3.6,1.0,1.0,0.992,0.2977,0.0,0.0,0.0,0.0,0.4112,1.0,0.6974,0.1509,1.0145,0.3687,0.2694,1.4601,-0.3,0.0,0.0113,
865,4,145,3.6042,1.0,1.0,0.9925,0.3086,0.0,0.0,0.0,0.0,0.4126,1.0,0.6976,0.151,1.0151,0.37,0.2702,1.458,-0.3,0.0,0.0114,
866,4,146,3.6083,1.0,1.0,0.993,0.3194,0.0,0.0,0.0,0.0,0.414,1.0,0.6978,0.151,1.0156,0.3714,0.2709,1.456,-0.3,0.0,0.0115,
867,4,147,3.6125,1.0,1.0,0.9934,0.3301,0.0,0.0,0.0,0.0,0.4154,1.0,0.698,0.1511,1.0162,0.3727,0.2717,1.4539,-0.3,0.0,0.0116,
868,4,148,3.6167,1.0,1.0,0.9938,0.3407,0.0,0.0,0.0,0.0,0.4168,1.0,0.6982,0.1512,1.0167,0.3741,0.2724,1.4518,-0.3,0.0,0.0117,
869,4,149,3.6208,1.0,1.0,0.9942,0.3511,0.0,0.0,0.0,0.0,0.4182,1.0,0.6984,0.1512,1.0173,0.3754,0.2732,1.4497,-0.3,0.0,0.0118,
870,4,150,3.625,1.0,1.0,0.9946,0.3615,0.0,0.0,0.0,0.0,0.4195,1.0,0.6986,0.1513,1.0178,0.3768,0.2739,1.4476,-0.3,0.0,0.0119,
871,4,151,3.6292,1.0,1.0,0.995,0.3717,0.0,0.0,0.0,0.0,0.4208,1.0,0.6988,0.1514,1.0183,0.3781,0.2747,1.4456,-0.3,0.0,0.012,
872,4,152,3.6333,1.0,1.0,0.9954,0.3819,0.0,0.0,0.0,0.0,0.4222,1.0,0.699,0.1514,1.0189,0.3795,0.2755,1.4435,-0.3,0.0,0.0121,
873,4,153,3.6375,1.0,1.0,0.9957,0.3919,0.0,0.0,0.0,0.0,0.4234,1.0,0.6992,0.1515,1.0194,0.3809,0.2763,1.4414,-0.3,0.0,0.0122,
874,4,154,3.6417,1.0,1.0,0.996,0.4018,0.0,0.0,0.0,0.0,0.4247,1.0,0.6994,0.1516,1.0199,0.3822,0.277,1.4393,-0.3,0.0,0.0123,
875,4,155,3.6458,1.0,1.0,0.9963,0.4116,0.0,0.0,0.0,0.0,0.426,1.0,0.6996,0.1516,1.0204,0.3836,0.2778,1.4373,-0.3,0.0,0.0124,
876,4,156,3.65,1.0,1.0,0.9966,0.4213,0.0,0.0,0.0,0.0,0.4272,1.0,0.6998,0.1517,1.0209,0.3849,0.2786,1.4352,-0.3,0.0,0.0125,
877,4,157,3.6542,1.0,1.0,0.9969,0.4309,0.0,0.0,0.0,0.0,0.4285,1.0,0.7,0.1518,1.0214,0.3862,0.2794,1.4331,-0.3,0.0,0.0126,
878,4,158,3.6583,1.0,1.0,0.9972,0.4404,0.0,0.0,0.0,0.0,0.4297,1.0,0.7002,0.1518,1.0219,0.3876,0.2802,1.4311,-0.3,0.0,0.0127,
879,4,159,3.6625,1.0,1.0,0.9974,0.4498,0.0,0.0,0.0,0.0,0.4309,1.0,0.7004,0.1519,1.0224,0.3889,0.281,1.429,-0.3,0.0,0.0128,
880,4,160,3.6667,1.0,1.0,0.9976,0.459,0.0,0.0,0.0,0.0,0.4321,1.0,0.7006,0.152,1.0228,0.3903,0.2818,1.427,-0.3,0.0,0.0129,
881,4,161,3.6708,1.0,1.0,0.9978,0.4682,0.0,0.0,0.0,0.0,0.4333,1.0,0.7008,0.152,1.0233,0.3916,0.2826,1.4249,-0.3,0.0,0.013,
882,4,162,3.675,1.0,1.0,0.998,0.4773,0.0,0.0,0.0,0.0,0.4344,1.0,0.701,0.1521,1.0238,0.393,0.2834,1.4228,-0.3,0.0,0.013,
883,4,163,3.6792,1.0,1.0,0.9982,0.4862,0.0,0.0,0.0,0.0,0.4356,1.0,0.7012,0.1522,1.0242,0.3943,0.2842,1.4208,-0.3,0.0,0.0131,
884,4,164,3.6833,1.0,1.0,0.9984,0.4951,0.0,0.0,0.0,0.0,0.4367,1.0,0.7014,0.1522,1.0247,0.3956,0.285,1.4188,-0.3,0.0,0.0132,
885,4,165,3.6875,1.0,1.0,0.9986,0.5038,0.0,0.0,0.0,0.0,0.4378,1.0,0.7016,0.1523,1.0251,0.397,0.2858,1.4167,-0.3,0.0,0.0133,
886,4,166,3.6917,1.0,1.0,0.9987,0.5125,0.0,0.0,0.0,0.0,0.4389,1.0,0.7018,0.1524,1.0256,0.3983,0.2866,1.4147,-0.3,0.0,0.0134,
887,4,167,3.6958,1.0,1.0,0.9989,0.521,0.0,0.0,0.0,0.0,0.44,1.0,0.702,0.1524,1.026,0.3996,0.2875,1.4126,-0.3,0.0,0.0135,
888,4,168,3.7,1.0,1.0,0.999,0.5295,0.0,0.0,0.0,0.0,0.4411,1.0,0.7022,0.1525,1.0264,0.401,0.2883,1.4106,-0.3,0.0,0.0136,
889,4,169,3.7042,1.0,1.0,0.9991,0.5378,0.0,0.0,0.0,0.0,0.4421,1.0,0.7023,0.1526,1.0268,0.4023,0.2891,1.4086,-0.3,0.0,0.0137,
890,4,170,3.7083,1.0,1.0,0.9992,0.5461,0.0,0.0,0.0,0.0,0.4432,1.0,0.7025,0.1526,1.0273,0.4036,0.2899,1.4065,-0.3,0.0,0.0137,
891,4,171,3.7125,1.0,1.0,0.9993,0.5543,0.0,0.0,0.0,0.0,0.4442,1.0,0.7027,0.1527,1.0277,0.4049,0.2908,1.4045,-0.3,0.0,0.0138,
892,4,172,3.7167,1.0,1.0,0.9994,0.5623,0.0,0.0,0.0,0.0,0.4452,1.0,0.7029,0.1528,1.0281,0.4062,0.2916,1.4025,-0.3,0.0,0.0139,
893,4,173,3.7208,1.0,1.0,0.9995,0.5703,0.0,0.0,0.0,0.0,0.4462,1.0,0.7031,0.1528,1.0285,0.4075,0.2924,1.4005,-0.3,0.0,0.014,
894,4,174,3.725,1.0,1.0,0.9996,0.5781,0.0,0.0,0.0,0.0,0.4472,1.0,0.7033,0.1529,1.0289,0.4088,0.2933,1.3985,-0.3,0.0,0.0141,
895,4,175,3.7292,1.0,1.0,0.9996,0.5859,0.0,0.0,0.0,0.0,0.4482,1.0,0.7035,0.153,1.0293,0.4101,0.2941,1.3965,-0.3,0.0,0.0141,
896,4,176,3.7333,1.0,1.0,0.9997,0.5936,0.0,0.0,0.0,0.0,0.4492,1.0,0.7036,0.153,1.0297,0.4114,0.2949,1.3945,-0.3,0.0,0.0142,
897,4,177,3.7375,1.0,1.0,0.9998,0.6011,0.0,0.0,0.0,0.0,0.4501,1.0,0.7038,0.1531,1.03,0.4127,0.2958,1.3925,-0.3,0.0,0.0143,
898,4,178,3.7417,1.0,1.0,0.9998,0.6086,0.0,0.0,0.0,0.0,0.4511,1.0,0.704,0.1532,1.0304,0.414,0.2966,1.3905,-0.3,0.0,0.0144,
899,4,179,3.7458,1.0,1.0,0.9998,0.616,0.0,0.0,0.0,0.0,0.452,1.0,0.7042,0.1532,1.0308,0.4153,0.2974,1.3885,-0.3,0.0,0.0144,
900,4,180,3.75,1.0,1.0,0.9999,0.6233,0.0,0.0,0.0,0.0,0.4529,1.0,0.7044,0.1533,1.0312,0.4166,0.2983,1.3866,-0.3,0.0,0.0145,
901,4,181,3.7542,1.0,1.0,0.9999,0.6305,0.0,0.0,0.0,0.0,0.4538,1.0,0.7046,0.1534,1.0315,0.4179,0.2991,1.3846,-0.3,0.0,0.0146,
902,4,182,3.7583,1.0,1.0,0.9999,0.6376,0.0,0.0,0.0,0.0,0.4547,1.0,0.7047,0.1534,1.0319,0.4191,0.3,1.3826,-0.3,0.0,0.0147,
903,4,183,3.7625,1.0,1.0,0.9999,0.6446,0.0,0.0,0.0,0.0,0.4556,1.0,0.7049,0.1535,1.0322,0.4204,0.3008,1.3807,-0.3,0.0,0.0147,
904,4,184,3.7667,1.0,1.0,1.0,0.6515,0.0,0.0,0.0,0.0,0.4564,1.0,0.7051,0.1536,1.0326,0.4217,0.3017,1.3787,-0.3,0.0,0.0148,
905,4,185,3.7708,1.0,1.0,1.0,0.6584,0.0,0.0,0.0,0.0,0.4573,1.0,0.7053,0.1536,1.0329,0.4229,0.3025,1.3768,-0.3,0.0,0.0149,
906,4,186,3.775,1.0,1.0,1.0,0.6651,0.0,0.0,0.0,0.0,0.4581,1.0,0.7054,0.1537,1.0333,0.4242,0.3034,1.3748,-0.3,0.0,0.0149,
907,4,187,3.7792,1.0,1.0,1.0,0.6718,0.0,0.0,0.0,0.0,0.459,1.0,0.7056,0.1538,1.0336,0.4254,0.3042,1.3729,-0.3,0.0,0.015,
908,4,188,3.7833,1.0,1.0,1.0,0.6783,0.0,0.0,0.0,0.0,0.4598,1.0,0.7058,0.1538,1.0339,0.4267,0.3051,1.371,-0.3,0.0,0.0151,
909,4,189,3.7875,1.0,1.0,1.0,0.6848,0.0,0.0,0.0,0.0,0.4606,1.0,0.706,0.1539,1.0342,0.4279,0.3059,1.369,-0.3,0.0,0.0151,
910,4,190,3.7917,1.0,1.0,1.0,0.6912,0.0,0.0,0.0,0.0,0.4614,1.0,0.7061,0.154,1.0346,0.4291,0.3068,1.3671,-0.3,0.0,0.0152,
911,4,191,3.7958,1.0,1.0,1.0,0.6975,0.0,0.0,0.0,0.0,0.4622,1.0,0.7063,0.154,1.0349,0.4304,0.3076,1.3652,-0.3,0.0,0.0153,
912,4,192,3.8,1.0,1.0,1.0,0.7037,0.0,0.0,0.0,0.0,0.463,1.0,0.7065,0.1541,1.0352,0.4316,0.3085,1.3633,-0.3,0.0,0.0153,
913,4,193,3.8042,1.0,1.0,1.0,0.7098,0.0,0.0,0.0,0.0,0.4637,1.0,0.7067,0.1542,1.0355,0.4328,0.3093,1.3614,-0.3,0.0,0.0154,
914,4,194,3.8083,1.0,1.0,1.0,0.7159,0.0,0.0,0.0,0.0,0.4645,1.0,0.7068,0.1542,1.0358,0.434,0.3102,1.3596,-0.3,0.0,0.0155,
915,4,195,3.8125,1.0,1.0,1.0,0.7218,0.0,0.0,0.0,0.0,0.4652,1.0,0.707,0.1543,1.0361,0.4352,0.311,1.3577,-0.3,0.0,0.0155,
916,4,196,3.8167,1.0,1.0,1.0,0.7277,0.0,0.0,0.0,0.0,0.466,1.0,0.7072,0.1544,1.0364,0.4364,0.3119,1.3558,-0.3,0.0,0.0156,
917,4,197,3.8208,1.0,1.0,1.0,0.7335,0.0,0.0,0.0,0.0,0.4667,1.0,0.7073,0.1544,1.0367,0.4376,0.3128,1.354,-0.3,0.0,0.0157,
918,4,198,3.825,1.0,1.0,1.0,0.7392,0.0,0.0,0.0,0.0,0.4674,1.0,0.7075,0.1545,1.037,0.4388,0.3136,1.3521,-0.3,0.0,0.0157,
919,4,199,3.8292,1.0,1.0,1.0,0.7448,0.0,0.0,0.0,0.0,0.4681,1.0,0.7077,0.1546,1.0372,0.4399,0.3145,1.3503,-0.3,0.0,0.0158,
920,4,200,3.8333,1.0,1.0,1.0,0.7504,0.0,0.0,0.0,0.0,0.4688,1.0,0.7078,0.1546,1.0375,0.4411,0.3153,1.3485,-0.3,0.0,0.0158,
921,4,201,3.8375,1.0,1.0,1.0,0.7559,0.0,0.0,0.0,0.0,0.4695,1.0,0.708,0.1547,1.0378,0.4423,0.3162,1.3466,-0.3,0.0,0.0159,
922,4,202,3.8417,1.0,1.0,1.0,0.7612,0.0,0.0,0.0,0.0,0.4702,1.0,0.7081,0.1547,1.0381,0.4434,0.317,1.3448,-0.3,0.0,0.0159,
923,4,203,3.8458,1.0,1.0,1.0,0.7666,0.0,0.0,0.0,0.0,0.4708,1.0,0.7083,0.1548,1.0383,0.4446,0.3179,1.343,-0.3,0.0,0.016,
924,4,204,3.85,1.0,1.0,1.0,0.7718,0.0,0.0,0.0,0.0,0.4715,1.0,0.7085,0.1549,1.0386,0.4457,0.3187,1.3412,-0.3,0.0,0.016,
925,4,205,3.8542,1.0,1.0,1.0,0.7769,0.0,0.0,0.0,0.0,0.4721,1.0,0.7086,0.1549,1.0388,0.4468,0.3196,1.3394,-0.3,0.0,0.0161,
926,4,206,3.8583,1.0,1.0,1.0,0.782,0.0,0.0,0.0,0.0,0.4727,1.0,0.7088,0.155,1.0391,0.4479,0.3204,1.3377,-0.3,0.0,0.0162,
927,4,207,3.8625,1.0,1.0,1.0,0.787,0.0,0.0,0.0,0.0,0.4734,1.0,0.7089,0.1551,1.0393,0.4491,0.3213,1.3359,-0.3,0.0,0.0162,
928,4,208,3.8667,1.0,1.0,1.0,0.7919,0.0,0.0,0.0,0.0,0.474,1.0,0.7091,0.1551,1.0396,0.4502,0.3221,1.3341,-0.3,0.0,0.0163,
929,4,209,3.8708,1.0,1.0,1.0,0.7967,0.0,0.0,0.0,0.0,0.4746,1.0,0.7093,0.1552,1.0398,0.4513,0.323,1.3324,-0.3,0.0,0.0163,
930,4,210,3.875,1.0,1.0,1.0,0.8015,0.0,0.0,0.0,0.0,0.4752,1.0,0.7094,0.1553,1.0401,0.4523,0.3238,1.3307,-0.3,0.0,0.0164,
931,4,211,3.8792,1.0,1.0,1.0,0.8062,0.0,0.0,0.0,0.0,0.4758,1.0,0.7096,0.1553,1.0403,0.4534,0.3247,1.3289,-0.3,0.0,0.0164,
932,4,212,3.8833,1.0,1.0,1.0,0.8108,0.0,0.0,0.0,0.0,0.4764,1.0,0.7097,0.1554,1.0405,0.4545,0.3255,1.3272,-0.3,0.0,0.0165,
933,4,213,3.8875,1.0,1.0,1.0,0.8153,0.0,0.0,0.0,0.0,0.4769,1.0,0.7099,0.1554,1.0408,0.4556,0.3264,1.3255,-0.3,0.0,0.0165,
934,4,214,3.8917,1.0,1.0,1.0,0.8198,0.0,0.0,0.0,0.0,0.4775,1.0,0.71,0.1555,1.041,0.4566,0.3272,1.3238,-0.3,0.0,0.0165,
935,4,215,3.8958,1.0,1.0,1.0,0.8242,0.0,0.0,0.0,0.0,0.478,1.0,0.7102,0.1556,1.0412,0.4577,0.328,1.3222,-0.3,0.0,0.0166,
936,4,216,3.9,1.0,1.0,1.0,0.8285,0.0,0.0,0.0,0.0,0.4786,1.0,0.7103,0.1556,1.0414,0.4587,0.3289,1.3205,-0.3,0.0,0.0166,
937,4,217,3.9042,1.0,1.0,1.0,0.8328,0.0,0.0,0.0,0.0,0.4791,1.0,0.7105,0.1557,1.0416,0.4597,0.3297,1.3188,-0.3,0.0,0.0167,
938,4,218,3.9083,1.0,1.0,1.0,0.837,0.0,0.0,0.0,0.0,0.4796,1.0,0.7106,0.1557,1.0418,0.4607,0.3306,1.3172,-0.3,0.0,0.0167,
939,4,219,3.9125,1.0,1.0,1.0,0.8411,0.0,0.0,0.0,0.0,0.4801,1.0,0.7108,0.1558,1.0421,0.4617,0.3314,1.3156,-0.3,0.0,0.0168,
940,4,220,3.9167,1.0,1.0,1.0,0.8451,0.0,0.0,0.0,0.0,0.4806,1.0,0.7109,0.1559,1.0423,0.4627,0.3322,1.3139,-0.3,0.0,0.0168,
941,4,221,3.9208,1.0,1.0,1.0,0.8491,0.0,0.0,0.0,0.0,0.4811,1.0,0.7111,0.1559,1.0425,0.4637,0.3331,1.3123,-0.3,0.0,0.0169,
942,4,222,3.925,1.0,1.0,1.0,0.853,0.0,0.0,0.0,0.0,0.4816,1.0,0.7112,0.156,1.0426,0.4647,0.3339,1.3107,-0.3,0.0,0.0169,
943,4,223,3.9292,1.0,1.0,1.0,0.8568,0.0,0.0,0.0,0.0,0.4821,1.0,0.7113,0.1561,1.0428,0.4657,0.3347,1.3091,-0.3,0.0,0.0169,
944,4,224,3.9333,1.0,1.0,1.0,0.8606,0.0,0.0,0.0,0.0,0.4826,1.0,0.7115,0.1561,1.043,0.4666,0.3355,1.3076,-0.3,0.0,0.017,
945,4,225,3.9375,1.0,1.0,1.0,0.8643,0.0,0.0,0.0,0.0,0.483,1.0,0.7116,0.1562,1.0432,0.4676,0.3364,1.306,-0.3,0.0,0.017,
946,4,226,3.9417,1.0,1.0,1.0,0.8679,0.0,0.0,0.0,0.0,0.4835,1.0,0.7118,0.1562,1.0434,0.4685,0.3372,1.3045,-0.3,0.0,0.0171,
947,4,227,3.9458,1.0,1.0,1.0,0.8715,0.0,0.0,0.0,0.0,0.4839,1.0,0.7119,0.1563,1.0436,0.4694,0.338,1.3029,-0.3,0.0,0.0171,
948,4,228,3.95,1.0,1.0,1.0,0.875,0.0,0.0,0.0,0.0,0.4844,1.0,0.7121,0.1563,1.0437,0.4703,0.3388,1.3014,-0.3,0.0,0.0171,
949,4,229,3.9542,1.0,1.0,1.0,0.8784,0.0,0.0,0.0,0.0,0.4848,1.0,0.7122,0.1564,1.0439,0.4712,0.3396,1.2999,-0.3,0.0,0.0172,
950,4,230,3.9583,1.0,1.0,1.0,0.8818,0.0,0.0,0.0,0.0,0.4852,1.0,0.7123,0.1565,1.0441,0.4721,0.3404,1.2984,-0.3,0.0,0.0172,
951,4,231,3.9625,1.0,1.0,1.0,0.8851,0.0,0.0,0.0,0.0,0.4856,1.0,0.7125,0.1565,1.0443,0.473,0.3412,1.2969,-0.3,0.0,0.0172,
952,4,232,3.9667,1.0,1.0,1.0,0.8884,0.0,0.0,0.0,0.0,0.486,1.0,0.7126,0.1566,1.0444,0.4739,0.342,1.2954,-0.3,0.0,0.0173,
953,4,233,3.9708,1.0,1.0,1.0,0.8916,0.0,0.0,0.0,0.0,0.4864,1.0,0.7127,0.1566,1.0446,0.4747,0.3428,1.294,-0.3,0.0,0.0173,
954,4,234,3.975,1.0,1.0,1.0,0.8947,0.0,0.0,0.0,0.0,0.4868,1.0,0.7129,0.1567,1.0447,0.4756,0.3436,1.2925,-0.3,0.0,0.0173,
955,4,235,3.9792,1.0,1.0,1.0,0.8978,0.0,0.0,0.0,0.0,0.4872,1.0,0.713,0.1567,1.0449,0.4764,0.3444,1.2911,-0.3,0.0,0.0174,
956,4,236,3.9833,1.0,1.0,1.0,0.9008,0.0,0.0,0.0,0.0,0.4876,1.0,0.7131,0.1568,1.045,0.4772,0.3452,1.2897,-0.3,0.0,0.0174,
957,4,237,3.9875,1.0,1.0,1.0,0.9037,0.0,0.0,0.0,0.0,0.488,1.0,0.7132,0.1569,1.0452,0.478,0.346,1.2883,-0.3,0.0,0.0174,
958,4,238,3.9917,1.0,1.0,1.0,0.9066,0.0,0.0,0.0,0.0,0.4883,1.0,0.7134,0.1569,1.0453,0.4788,0.3468,1.2869,-0.3,0.0,0.0175,
959,4,239,3.9958,1.0,1.0,1.0,0.9094,0.0,0.0,0.0,0.0,0.4887,1.0,0.7135,0.157,1.0455,0.4796,0.3476,1.2856,-0.3,0.0,0.0175,
960,5,0,4.0,1.0,1.0,1.0,0.9122,0.0,0.0,0.0,0.0,0.489,1.0,0.7136,0.157,1.0456,0.4804,0.3484,1.2842,-0.3,0.0,0.0175,
961,5,1,4.0042,1.0,1.0,1.0,0.9149,0.0,0.0,0.0,0.0,0.4894,1.0,0.7138,0.1571,1.0457,0.4811,0.3491,1.2829,-0.3,0.0,0.0175,
962,5,2,4.0083,1.0,1.0,1.0,0.9176,0.0,0.0,0.0,0.0,0.4897,1.0,0.7139,0.1571,1.0459,0.4819,0.3499,1.2816,-0.3,0.0,0.0176,
963,5,3,4.0125,1.0,1.0,1.0,0.9202,0.0,0.0,0.0,0.0,0.49,1.0,0.714,0.1572,1.046,0.4826,0.3507,1.2802,-0.3,0.0,0.0176,
964,5,4,4.0167,1.0,1.0,1.0,0.9227,0.0,0.0,0.0,0.0,0.4903,1.0,0.7141,0.1572,1.0461,0.4833,0.3514,1.279,-0.3,0.0,0.0176,
965,5,5,4.0208,1.0,1.0,1.0,0.9252,0.0,0.0,0.0,0.0,0.4907,1.0,0.7142,0.1573,1.0463,0.484,0.3522,1.2777,-0.3,0.0,0.0177,
966,5,6,4.025,1.0,1.0,1.0,0.9277,0.0,0.0,0.0,0.0,0.491,1.0,0.7144,0.1573,1.0464,0.4847,0.3529,1.2764,-0.3,0.0,0.0177,
967,5,7,4.0292,1.0,1.0,1.0,0.93,0.0,0.0,0.0,0.0,0.4913,1.0,0.7145,0.1574,1.0465,0.4854,0.3537,1.2752,-0.3,0.0,0.0177,
968,5,8,4.0333,1.0,1.0,1.0,0.9324,0.0,0.0,0.0,0.0,0.4915,1.0,0.7146,0.1575,1.0466,0.4861,0.3544,1.274,-0.3,0.0,0.0177,
969,5,9,4.0375,1.0,1.0,1.0,0.9347,0.0,0.0,0.0,0.0,0.4918,1.0,0.7147,0.1575,1.0467,0.4867,0.3552,1.2727,-0.3,0.0,0.0178,
970,5,10,4.0417,1.0,1.0,1.0,0.9369,0.0,0.0,0.0,0.0,0.4921,1.0,0.7148,0.1576,1.0468,0.4874,0.3559,1.2715,-0.3,0.0,0.0178,
971,5,11,4.0458,1.0,1.0,1.0,0.9391,0.0,0.0,0.0,0.0,0.4924,1.0,0.7149,0.1576,1.047,0.488,0.3567,1.2704,-0.3,0.0,0.0178,
972,5,12,4.05,1.0,1.0,1.0,0.9412,0.0,0.0,0.0,0.0,0.4926,1.0,0.7151,0.1577,1.0471,0.4886,0.3574,1.2692,-0.3,0.0,0.0178,
973,5,13,4.0542,1.0,1.0,1.0,0.9433,0.0,0.0,0.0,0.0,0.4929,1.0,0.7152,0.1577,1.0472,0.4892,0.3581,1.2681,-0.3,0.0,0.0178,
974,5,14,4.0583,1.0,1.0,1.0,0.9453,0.0,0.0,0.0,0.0,0.4932,1.0,0.7153,0.1578,1.0473,0.4898,0.3588,1.2669,-0.3,0.0,0.0179,
975,5,15,4.0625,1.0,1.0,1.0,0.9473,0.0,0.0,0.0,0.0,0.4934,1.0,0.7154,0.1578,1.0474,0.4904,0.3595,1.2658,-0.3,0.0,0.0179,
976,5,16,4.0667,1.0,1.0,1.0,0.9492,0.0,0.0,0.0,0.0,0.4936,1.0,0.7155,0.1579,1.0475,0.4909,0.3603,1.2647,-0.3,0.0,0.0179,
977,5,17,4.0708,1.0,1.0,1.0,0.9511,0.0,0.0,0.0,0.0,0.4939,1.0,0.7156,0.1579,1.0476,0.4914,0.361,1.2637,-0.3,0.0,0.0179,
978,5,18,4.075,1.0,1.0,1.0,0.9529,0.0,0.0,0.0,0.0,0.4941,1.0,0.7157,0.158,1.0476,0.492,0.3617,1.2626,-0.3,0.0,0.0179,
979,5,19,4.0792,1.0,1.0,1.0,0.9547,0.0,0.0,0.0,0.0,0.4943,1.0,0.7158,0.158,1.0477,0.4925,0.3624,1.2616,-0.3,0.0,0.018,
980,5,20,4.0833,1.0,1.0,1.0,0.9564,0.0,0.0,0.0,0.0,0.4946,1.0,0.7159,0.158,1.0478,0.493,0.3631,1.2606,-0.3,0.0,0.018,
981,5,21,4.0875,1.0,1.0,1.0,0.9581,0.0,0.0,0.0,0.0,0.4948,1.0,0.716,0.1581,1.0479,0.4934,0.3637,1.2596,-0.3,0.0,0.018,
982,5,22,4.0917,1.0,1.0,1.0,0.9598,0.0,0.0,0.0,0.0,0.495,1.0,0.7161,0.1581,1.048,0.4939,0.3644,1.2586,-0.3,0.0,0.018,
983,5,23,4.0958,1.0,1.0,1.0,0.9614,0.0,0.0,0.0,0.0,0.4952,1.0,0.7162,0.1582,1.0481,0.4944,0.3651,1.2576,-0.3,0.0,0.018,
984,5,24,4.1,1.0,1.0,1.0,0.963,0.0,0.0,0.0,0.0,0.4954,1.0,0.7163,0.1582,1.0481,0.4948,0.3658,1.2567,-0.3,0.0,0.0181,
985,5,25,4.1042,1.0,1.0,1.0,0.9645,0.0,0.0,0.0,0.0,0.4956,1.0,0.7164,0.1583,1.0482,0.4952,0.3664,1.2557,-0.3,0.0,0.0181,
986,5,26,4.1083,1.0,1.0,1.0,0.966,0.0,0.0,0.0,0.0,0.4957,1.0,0.7165,0.1583,1.0483,0.4956,0.3671,1.2548,-0.3,0.0,0.0181,
987,5,27,4.1125,1.0,1.0,1.0,0.9674,0.0,0.0,0.0,0.0,0.4959,1.0,0.7166,0.1584,1.0484,0.496,0.3677,1.2539,-0.3,0.0,0.0181,
988,5,28,4.1167,1.0,1.0,1.0,0.9688,0.0,0.0,0.0,0.0,0.4961,1.0,0.7167,0.1584,1.0484,0.4963,0.3684,1.2531,-0.3,0.0,0.0181,
989,5,29,4.1208,1.0,1.0,1.0,0.9702,0.0,0.0,0.0,0.0,0.4963,1.0,0.7168,0.1584,1.0485,0.4967,0.369,1.2522,-0.3,0.0,0.0181,
990,5,30,4.125,1.0,1.0,1.0,0.9715,0.0,0.0,0.0,0.0,0.4964,1.0,0.7169,0.1585,1.0486,0.497,0.3697,1.2514,-0.3,0.0,0.0181,
991,5,31,4.1292,1.0,1.0,1.0,0.9727,0.0,0.0,0.0,0.0,0.4966,1.0,0.717,0.1585,1.0486,0.4973,0.3703,1.2506,-0.3,0.0,0.0182,
992,5,32,4.1333,1.0,1.0,1.0,0.974,0.0,0.0,0.0,0.0,0.4967,1.0,0.7171,0.1586,1.0487,0.4976,0.3709,1.2498,-0.3,0.0,0.0182,
993,5,33,4.1375,1.0,1.0,1.0,0.9752,0.0,0.0,0.0,0.0,0.4969,1.0,0.7171,0.1586,1.0488,0.4979,0.3715,1.249,-0.3,0.0,0.0182,
994,5,34,4.1417,1.0,1.0,1.0,0.9764,0.0,0.0,0.0,0.0,0.497,1.0,0.7172,0.1587,1.0488,0.4982,0.3721,1.2483,-0.3,0.0,0.0182,
995,5,35,4.1458,1.0,1.0,1.0,0.9775,0.0,0.0,0.0,0.0,0.4972,1.0,0.7173,0.1587,1.0489,0.4984,0.3728,1.2475,-0.3,0.0,0.0182,
996,5,36,4.15,1.0,1.0,1.0,0.9786,0.0,0.0,0.0,0.0,0.4973,1.0,0.7174,0.1587,1.0489,0.4987,0.3734,1.2468,-0.3,0.0,0.0182,
997,5,37,4.1542,1.0,1.0,1.0,0.9796,0.0,0.0,0.0,0.0,0.4975,1.0,0.7175,0.1588,1.049,0.4989,0.3739,1.2461,-0.3,0.0,0.0182,
998,5,38,4.1583,1.0,1.0,1.0,0.9806,0.0,0.0,0.0,0.0,0.4976,1.0,0.7176,0.1588,1.049,0.4991,0.3745,1.2455,-0.3,0.0,0.0182,
999,5,39,4.1625,1.0,1.0,1.0,0.9816,0.0,0.0,0.0,0.0,0.4977,1.0,0.7176,0.1589,1.0491,0.4992,0.3751,1.2448,-0.3,0.0,0.0183,
1000,5,40,4.1667,1.0,1.0,1.0,0.9826,0.0,0.0,0.0,0.0,0.4978,1.0,0.7177,0.1589,1.0491,0.4994,0.3757,1.2442,-0.3,0.0,0.0183,
1001,5,41,4.1708,1.0,1.0,1.0,0.9835,0.0,0.0,0.0,0.0,0.4979,1.0,0.7178,0.1589,1.0492,0.4995,0.3762,1.2436,-0.3,0.0,0.0183,
1002,5,42,4.175,1.0,1.0,1.0,0.9844,0.0,0.0,0.0,0.0,0.498,1.0,0.7179,0.159,1.0492,0.4997,0.3768,1.243,-0.3,0.0,0.0183,
1003,5,43,4.1792,1.0,1.0,1.0,0.9852,0.0,0.0,0.0,0.0,0.4982,1.0,0.718,0.159,1.0493,0.4998,0.3774,1.2425,-0.3,0.0,0.0183,
1004,5,44,4.1833,1.0,1.0,1.0,0.986,0.0,0.0,0.0,0.0,0.4983,1.0,0.718,0.159,1.0493,0.4998,0.3779,1.2419,-0.3,0.0,0.0183,
1005,5,45,4.1875,1.0,1.0,1.0,0.9868,0.0,0.0,0.0,0.0,0.4984,1.0,0.7181,0.1591,1.0493,0.4999,0.3784,1.2414,-0.3,0.0,0.0183,
1006,5,46,4.1917,1.0,1.0,1.0,0.9876,0.0,0.0,0.0,0.0,0.4984,1.0,0.7182,0.1591,1.0494,0.5,0.379,1.2409,-0.3,0.0,0.0183,
1007,5,47,4.1958,1.0,1.0,1.0,0.9883,0.0,0.0,0.0,0.0,0.4985,1.0,0.7182,0.1591,1.0494,0.5,0.3795,1.2404,-0.3,0.0,0.0183,
1008,5,48,4.2,1.0,1.0,1.0,0.989,0.0,0.0,0.0,0.0,0.4986,1.0,0.7183,0.1592,1.0495,0.5,0.38,1.24,-0.3,0.0,0.0183,
1009,5,49,4.2042,1.0,1.0,1.0,0.9897,0.0124,0.0,0.0,0.0,0.5003,1.0,0.7184,0.1592,1.0501,0.5,0.3805,1.2396,-0.3,0.0,0.0185,
1010,5,50,4.2083,1.0,1.0,1.0,0.9903,0.0248,0.0,0.0,0.0,0.5019,1.0,0.7184,0.1592,1.0508,0.5,0.381,1.2391,-0.3,0.0,0.0186,
1011,5,51,4.2125,1.0,1.0,1.0,0.991,0.037,0.0,0.0,0.0,0.5035,1.0,0.7185,0.1593,1.0514,0.5,0.3815,1.2387,-0.3,0.0,0.0188,
1012,5,52,4.2167,1.0,1.0,1.0,0.9915,0.0492,0.0,0.0,0.0,0.5051,1.0,0.7186,0.1593,1.052,0.5,0.3821,1.2383,-0.3,0.0,0.0189,
1013,5,53,4.2208,1.0,1.0,1.0,0.9921,0.0612,0.0,0.0,0.0,0.5067,1.0,0.7186,0.1593,1.0527,0.5,0.3826,1.2378,-0.3,0.0,0.019,
1014,5,54,4.225,1.0,1.0,1.0,0.9926,0.0731,0.0,0.0,0.0,0.5082,1.0,0.7187,0.1594,1.0533,0.5,0.3831,1.2374,-0.3,0.0,0.0192,
1015,5,55,4.2292,1.0,1.0,1.0,0.9932,0.085,0.0,0.0,0.0,0.5098,1.0,0.7188,0.1594,1.0539,0.5,0.3836,1.237,-0.3,0.0,0.0193,
1016,5,56,4.2333,1.0,1.0,1.0,0.9936,0.0967,0.0,0.0,0.0,0.5113,1.0,0.7188,0.1594,1.0545,0.5,0.3841,1.2366,-0.3,0.0,0.0194,
1017,5,57,4.2375,1.0,1.0,1.0,0.9941,0.1083,0.0,0.0,0.0,0.5128,1.0,0.7189,0.1594,1.0551,0.5,0.3846,1.2362,-0.3,0.0,0.0196,
1018,5,58,4.2417,1.0,1.0,1.0,0.9946,0.1199,0.0,0.0,0.0,0.5143,1.0,0.7189,0.1595,1.0557,0.5,0.3852,1.2358,-0.3,0.0,0.0197,
1019,5,59,4.2458,1.0,1.0,1.0,0.995,0.1313,0.0,0.0,0.0,0.5158,1.0,0.719,0.1595,1.0563,0.5,0.3857,1.2353,-0.3,0.0,0.0198,
1020,5,60,4.25,1.0,1.0,1.0,0.9954,0.1426,0.0,0.0,0.0,0.5172,1.0,0.719,0.1595,1.0569,0.5,0.3862,1.2349,-0.3,0.0,0.0199,
1021,5,61,4.2542,1.0,1.0,1.0,0.9957,0.1539,0.0,0.0,0.0,0.5187,1.0,0.7191,0.1595,1.0575,0.5,0.3867,1.2345,-0.3,0.0,0.0201,
1022,5,62,4.2583,1.0,1.0,1.0,0.9961,0.165,0.0,0.0,0.0,0.5201,1.0,0.7191,0.1596,1.0581,0.5,0.3873,1.2341,-0.3,0.0,0.0202,
1023,5,63,4.2625,1.0,1.0,1.0,0.9964,0.176,0.0,0.0,0.0,0.5216,1.0,0.7192,0.1596,1.0586,0.5,0.3878,1.2337,-0.3,0.0,0.0203,
1024,5,64,4.2667,1.0,1.0,1.0,0.9967,0.187,0.0,0.0,0.0,0.523,1.0,0.7192,0.1596,1.0592,0.5,0.3883,1.2333,-0.3,0.0,0.0204,
1025,5,65,4.2708,1.0,1.0,1.0,0.997,0.1978,0.0,0.0,0.0,0.5244,1.0,0.7193,0.1596,1.0597,0.5,0.3888,1.2329,-0.3,0.0,0.0206,
1026,5,66,4.275,1.0,1.0,1.0,0.9973,0.2085,0.0,0.0,0.0,0.5257,1.0,0.7193,0.1597,1.0603,0.5,0.3894,1.2325,-0.3,0.0,0.0207,
1027,5,67,4.2792,1.0,1.0,1.0,0.9976,0.2192,0.0,0.0,0.0,0.5271,1.0,0.7194,0.1597,1.0608,0.5,0.3899,1.2322,-0.3,0.0,0.0208,
1028,5,68,4.2833,1.0,1.0,1.0,0.9978,0.2297,0.0,0.0,0.0,0.5284,1.0,0.7194,0.1597,1.0614,0.5,0.3904,1.2318,-0.3,0.0,0.0209,
1029,5,69,4.2875,1.0,1.0,1.0,0.998,0.2402,0.0,0.0,0.0,0.5298,1.0,0.7195,0.1597,1.0619,0.5,0.3909,1.2314,-0.3,0.0,0.021,
1030,5,70,4.2917,1.0,1.0,1.0,0.9983,0.2506,0.0,0.0,0.0,0.5311,1.0,0.7195,0.1597,1.0624,0.5,0.3915,1.231,-0.3,0.0,0.0211,
1031,5,71,4.2958,1.0,1.0,1.0,0.9984,0.2608,0.0,0.0,0.0,0.5324,1.0,0.7195,0.1598,1.063,0.5,0.392,1.2306,-0.3,0.0,0.0213,
1032,5,72,4.3,1.0,1.0,1.0,0.9986,0.271,0.0,0.0,0.0,0.5337,1.0,0.7196,0.1598,1.0635,0.5,0.3925,1.2302,-0.3,0.0,0.0214,
1033,5,73,4.3042,1.0,1.0,1.0,0.9988,0.2811,0.0,0.0,0.0,0.535,1.0,0.7196,0.1598,1.064,0.5,0.3931,1.2299,-0.3,0.0,0.0215,
1034,5,74,4.3083,1.0,1.0,1.0,0.9989,0.2911,0.0,0.0,0.0,0.5363,1.0,0.7196,0.1598,1.0645,0.5,0.3936,1.2295,-0.3,0.0,0.0216,
1035,5,75,4.3125,1.0,1.0,1.0,0.9991,0.301,0.0,0.0,0.0,0.5375,1.0,0.7197,0.1598,1.065,0.5,0.3941,1.2291,-0.3,0.0,0.0217,
1036,5,76,4.3167,1.0,1.0,1.0,0.9992,0.3108,0.0,0.0,0.0,0.5387,1.0,0.7197,0.1598,1.0655,0.5,0.3946,1.2287,-0.3,0.0,0.0218,
1037,5,77,4.3208,1.0,1.0,1.0,0.9993,0.3205,0.0,0.0,0.0,0.54,1.0,0.7197,0.1599,1.066,0.5,0.3952,1.2284,-0.3,0.0,0.0219,
1038,5,78,4.325,1.0,1.0,1.0,0.9994,0.3301,0.0,0.0,0.0,0.5412,1.0,0.7198,0.1599,1.0665,0.5,0.3957,1.228,-0.3,0.0,0.022,
1039,5,79,4.3292,1.0,1.0,1.0,0.9995,0.3396,0.0,0.0,0.0,0.5424,1.0,0.7198,0.1599,1.067,0.5,0.3962,1.2277,-0.3,0.0,0.0221,
1040,5,80,4.3333,1.0,1.0,1.0,0.9996,0.349,0.0,0.0,0.0,0.5436,1.0,0.7198,0.1599,1.0674,0.5,0.3968,1.2273,-0.3,0.0,0.0222,
1041,5,81,4.3375,1.0,1.0,1.0,0.9997,0.3584,0.0,0.0,0.0,0.5448,1.0,0.7198,0.1599,1.0679,0.5,0.3973,1.2269,-0.3,0.0,0.0223,
1042,5,82,4.3417,1.0,1.0,1.0,0.9997,0.3676,0.0,0.0,0.0,0.5459,1.0,0.7199,0.1599,1.0684,0.5,0.3978,1.2266,-0.3,0.0,0.0224,
1043,5,83,4.3458,1.0,1.0,1.0,0.9998,0.3768,0.0,0.0,0.0,0.5471,1.0,0.7199,0.1599,1.0688,0.5,0.3984,1.2262,-0.3,0.0,0.0225,
1044,5,84,4.35,1.0,1.0,1.0,0.9998,0.3859,0.0,0.0,0.0,0.5482,1.0,0.7199,0.1599,1.0693,0.5,0.3989,1.2259,-0.3,0.0,0.0226,
1045,5,85,4.3542,1.0,1.0,1.0,0.9999,0.3949,0.0,0.0,0.0,0.5493,1.0,0.7199,0.16,1.0697,0.5,0.3995,1.2255,-0.3,0.0,0.0227,
1046,5,86,4.3583,1.0,1.0,1.0,0.9999,0.4038,0.0,0.0,0.0,0.5505,1.0,0.7199,0.16,1.0702,0.5,0.4,1.2252,-0.3,0.0,0.0228,
1047,5,87,4.3625,1.0,1.0,1.0,0.9999,0.4126,0.0,0.0,0.0,0.5516,1.0,0.7199,0.16,1.0706,0.5,0.4005,1.2248,-0.3,0.0,0.0229,
1048,5,88,4.3667,1.0,1.0,1.0,0.9999,0.4213,0.0,0.0,0.0,0.5527,1.0,0.72,0.16,1.0711,0.5,0.4011,1.2245,-0.3,0.0,0.023,
1049,5,89,4.3708,1.0,1.0,1.0,1.0,0.4299,0.0,0.0,0.0,0.5537,1.0,0.72,0.16,1.0715,0.5,0.4016,1.2241,-0.3,0.0,0.0231,
1050,5,90,4.375,1.0,1.0,1.0,1.0,0.4385,0.0,0.0,0.0,0.5548,1.0,0.72,0.16,1.0719,0.5,0.4021,1.2238,-0.3,0.0,0.0232,
1051,5,91,4.3792,1.0,1.0,1.0,1.0,0.4469,0.0,0.0,0.0,0.5559,1.0,0.72,0.16,1.0723,0.5,0.4027,1.2235,-0.3,0.0,0.0233,
1052,5,92,4.3833,1.0,1.0,1.0,1.0,0.4553,0.0,0.0,0.0,0.5569,1.0,0.72,0.16,1.0728,0.5,0.4032,1.2231,-0.3,0.0,0.0234,
1053,5,93,4.3875,1.0,1.0,1.0,1.0,0.4636,0.0,0.0,0.0,0.558,1.0,0.72,0.16,1.0732,0.5,0.4037,1.2228,-0.3,0.0,0.0235,
1054,5,94,4.3917,1.0,1.0,1.0,1.0,0.4718,0.0,0.0,0.0,0.559,1.0,0.72,0.16,1.0736,0.5,0.4043,1.2225,-0.3,0.0,0.0236,
1055,5,95,4.3958,1.0,1.0,1.0,1.0,0.48,0.0,0.0,0.0,0.56,1.0,0.72,0.16,1.074,0.5,0.4048,1.2221,-0.3,0.0,0.0237,
1056,5,96,4.4,1.0,1.0,1.0,1.0,0.488,0.0,0.0,0.0,0.561,1.0,0.72,0.16,1.0744,0.5,0.4053,1.2218,-0.3,0.0,0.0238,
1057,5,97,4.4042,1.0,1.0,1.0,1.0,0.496,0.0,0.0,0.0,0.562,1.0,0.72,0.16,1.0748,0.5,0.4059,1.2215,-0.3,0.0,0.0239,
1058,5,98,4.4083,1.0,1.0,1.0,1.0,0.5038,0.0,0.0,0.0,0.563,1.0,0.72,0.16,1.0752,0.5,0.4064,1.2212,-0.3,0.0,0.0239,
1059,5,99,4.4125,1.0,1.0,1.0,1.0,0.5116,0.0,0.0,0.0,0.564,1.0,0.72,0.16,1.0756,0.5,0.407,1.2209,-0.3,0.0,0.024,
1060,5,100,4.4167,1.0,1.0,1.0,1.0,0.5193,0.0,0.0,0.0,0.5649,1.0,0.72,0.16,1.076,0.5,0.4075,1.2205,-0.3,0.0,0.0241,
1061,5,101,4.4208,1.0,1.0,1.0,1.0,0.527,0.0,0.0,0.0,0.5659,1.0,0.72,0.16,1.0763,0.5,0.408,1.2202,-0.3,0.0,0.0242,
1062,5,102,4.425,1.0,1.0,1.0,1.0,0.5345,0.0,0.0,0.0,0.5668,1.0,0.72,0.16,1.0767,0.5,0.4086,1.2199,-0.3,0.0,0.0243,
1063,5,103,4.4292,1.0,1.0,1.0,1.0,0.542,0.0,0.0,0.0,0.5677,1.0,0.72,0.16,1.0771,0.5,0.4091,1.2196,-0.3,0.0,0.0244,
1064,5,104,4.4333,1.0,1.0,1.0,1.0,0.5494,0.0,0.0,0.0,0.5687,1.0,0.72,0.16,1.0775,0.5,0.4096,1.2193,-0.3,0.0,0.0244,
1065,5,105,4.4375,1.0,1.0,1.0,1.0,0.5567,0.0,0.0,0.0,0.5696,1.0,0.72,0.16,1.0778,0.5,0.4102,1.219,-0.3,0.0,0.0245,
1066,5,106,4.4417,1.0,1.0,1.0,1.0,0.5639,0.0,0.0,0.0,0.5705,1.0,0.7201,0.16,1.0782,0.5,0.4107,1.2187,-0.3,0.0,0.0246,
1067,5,107,4.4458,1.0,1.0,1.0,1.0,0.5711,0.0,0.0,0.0,0.5714,1.0,0.7201,0.16,1.0786,0.5,0.4112,1.2184,-0.3,0.0,0.0247,
1068,5,108,4.45,1.0,1.0,1.0,1.0,0.5781,0.0,0.0,0.0,0.5723,1.0,0.7201,0.16,1.0789,0.5,0.4118,1.2181,-0.3,0.0,0.0248,
1069,5,109,4.4542,1.0,1.0,1.0,1.0,0.5851,0.0,0.0,0.0,0.5731,1.0,0.7201,0.16,1.0793,0.5,0.4123,1.2178,-0.3,0.0,0.0248,
1070,5,110,4.4583,1.0,1.0,1.0,1.0,0.592,0.0,0.0,0.0,0.574,1.0,0.7201,0.16,1.0796,0.5,0.4128,1.2175,-0.3,0.0,0.0249,
1071,5,111,4.4625,1.0,1.0,1.0,1.0,0.5989,0.0,0.0,0.0,0.5749,1.0,0.7201,0.16,1.0799,0.5,0.4134,1.2172,-0.3,0.0,0.025,
1072,5,112,4.4667,1.0,1.0,1.0,1.0,0.6056,0.0,0.0,0.0,0.5757,1.0,0.7201,0.16,1.0803,0.5,0.4139,1.2169,-0.3,0.0,0.0251,
1073,5,113,4.4708,1.0,1.0,1.0,1.0,0.6123,0.0,0.0,0.0,0.5765,1.0,0.7202,0.16,1.0806,0.5,0.4144,1.2166,-0.3,0.0,0.0251,
1074,5,114,4.475,1.0,1.0,1.0,1.0,0.6189,0.0,0.0,0.0,0.5774,1.0,0.7202,0.16,1.0809,0.5,0.415,1.2163,-0.3,0.0,0.0252,
1075,5,115,4.4792,1.0,1.0,1.0,1.0,0.6255,0.0,0.0,0.0,0.5782,1.0,0.7202,0.16,1.0813,0.5,0.4155,1.216,-0.3,0.0,0.0253,
1076,5,116,4.4833,1.0,1.0,1.0,1.0,0.6319,0.0,0.0,0.0,0.579,1.0,0.7202,0.16,1.0816,0.5,0.416,1.2157,-0.3,0.0,0.0254,
1077,5,117,4.4875,1.0,1.0,1.0,1.0,0.6383,0.0,0.0,0.0,0.5798,1.0,0.7202,0.16,1.0819,0.5,0.4166,1.2154,-0.3,0.0,0.0254,
1078,5,118,4.4917,1.0,1.0,1.0,1.0,0.6446,0.0,0.0,0.0,0.5806,1.0,0.7203,0.16,1.0822,0.5,0.4171,1.2151,-0.3,0.0,0.0255,
1079,5,119,4.4958,1.0,1.0,1.0,1.0,0.6508,0.0,0.0,0.0,0.5814,1.0,0.7203,0.16,1.0825,0.5,0.4176,1.2148,-0.3,0.0,0.0256,
1080,5,120,4.5,1.0,1.0,1.0,1.0,0.657,0.0,0.0,0.0,0.5821,1.0,0.7203,0.1601,1.0829,0.5,0.4181,1.2146,-0.3,0.0,0.0256,
1081,5,121,4.5042,1.0,1.0,1.0,1.0,0.6631,0.0,0.0,0.0,0.5829,1.0,0.7203,0.1601,1.0832,0.5,0.4187,1.2143,-0.3,0.0,0.0257,
1082,5,122,4.5083,1.0,1.0,1.0,1.0,0.6691,0.0,0.0,0.0,0.5836,1.0,0.7204,0.1601,1.0835,0.5,0.4192,1.214,-0.3,0.0,0.0258,
1083,5,123,4.5125,1.0,1.0,1.0,1.0,0.675,0.0,0.0,0.0,0.5844,1.0,0.7204,0.1601,1.0838,0.5,0.4197,1.2137,-0.3,0.0,0.0258,
1084,5,124,4.5167,1.0,1.0,1.0,1.0,0.6809,0.0,0.0,0.0,0.5851,1.0,0.7204,0.1601,1.084,0.5,0.4203,1.2135,-0.3,0.0,0.0259,
1085,5,125,4.5208,1.0,1.0,1.0,1.0,0.6867,0.0,0.0,0.0,0.5858,1.0,0.7204,0.1601,1.0843,0.5,0.4208,1.2132,-0.3,0.0,0.026,
1086,5,126,4.525,1.0,1.0,1.0,1.0,0.6925,0.0,0.0,0.0,0.5866,1.0,0.7205,0.1601,1.0846,0.5,0.4213,1.2129,-0.3,0.0,0.026,
1087,5,127,4.5292,1.0,1.0,1.0,1.0,0.6981,0.0,0.0,0.0,0.5873,1.0,0.7205,0.1601,1.0849,0.5,0.4218,1.2126,-0.3,0.0,0.0261,
1088,5,128,4.5333,1.0,1.0,1.0,1.0,0.7037,0.0,0.0,0.0,0.588,1.0,0.7205,0.1601,1.0852,0.5,0.4224,1.2124,-0.3,0.0,0.0261,
1089,5,129,4.5375,1.0,1.0,1.0,1.0,0.7092,0.0,0.0,0.0,0.5887,1.0,0.7206,0.1601,1.0855,0.5,0.4229,1.2121,-0.3,0.0,0.0262,
1090,5,130,4.5417,1.0,1.0,1.0,1.0,0.7147,0.0,0.0,0.0,0.5893,1.0,0.7206,0.1601,1.0857,0.5,0.4234,1.2118,-0.3,0.0,0.0263,
1091,5,131,4.5458,1.0,1.0,1.0,1.0,0.7201,0.0,0.0,0.0,0.59,1.0,0.7206,0.1601,1.086,0.5,0.4239,1.2116,-0.3,0.0,0.0263,
1092,5,132,4.55,1.0,1.0,1.0,1.0,0.7254,0.0,0.0,0.0,0.5907,1.0,0.7207,0.1601,1.0863,0.5,0.4244,1.2113,-0.3,0.0,0.0264,
1093,5,133,4.5542,1.0,1.0,1.0,1.0,0.7306,0.0,0.0,0.0,0.5913,1.0,0.7207,0.1601,1.0865,0.5,0.425,1.211,-0.3,0.0,0.0264,
1094,5,134,4.5583,1.0,1.0,1.0,1.0,0.7358,0.0,0.0,0.0,0.592,1.0,0.7207,0.1601,1.0868,0.5,0.4255,1.2108,-0.3,0.0,0.0265,
1095,5,135,4.5625,1.0,1.0,1.0,1.0,0.7409,0.0,0.0,0.0,0.5926,1.0,0.7208,0.1601,1.087,0.5,0.426,1.2105,-0.3,0.0,0.0266,
1096,5,136,4.5667,1.0,1.0,1.0,1.0,0.746,0.0,0.0,0.0,0.5932,1.0,0.7208,0.1601,1.0873,0.5,0.4265,1.2103,-0.3,0.0,0.0266,
1097,5,137,4.5708,1.0,1.0,1.0,1.0,0.7509,0.0,0.0,0.0,0.5939,1.0,0.7209,0.1601,1.0875,0.5,0.427,1.21,-0.3,0.0,0.0267,
1098,5,138,4.575,1.0,1.0,1.0,1.0,0.7559,0.0,0.0,0.0,0.5945,1.0,0.7209,0.1602,1.0878,0.5,0.4275,1.2098,-0.3,0.0,0.0267,
1099,5,139,4.5792,1.0,1.0,1.0,1.0,0.7607,0.0,0.0,0.0,0.5951,1.0,0.721,0.1602,1.088,0.5,0.428,1.2095,-0.3,0.0,0.0268,
1100,5,140,4.5833,1.0,1.0,1.0,1.0,0.7655,0.0,0.0,0.0,0.5957,1.0,0.721,0.1602,1.0883,0.5,0.4286,1.2093,-0.3,0.0,0.0268,
1101,5,141,4.5875,1.0,1.0,1.0,1.0,0.7702,0.0,0.0,0.0,0.5963,1.0,0.721,0.1602,1.0885,0.5,0.4291,1.209,-0.3,0.0,0.0269,
1102,5,142,4.5917,1.0,1.0,1.0,1.0,0.7749,0.0,0.0,0.0,0.5969,1.0,0.7211,0.1602,1.0887,0.5,0.4296,1.2088,-0.3,0.0,0.0269,
1103,5,143,4.5958,1.0,1.0,1.0,1.0,0.7795,0.0,0.0,0.0,0.5974,1.0,0.7211,0.1602,1.089,0.5,0.4301,1.2085,-0.3,0.0,0.027,
1104,5,144,4.6,1.0,1.0,1.0,1.0,0.784,0.0,0.0,0.0,0.598,1.0,0.7212,0.1602,1.0892,0.5,0.4306,1.2083,-0.3,0.0,0.027,
1105,5,145,4.6042,1.0,1.0,1.0,1.0,0.7885,0.0,0.0,0.0,0.5986,1.0,0.7212,0.1602,1.0894,0.5,0.4311,1.208,-0.3,0.0,0.0271,
1106,5,146,4.6083,1.0,1.0,1.0,1.0,0.7929,0.0,0.0,0.0,0.5991,1.0,0.7213,0.1602,1.0896,0.5,0.4316,1.2078,-0.3,0.0,0.0271,
1107,5,147,4.6125,1.0,1.0,1.0,1.0,0.7972,0.0,0.0,0.0,0.5997,1.0,0.7213,0.1602,1.0899,0.5,0.4321,1.2075,-0.3,0.0,0.0272,
1108,5,148,4.6167,1.0,1.0,1.0,1.0,0.8015,0.0,0.0,0.0,0.6002,1.0,0.7214,0.1602,1.0901,0.5,0.4326,1.2073,-0.3,0.0,0.0272,
1109,5,149,4.6208,1.0,1.0,1.0,1.0,0.8057,0.0,0.0,0.0,0.6007,1.0,0.7214,0.1602,1.0903,0.5,0.4331,1.2071,-0.3,0.0,0.0273,
1110,5,150,4.625,1.0,1.0,1.0,1.0,0.8099,0.0,0.0,0.0,0.6012,1.0,0.7215,0.1602,1.0905,0.5,0.4336,1.2068,-0.3,0.0,0.0273,
1111,5,151,4.6292,1.0,1.0,1.0,1.0,0.814,0.0,0.0,0.0,0.6017,1.0,0.7215,0.1603,1.0907,0.5,0.4341,1.2066,-0.3,0.0,0.0274,
1112,5,152,4.6333,1.0,1.0,1.0,1.0,0.818,0.0,0.0,0.0,0.6023,1.0,0.7216,0.1603,1.0909,0.5,0.4346,1.2064,-0.3,0.0,0.0274,
1113,5,153,4.6375,1.0,1.0,1.0,1.0,0.822,0.0,0.0,0.0,0.6028,1.0,0.7216,0.1603,1.0911,0.5,0.4351,1.2061,-0.3,0.0,0.0274,
1114,5,154,4.6417,1.0,1.0,1.0,1.0,0.8259,0.0,0.0,0.0,0.6032,1.0,0.7217,0.1603,1.0913,0.5,0.4356,1.2059,-0.3,0.0,0.0275,
1115,5,155,4.6458,1.0,1.0,1.0,1.0,0.8298,0.0,0.0,0.0,0.6037,1.0,0.7218,0.1603,1.0915,0.5,0.4361,1.2057,-0.3,0.0,0.0275,
1116,5,156,4.65,1.0,1.0,1.0,1.0,0.8336,0.0,0.0,0.0,0.6042,1.0,0.7218,0.1603,1.0917,0.5,0.4366,1.2054,-0.3,0.0,0.0276,
1117,5,157,4.6542,1.0,1.0,1.0,1.0,0.8374,0.0,0.0,0.0,0.6047,1.0,0.7219,0.1603,1.0919,0.5,0.4371,1.2052,-0.3,0.0,0.0276,
1118,5,158,4.6583,1.0,1.0,1.0,1.0,0.8411,0.0,0.0,0.0,0.6051,1.0,0.7219,0.1603,1.0921,0.5,0.4376,1.205,-0.3,0.0,0.0277,
1119,5,159,4.6625,1.0,1.0,1.0,1.0,0.8447,0.0,0.0,0.0,0.6056,1.0,0.722,0.1603,1.0922,0.5,0.4381,1.2047,-0.3,0.0,0.0277,
1120,5,160,4.6667,1.0,1.0,1.0,1.0,0.8483,0.0,0.0,0.0,0.606,1.0,0.7221,0.1603,1.0924,0.5,0.4385,1.2045,-0.3,0.0,0.0277,
1121,5,161,4.6708,1.0,1.0,1.0,1.0,0.8518,0.0,0.0,0.0,0.6065,1.0,0.7221,0.1604,1.0926,0.5,0.439,1.2043,-0.3,0.0,0.0278,
1122,5,162,4.675,1.0,1.0,1.0,1.0,0.8553,0.0,0.0,0.0,0.6069,1.0,0.7222,0.1604,1.0928,0.5,0.4395,1.2041,-0.3,0.0,0.0278,
1123,5,163,4.6792,1.0,1.0,1.0,1.0,0.8587,0.0,0.0,0.0,0.6073,1.0,0.7222,0.1604,1.0929,0.5,0.44,1.2038,-0.3,0.0,0.0278,
1124,5,164,4.6833,1.0,1.0,1.0,1.0,0.8621,0.0,0.0,0.0,0.6078,1.0,0.7223,0.1604,1.0931,0.5,0.4405,1.2036,-0.3,0.0,0.0279,
1125,5,165,4.6875,1.0,1.0,1.0,1.0,0.8654,0.0,0.0,0.0,0.6082,1.0,0.7224,0.1604,1.0933,0.5,0.441,1.2034,-0.3,0.0,0.0279,
1126,5,166,4.6917,1.0,1.0,1.0,1.0,0.8686,0.0,0.0,0.0,0.6086,1.0,0.7224,0.1604,1.0934,0.5,0.4414,1.2032,-0.3,0.0,0.028,
1127,5,167,4.6958,1.0,1.0,1.0,1.0,0.8718,0.0,0.0,0.0,0.609,1.0,0.7225,0.1604,1.0936,0.5,0.4419,1.203,-0.3,0.0,0.028,
1128,5,168,4.7,1.0,1.0,1.0,1.0,0.875,0.0,0.0,0.0,0.6094,1.0,0.7226,0.1604,1.0938,0.5,0.4424,1.2027,-0.3,0.0,0.028,
1129,5,169,4.7042,1.0,1.0,1.0,1.0,0.8781,0.0,0.0,0.0,0.6098,1.0,0.7226,0.1604,1.0939,0.5,0.4429,1.2025,-0.3,0.0,0.0281,
1130,5,170,4.7083,1.0,1.0,1.0,1.0,0.8811,0.0,0.0,0.0,0.6101,1.0,0.7227,0.1605,1.0941,0.5,0.4433,1.2023,-0.3,0.0,0.0281,
1131,5,171,4.7125,1.0,1.0,1.0,1.0,0.8841,0.0,0.0,0.0,0.6105,1.0,0.7228,0.1605,1.0942,0.5,0.4438,1.2021,-0.3,0.0,0.0281,
1132,5,172,4.7167,1.0,1.0,1.0,1.0,0.8871,0.0,0.0,0.0,0.6109,1.0,0.7229,0.1605,1.0944,0.5,0.4443,1.2019,-0.3,0.0,0.0282,
1133,5,173,4.7208,1.0,1.0,1.0,1.0,0.89,0.0,0.0,0.0,0.6112,1.0,0.7229,0.1605,1.0945,0.5,0.4447,1.2017,-0.3,0.0,0.0282,
1134,5,174,4.725,1.0,1.0,1.0,1.0,0.8928,0.0,0.0,0.0,0.6116,1.0,0.723,0.1605,1.0946,0.5,0.4452,1.2015,-0.3,0.0,0.0282,
1135,5,175,4.7292,1.0,1.0,1.0,1.0,0.8956,0.0,0.0,0.0,0.612,1.0,0.7231,0.1605,1.0948,0.5,0.4456,1.2013,-0.3,0.0,0.0283,
1136,5,176,4.7333,1.0,1.0,1.0,1.0,0.8984,0.0,0.0,0.0,0.6123,1.0,0.7232,0.1605,1.0949,0.5,0.4461,1.201,-0.3,0.0,0.0283,
1137,5,177,4.7375,1.0,1.0,1.0,1.0,0.9011,0.0,0.0,0.0,0.6126,1.0,0.7232,0.1605,1.0951,0.5,0.4466,1.2008,-0.3,0.0,0.0283,
1138,5,178,4.7417,1.0,1.0,1.0,1.0,0.9037,0.0,0.0,0.0,0.613,1.0,0.7233,0.1606,1.0952,0.5,0.447,1.2006,-0.3,0.0,0.0283,
1139,5,179,4.7458,1.0,1.0,1.0,1.0,0.9063,0.0,0.0,0.0,0.6133,1.0,0.7234,0.1606,1.0953,0.5,0.4475,1.2004,-0.3,0.0,0.0284,
1140,5,180,4.75,1.0,1.0,1.0,1.0,0.9089,0.0,0.0,0.0,0.6136,1.0,0.7235,0.1606,1.0954,0.5,0.4479,1.2002,-0.3,0.0,0.0284,
1141,5,181,4.7542,1.0,1.0,1.0,1.0,0.9114,0.0,0.0,0.0,0.6139,1.0,0.7235,0.1606,1.0956,0.5,0.4484,1.2,-0.3,0.0,0.0284,
1142,5,182,4.7583,1.0,1.0,1.0,1.0,0.9138,0.0,0.0,0.0,0.6142,1.0,0.7236,0.1606,1.0957,0.5,0.4488,1.1998,-0.3,0.0,0.0285,
1143,5,183,4.7625,1.0,1.0,1.0,1.0,0.9163,0.0,0.0,0.0,0.6145,1.0,0.7237,0.1606,1.0958,0.5,0.4493,1.1996,-0.3,0.0,0.0285,
1144,5,184,4.7667,1.0,1.0,1.0,1.0,0.9186,0.0,0.0,0.0,0.6148,1.0,0.7238,0.1606,1.0959,0.5,0.4497,1.1994,-0.3,0.0,0.0285,
1145,5,185,4.7708,1.0,1.0,1.0,1.0,0.921,0.0,0.0,0.0,0.6151,1.0,0.7239,0.1606,1.096,0.5,0.4501,1.1992,-0.3,0.0,0.0285,
1146,5,186,4.775,1.0,1.0,1.0,1.0,0.9232,0.0,0.0,0.0,0.6154,1.0,0.7239,0.1607,1.0962,0.5,0.4506,1.199,-0.3,0.0,0.0286,
1147,5,187,4.7792,1.0,1.0,1.0,1.0,0.9255,0.0,0.0,0.0,0.6157,1.0,0.724,0.1607,1.0963,0.5,0.451,1.1988,-0.3,0.0,0.0286,
1148,5,188,4.7833,1.0,1.0,1.0,1.0,0.9277,0.0,0.0,0.0,0.616,1.0,0.7241,0.1607,1.0964,0.5,0.4515,1.1986,-0.3,0.0,0.0286,
1149,5,189,4.7875,1.0,1.0,1.0,1.0,0.9298,0.0,0.0,0.0,0.6162,1.0,0.7242,0.1607,1.0965,0.5,0.4519,1.1984,-0.3,0.0,0.0286,
1150,5,190,4.7917,1.0,1.0,1.0,1.0,0.9319,0.0,0.0,0.0,0.6165,1.0,0.7243,0.1607,1.0966,0.5,0.4523,1.1982,-0.3,0.0,0.0286,
1151,5,191,4.7958,1.0,1.0,1.0,1.0,0.934,0.0,0.0,0.0,0.6167,1.0,0.7244,0.1607,1.0967,0.5,0.4527,1.198,-0.3,0.0,0.0287,
1152,5,192,4.8,1.0,1.0,1.0,1.0,0.936,0.0,0.0,0.0,0.617,1.0,0.7244,0.1607,1.0968,0.5,0.4532,1.1978,-0.3,0.0,0.0287,
1153,5,193,4.8042,1.0,1.0,1.0,1.0,0.938,0.0,0.0,0.0,0.6172,1.0,0.7245,0.1608,1.0969,0.5,0.4536,1.1976,-0.3,0.0,0.0287,
1154,5,194,4.8083,1.0,1.0,1.0,1.0,0.9399,0.0,0.0,0.0,0.6175,1.0,0.7246,0.1608,1.097,0.5,0.454,1.1974,-0.3,0.0,0.0287,
1155,5,195,4.8125,1.0,1.0,1.0,1.0,0.9418,0.0,0.0,0.0,0.6177,1.0,0.7247,0.1608,1.0971,0.5,0.4544,1.1972,-0.3,0.0,0.0288,
1156,5,196,4.8167,1.0,1.0,1.0,1.0,0.9437,0.0,0.0,0.0,0.618,1.0,0.7248,0.1608,1.0972,0.5,0.4549,1.197,-0.3,0.0,0.0288,
1157,5,197,4.8208,1.0,1.0,1.0,1.0,0.9455,0.0,0.0,0.0,0.6182,1.0,0.7249,0.1608,1.0973,0.5,0.4553,1.1968,-0.3,0.0,0.0288,
1158,5,198,4.825,1.0,1.0,1.0,1.0,0.9473,0.0,0.0,0.0,0.6184,1.0,0.725,0.1608,1.0974,0.5,0.4557,1.1966,-0.3,0.0,0.0288,
1159,5,199,4.8292,1.0,1.0,1.0,1.0,0.949,0.0,0.0,0.0,0.6186,1.0,0.7251,0.1608,1.0975,0.5,0.4561,1.1964,-0.3,0.0,0.0288,
1160,5,200,4.8333,1.0,1.0,1.0,1.0,0.9507,0.0,0.0,0.0,0.6188,1.0,0.7252,0.1609,1.0975,0.5,0.4565,1.1963,-0.3,0.0,0.0289,
1161,5,201,4.8375,1.0,1.0,1.0,1.0,0.9524,0.0,0.0,0.0,0.619,1.0,0.7253,0.1609,1.0976,0.5,0.4569,1.1961,-0.3,0.0,0.0289,
1162,5,202,4.8417,1.0,1.0,1.0,1.0,0.954,0.0,0.0,0.0,0.6192,1.0,0.7253,0.1609,1.0977,0.5,0.4573,1.1959,-0.3,0.0,0.0289,
1163,5,203,4.8458,1.0,1.0,1.0,1.0,0.9556,0.0,0.0,0.0,0.6194,1.0,0.7254,0.1609,1.0978,0.5,0.4577,1.1957,-0.3,0.0,0.0289,
1164,5,204,4.85,1.0,1.0,1.0,1.0,0.9571,0.0,0.0,0.0,0.6196,1.0,0.7255,0.1609,1.0979,0.5,0.4581,1.1955,-0.3,0.0,0.0289,
1165,5,205,4.8542,1.0,1.0,1.0,1.0,0.9586,0.0,0.0,0.0,0.6198,1.0,0.7256,0.1609,1.0979,0.5,0.4585,1.1953,-0.3,0.0,0.0289,
1166,5,206,4.8583,1.0,1.0,1.0,1.0,0.9601,0.0,0.0,0.0,0.62,1.0,0.7257,0.161,1.098,0.5,0.4589,1.1951,-0.3,0.0,0.029,
1167,5,207,4.8625,1.0,1.0,1.0,1.0,0.9616,0.0,0.0,0.0,0.6202,1.0,0.7258,0.161,1.0981,0.5,0.4593,1.1949,-0.3,0.0,0.029,
1168,5,208,4.8667,1.0,1.0,1.0,1.0,0.963,0.0,0.0,0.0,0.6204,1.0,0.7259,0.161,1.0981,0.5,0.4597,1.1947,-0.3,0.0,0.029,
1169,5,209,4.8708,1.0,1.0,1.0,1.0,0.9643,0.0,0.0,0.0,0.6205,1.0,0.726,0.161,1.0982,0.5,0.46,1.1946,-0.3,0.0,0.029,
1170,5,210,4.875,1.0,1.0,1.0,1.0,0.9657,0.0,0.0,0.0,0.6207,1.0,0.7261,0.161,1.0983,0.5,0.4604,1.1944,-0.3,0.0,0.029,
1171,5,211,4.8792,1.0,1.0,1.0,1.0,0.967,0.0,0.0,0.0,0.6209,1.0,0.7262,0.161,1.0983,0.5,0.4608,1.1942,-0.3,0.0,0.029,
1172,5,212,4.8833,1.0,1.0,1.0,1.0,0.9682,0.0,0.0,0.0,0.621,1.0,0.7263,0.1611,1.0984,0.5,0.4612,1.194,-0.3,0.0,0.029,
1173,5,213,4.8875,1.0,1.0,1.0,1.0,0.9695,0.0,0.0,0.0,0.6212,1.0,0.7264,0.1611,1.0985,0.5,0.4616,1.1938,-0.3,0.0,0.0291,
1174,5,214,4.8917,1.0,1.0,1.0,1.0,0.9707,0.0,0.0,0.0,0.6213,1.0,0.7265,0.1611,1.0985,0.5,0.4619,1.1936,-0.3,0.0,0.0291,
1175,5,215,4.8958,1.0,1.0,1.0,1.0,0.9719,0.0,0.0,0.0,0.6215,1.0,0.7266,0.1611,1.0986,0.5,0.4623,1.1934,-0.3,0.0,0.0291,
1176,5,216,4.9,1.0,1.0,1.0,1.0,0.973,0.0,0.0,0.0,0.6216,1.0,0.7267,0.1611,1.0986,0.5,0.4627,1.1933,-0.3,0.0,0.0291,
1177,5,217,4.9042,1.0,1.0,1.0,1.0,0.9741,0.0146,0.0,0.0,0.6236,1.0,0.7268,0.1611,1.0994,0.5,0.463,1.1931,-0.3,0.0,0.0293,
1178,5,218,4.9083,1.0,1.0,1.0,1.0,0.9752,0.0291,0.0,0.0,0.6255,1.0,0.7269,0.1612,1.1002,0.5,0.4634,1.1929,-0.3,0.0,0.0294,
1179,5,219,4.9125,1.0,1.0,1.0,1.0,0.9762,0.0435,0.0,0.0,0.6275,1.0,0.727,0.1612,1.101,0.5,0.4637,1.1927,-0.3,0.0,0.0296,
1180,5,220,4.9167,1.0,1.0,1.0,1.0,0.9773,0.0577,0.0,0.0,0.6294,1.0,0.7271,0.1612,1.1017,0.5,0.4641,1.1925,-0.3,0.0,0.0298,
1181,5,221,4.9208,1.0,1.0,1.0,1.0,0.9782,0.0717,0.0,0.0,0.6312,1.0,0.7273,0.1612,1.1025,0.5,0.4644,1.1923,-0.3,0.0,0.0299,
1182,5,222,4.925,1.0,1.0,1.0,1.0,0.9792,0.0857,0.0,0.0,0.6331,1.0,0.7274,0.1612,1.1032,0.5,0.4648,1.1922,-0.3,0.0,0.0301,
1183,5,223,4.9292,1.0,1.0,1.0,1.0,0.9801,0.0994,0.0,0.0,0.6349,1.0,0.7275,0.1612,1.104,0.5,0.4651,1.192,-0.3,0.0,0.0303,
1184,5,224,4.9333,1.0,1.0,1.0,1.0,0.981,0.1131,0.0,0.0,0.6368,1.0,0.7276,0.1613,1.1047,0.5,0.4655,1.1918,-0.3,0.0,0.0304,
1185,5,225,4.9375,1.0,1.0,1.0,1.0,0.9819,0.1266,0.0,0.0,0.6386,1.0,0.7277,0.1613,1.1054,0.5,0.4658,1.1916,-0.3,0.0,0.0306,
1186,5,226,4.9417,1.0,1.0,1.0,1.0,0.9828,0.14,0.0,0.0,0.6403,1.0,0.7278,0.1613,1.1061,0.5,0.4661,1.1914,-0.3,0.0,0.0307,
1187,5,227,4.9458,1.0,1.0,1.0,1.0,0.9836,0.1532,0.0,0.0,0.6421,1.0,0.7279,0.1613,1.1068,0.5,0.4665,1.1912,-0.3,0.0,0.0309,
1188,5,228,4.95,1.0,1.0,1.0,1.0,0.9844,0.1663,0.0,0.0,0.6438,1.0,0.728,0.1613,1.1075,0.5,0.4668,1.1911,-0.3,0.0,0.031,
1189,5,229,4.9542,1.0,1.0,1.0,1.0,0.9851,0.1793,0.0,0.0,0.6455,1.0,0.7281,0.1614,1.1082,0.5,0.4671,1.1909,-0.3,0.0,0.0312,
1190,5,230,4.9583,1.0,1.0,1.0,1.0,0.9859,0.1921,0.0,0.0,0.6472,1.0,0.7282,0.1614,1.1089,0.5,0.4675,1.1907,-0.3,0.0,0.0313,
1191,5,231,4.9625,1.0,1.0,1.0,1.0,0.9866,0.2048,0.0,0.0,0.6489,1.0,0.7283,0.1614,1.1096,0.5,0.4678,1.1905,-0.3,0.0,0.0315,
1192,5,232,4.9667,1.0,1.0,1.0,1.0,0.9873,0.2173,0.0,0.0,0.6506,1.0,0.7285,0.1614,1.1102,0.5,0.4681,1.1903,-0.3,0.0,0.0316,
1193,5,233,4.9708,1.0,1.0,1.0,1.0,0.988,0.2297,0.0,0.0,0.6522,1.0,0.7286,0.1614,1.1109,0.5,0.4684,1.1902,-0.3,0.0,0.0317,
1194,5,234,4.975,1.0,1.0,1.0,1.0,0.9886,0.242,0.0,0.0,0.6538,1.0,0.7287,0.1614,1.1115,0.5,0.4687,1.19,-0.3,0.0,0.0319,
1195,5,235,4.9792,1.0,1.0,1.0,1.0,0.9892,0.2542,0.0,0.0,0.6554,1.0,0.7288,0.1615,1.1122,0.5,0.469,1.1898,-0.3,0.0,0.032,
1196,5,236,4.9833,1.0,1.0,1.0,1.0,0.9898,0.2662,0.0,0.0,0.657,1.0,0.7289,0.1615,1.1128,0.5,0.4693,1.1896,-0.3,0.0,0.0321,
1197,5,237,4.9875,1.0,1.0,1.0,1.0,0.9904,0.2781,0.0,0.0,0.6586,1.0,0.729,0.1615,1.1134,0.5,0.4696,1.1894,-0.3,0.0,0.0323,
1198,5,238,4.9917,1.0,1.0,1.0,1.0,0.991,0.2899,0.0,0.0,0.6601,1.0,0.7291,0.1615,1.114,0.5,0.4699,1.1893,-0.3,0.0,0.0324,
1199,5,239,4.9958,1.0,1.0,1.0,1.0,0.9915,0.3015,0.0,0.0,0.6616,1.0,0.7293,0.1615,1.1147,0.5,0.4702,1.1891,-0.3,0.0,0.0325,
1200,6,0,5.0,1.0,1.0,1.0,1.0,0.992,0.313,0.0,0.0,0.6631,1.0,0.7294,0.1616,1.1153,0.5,0.4705,1.1889,-0.3,0.0,0.0327,
1201,6,1,5.0042,1.0,1.0,1.0,1.0,0.9925,0.3244,0.0,0.0,0.6646,1.0,0.7295,0.1616,1.1158,0.5,0.4708,1.1887,-0.3,0.0,0.0328,
1202,6,2,5.0083,1.0,1.0,1.0,1.0,0.993,0.3357,0.0,0.0,0.6661,1.0,0.7296,0.1616,1.1164,0.5,0.4711,1.1885,-0.3,0.0,0.0329,
1203,6,3,5.0125,1.0,1.0,1.0,1.0,0.9934,0.3468,0.0,0.0,0.6675,1.0,0.7297,0.1616,1.117,0.5,0.4714,1.1884,-0.3,0.0,0.033,
1204,6,4,5.0167,1.0,1.0,1.0,1.0,0.9938,0.3578,0.0,0.0,0.669,1.0,0.7298,0.1616,1.1176,0.5,0.4716,1.1882,-0.3,0.0,0.0332,
1205,6,5,5.0208,1.0,1.0,1.0,1.0,0.9942,0.3687,0.0,0.0,0.6704,1.0,0.73,0.1617,1.1181,0.5,0.4719,1.188,-0.3,0.0,0.0333,
1206,6,6,5.025,1.0,1.0,1.0,1.0,0.9946,0.3795,0.0,0.0,0.6718,1.0,0.7301,0.1617,1.1187,0.5,0.4722,1.1878,-0.3,0.0,0.0334,
1207,6,7,5.0292,1.0,1.0,1.0,1.0,0.995,0.3901,0.0,0.0,0.6731,1.0,0.7302,0.1617,1.1193,0.5,0.4724,1.1876,-0.3,0.0,0.0335,
1208,6,8,5.0333,1.0,1.0,1.0,1.0,0.9954,0.4006,0.0,0.0,0.6745,1.0,0.7303,0.1617,1.1198,0.5,0.4727,1.1875,-0.3,0.0,0.0336,
1209,6,9,5.0375,1.0,1.0,1.0,1.0,0.9957,0.411,0.0,0.0,0.6758,1.0,0.7305,0.1617,1.1203,0.5,0.473,1.1873,-0.3,0.0,0.0337,
1210,6,10,5.0417,1.0,1.0,1.0,1.0,0.996,0.4213,0.0,0.0,0.6772,1.0,0.7306,0.1618,1.1209,0.5,0.4732,1.1871,-0.3,0.0,0.0338,
1211,6,11,5.0458,1.0,1.0,1.0,1.0,0.9963,0.4314,0.0,0.0,0.6785,1.0,0.7307,0.1618,1.1214,0.5,0.4735,1.1869,-0.3,0.0,0.0339,
1212,6,12,5.05,1.0,1.0,1.0,1.0,0.9966,0.4415,0.0,0.0,0.6798,1.0,0.7308,0.1618,1.1219,0.5,0.4737,1.1867,-0.3,0.0,0.0341,
1213,6,13,5.0542,1.0,1.0,1.0,1.0,0.9969,0.4514,0.0,0.0,0.681,1.0,0.7309,0.1618,1.1224,0.5,0.474,1.1865,-0.3,0.0,0.0342,
1214,6,14,5.0583,1.0,1.0,1.0,1.0,0.9972,0.4612,0.0,0.0,0.6823,1.0,0.7311,0.1618,1.1229,0.5,0.4742,1.1864,-0.3,0.0,0.0343,
1215,6,15,5.0625,1.0,1.0,1.0,1.0,0.9974,0.4709,0.0,0.0,0.6835,1.0,0.7312,0.1619,1.1234,0.5,0.4744,1.1862,-0.3,0.0,0.0344,
1216,6,16,5.0667,1.0,1.0,1.0,1.0,0.9976,0.4804,0.0,0.0,0.6848,1.0,0.7313,0.1619,1.1239,0.5,0.4747,1.186,-0.3,0.0,0.0345,
1217,6,17,5.0708,1.0,1.0,1.0,1.0,0.9978,0.4899,0.0,0.0,0.686,1.0,0.7314,0.1619,1.1244,0.5,0.4749,1.1858,-0.3,0.0,0.0346,
1218,6,18,5.075,1.0,1.0,1.0,1.0,0.998,0.4992,0.0,0.0,0.6872,1.0,0.7316,0.1619,1.1249,0.5,0.4751,1.1856,-0.3,0.0,0.0347,
1219,6,19,5.0792,1.0,1.0,1.0,1.0,0.9982,0.5084,0.0,0.0,0.6883,1.0,0.7317,0.1619,1.1253,0.5,0.4753,1.1855,-0.3,0.0,0.0348,
1220,6,20,5.0833,1.0,1.0,1.0,1.0,0.9984,0.5175,0.0,0.0,0.6895,1.0,0.7318,0.162,1.1258,0.5,0.4756,1.1853,-0.3,0.0,0.0349,
1221,6,21,5.0875,1.0,1.0,1.0,1.0,0.9986,0.5265,0.0,0.0,0.6906,1.0,0.7319,0.162,1.1263,0.5,0.4758,1.1851,-0.3,0.0,0.035,
1222,6,22,5.0917,1.0,1.0,1.0,1.0,0.9987,0.5354,0.0,0.0,0.6918,1.0,0.7321,0.162,1.1267,0.5,0.476,1.1849,-0.3,0.0,0.035,
1223,6,23,5.0958,1.0,1.0,1.0,1.0,0.9989,0.5442,0.0,0.0,0.6929,1.0,0.7322,0.162,1.1272,0.5,0.4762,1.1847,-0.3,0.0,0.0351,
1224,6,24,5.1,1.0,1.0,1.0,1.0,0.999,0.5528,0.0,0.0,0.694,1.0,0.7323,0.1621,1.1276,0.5,0.4764,1.1845,-0.3,0.0,0.0352,
1225,6,25,5.1042,1.0,1.0,1.0,1.0,0.9991,0.5614,0.0,0.0,0.6951,1.0,0.7325,0.1621,1.128,0.5,0.4766,1.1844,-0.3,0.0,0.0353,
1226,6,26,5.1083,1.0,1.0,1.0,1.0,0.9992,0.5698,0.0,0.0,0.6961,1.0,0.7326,0.1621,1.1285,0.5,0.4768,1.1842,-0.3,0.0,0.0354,
1227,6,27,5.1125,1.0,1.0,1.0,1.0,0.9993,0.5781,0.0,0.0,0.6972,1.0,0.7327,0.1621,1.1289,0.5,0.477,1.184,-0.3,0.0,0.0355,
1228,6,28,5.1167,1.0,1.0,1.0,1.0,0.9994,0.5863,0.0,0.0,0.6982,1.0,0.7329,0.1621,1.1293,0.5,0.4772,1.1838,-0.3,0.0,0.0356,
1229,6,29,5.1208,1.0,1.0,1.0,1.0,0.9995,0.5945,0.0,0.0,0.6992,1.0,0.733,0.1622,1.1297,0.5,0.4773,1.1836,-0.3,0.0,0.0357,
1230,6,30,5.125,1.0,1.0,1.0,1.0,0.9996,0.6025,0.0,0.0,0.7003,1.0,0.7331,0.1622,1.1301,0.5,0.4775,1.1834,-0.3,0.0,0.0357,
1231,6,31,5.1292,1.0,1.0,1.0,1.0,0.9996,0.6104,0.0,0.0,0.7013,1.0,0.7332,0.1622,1.1305,0.5,0.4777,1.1832,-0.3,0.0,0.0358,
1232,6,32,5.1333,1.0,1.0,1.0,1.0,0.9997,0.6181,0.0,0.0,0.7022,1.0,0.7334,0.1622,1.1309,0.5,0.4779,1.1831,-0.3,0.0,0.0359,
1233,6,33,5.1375,1.0,1.0,1.0,1.0,0.9998,0.6258,0.0,0.0,0.7032,1.0,0.7335,0.1623,1.1313,0.5,0.478,1.1829,-0.3,0.0,0.036,
1234,6,34,5.1417,1.0,1.0,1.0,1.0,0.9998,0.6334,0.0,0.0,0.7042,1.0,0.7336,0.1623,1.1317,0.5,0.4782,1.1827,-0.3,0.0,0.036,
1235,6,35,5.1458,1.0,1.0,1.0,1.0,0.9998,0.6409,0.0,0.0,0.7051,1.0,0.7338,0.1623,1.132,0.5,0.4783,1.1825,-0.3,0.0,0.0361,
1236,6,36,5.15,1.0,1.0,1.0,1.0,0.9999,0.6483,0.0,0.0,0.706,1.0,0.7339,0.1623,1.1324,0.5,0.4785,1.1823,-0.3,0.0,0.0362,
1237,6,37,5.1542,1.0,1.0,1.0,1.0,0.9999,0.6556,0.0,0.0,0.7069,1.0,0.7341,0.1623,1.1328,0.5,0.4786,1.1821,-0.3,0.0,0.0363,
1238,6,38,5.1583,1.0,1.0,1.0,1.0,0.9999,0.6627,0.0,0.0,0.7078,1.0,0.7342,0.1624,1.1331,0.5,0.4788,1.1819,-0.3,0.0,0.0363,
1239,6,39,5.1625,1.0,1.0,1.0,1.0,0.9999,0.6698,0.0,0.0,0.7087,1.0,0.7343,0.1624,1.1335,0.5,0.4789,1.1817,-0.3,0.0,0.0364,
1240,6,40,5.1667,1.0,1.0,1.0,1.0,1.0,0.6768,0.0,0.0,0.7096,1.0,0.7345,0.1624,1.1338,0.5,0.4791,1.1815,-0.3,0.0,0.0365,
1241,6,41,5.1708,1.0,1.0,1.0,1.0,1.0,0.6837,0.0,0.0,0.7105,1.0,0.7346,0.1624,1.1342,0.5,0.4792,1.1814,-0.3,0.0,0.0365,
1242,6,42,5.175,1.0,1.0,1.0,1.0,1.0,0.6904,0.0,0.0,0.7113,1.0,0.7347,0.1625,1.1345,0.5,0.4793,1.1812,-0.3,0.0,0.0366,
1243,6,43,5.1792,1.0,1.0,1.0,1.0,1.0,0.6971,0.0,0.0,0.7121,1.0,0.7349,0.1625,1.1349,0.5,0.4795,1.181,-0.3,0.0,0.0367,
1244,6,44,5.1833,1.0,1.0,1.0,1.0,1.0,0.7037,0.0,0.0,0.713,1.0,0.735,0.1625,1.1352,0.5,0.4796,1.1808,-0.3,0.0,0.0367,
1245,6,45,5.1875,1.0,1.0,1.0,1.0,1.0,0.7102,0.0,0.0,0.7138,1.0,0.7351,0.1625,1.1355,0.5,0.4797,1.1806,-0.3,0.0,0.0368,
1246,6,46,5.1917,1.0,1.0,1.0,1.0,1.0,0.7166,0.0,0.0,0.7146,1.0,0.7353,0.1625,1.1358,0.5,0.4798,1.1804,-0.3,0.0,0.0369,
1247,6,47,5.1958,1.0,1.0,1.0,1.0,1.0,0.7229,0.0,0.0,0.7154,1.0,0.7354,0.1626,1.1361,0.5,0.4799,1.1802,-0.3,0.0,0.0369,
1248,6,48,5.2,1.0,1.0,1.0,1.0,1.0,0.7291,0.0,0.0,0.7161,1.0,0.7356,0.1626,1.1365,0.5,0.48,1.18,-0.3,0.0,0.037,
1249,6,49,5.2042,1.0,1.0,1.0,1.0,1.0,0.7352,0.0,0.0,0.7169,1.0,0.7357,0.1626,1.1368,0.5,0.4801,1.1798,-0.3,0.0,0.0371,
1250,6,50,5.2083,1.0,1.0,1.0,1.0,1.0,0.7412,0.0,0.0,0.7177,1.0,0.7358,0.1626,1.1371,0.5,0.4802,1.1796,-0.3,0.0,0.0371,
1251,6,51,5.2125,1.0,1.0,1.0,1.0,1.0,0.7471,0.0,0.0,0.7184,1.0,0.736,0.1627,1.1374,0.5,0.4803,1.1794,-0.3,0.0,0.0372,
1252,6,52,5.2167,1.0,1.0,1.0,1.0,1.0,0.753,0.0,0.0,0.7191,1.0,0.7361,0.1627,1.1376,0.5,0.4804,1.1792,-0.3,0.0,0.0372,
1253,6,53,5.2208,1.0,1.0,1.0,1.0,1.0,0.7587,0.0,0.0,0.7198,1.0,0.7363,0.1627,1.1379,0.5,0.4805,1.179,-0.3,0.0,0.0373,
1254,6,54,5.225,1.0,1.0,1.0,1.0,1.0,0.7644,0.0,0.0,0.7205,1.0,0.7364,0.1627,1.1382,0.5,0.4806,1.1788,-0.3,0.0,0.0373,
1255,6,55,5.2292,1.0,1.0,1.0,1.0,1.0,0.7699,0.0,0.0,0.7212,1.0,0.7365,0.1628,1.1385,0.5,0.4807,1.1787,-0.3,0.0,0.0374,
1256,6,56,5.2333,1.0,1.0,1.0,1.0,1.0,0.7754,0.0,0.0,0.7219,1.0,0.7367,0.1628,1.1388,0.5,0.4808,1.1785,-0.3,0.0,0.0374,
1257,6,57,5.2375,1.0,1.0,1.0,1.0,1.0,0.7808,0.0,0.0,0.7226,1.0,0.7368,0.1628,1.139,0.5,0.4809,1.1783,-0.3,0.0,0.0375,
1258,6,58,5.2417,1.0,1.0,1.0,1.0,1.0,0.7861,0.0,0.0,0.7233,1.0,0.737,0.1628,1.1393,0.5,0.481,1.1781,-0.3,0.0,0.0376,
1259,6,59,5.2458,1.0,1.0,1.0,1.0,1.0,0.7913,0.0,0.0,0.7239,1.0,0.7371,0.1629,1.1396,0.5,0.4811,1.1779,-0.3,0.0,0.0376,
1260,6,60,5.25,1.0,1.0,1.0,1.0,1.0,0.7965,0.0,0.0,0.7246,1.0,0.7372,0.1629,1.1398,0.5,0.4812,1.1777,-0.3,0.0,0.0377,
1261,6,61,5.2542,1.0,1.0,1.0,1.0,1.0,0.8015,0.0,0.0,0.7252,1.0,0.7374,0.1629,1.1401,0.5,0.4813,1.1775,-0.3,0.0,0.0377,
1262,6,62,5.2583,1.0,1.0,1.0,1.0,1.0,0.8065,0.0,0.0,0.7258,1.0,0.7375,0.1629,1.1403,0.5,0.4814,1.1773,-0.3,0.0,0.0377,
1263,6,63,5.2625,1.0,1.0,1.0,1.0,1.0,0.8113,0.0,0.0,0.7264,1.0,0.7377,0.1629,1.1406,0.5,0.4815,1.1772,-0.3,0.0,0.0378,
1264,6,64,5.2667,1.0,1.0,1.0,1.0,1.0,0.8161,0.0,0.0,0.727,1.0,0.7378,0.163,1.1408,0.5,0.4815,1.177,-0.3,0.0,0.0378,
1265,6,65,5.2708,1.0,1.0,1.0,1.0,1.0,0.8209,0.0,0.0,0.7276,1.0,0.738,0.163,1.141,0.5,0.4816,1.1768,-0.3,0.0,0.0379,
1266,6,66,5.275,1.0,1.0,1.0,1.0,1.0,0.8255,0.0,0.0,0.7282,1.0,0.7381,0.163,1.1413,0.5,0.4817,1.1766,-0.3,0.0,0.0379,
1267,6,67,5.2792,1.0,1.0,1.0,1.0,1.0,0.83,0.0,0.0,0.7288,1.0,0.7383,0.163,1.1415,0.5,0.4818,1.1764,-0.3,0.0,0.038,
1268,6,68,5.2833,1.0,1.0,1.0,1.0,1.0,0.8345,0.0,0.0,0.7293,1.0,0.7384,0.1631,1.1417,0.5,0.4819,1.1763,-0.3,0.0,0.038,
1269,6,69,5.2875,1.0,1.0,1.0,1.0,1.0,0.8389,0.0,0.0,0.7299,1.0,0.7385,0.1631,1.1419,0.5,0.482,1.1761,-0.3,0.0,0.0381,
1270,6,70,5.2917,1.0,1.0,1.0,1.0,1.0,0.8432,0.0,0.0,0.7304,1.0,0.7387,0.1631,1.1422,0.5,0.4821,1.1759,-0.3,0.0,0.0381,
1271,6,71,5.2958,1.0,1.0,1.0,1.0,1.0,0.8475,0.0,0.0,0.7309,1.0,0.7388,0.1631,1.1424,0.5,0.4822,1.1757,-0.3,0.0,0.0381,
1272,6,72,5.3,1.0,1.0,1.0,1.0,1.0,0.8516,0.0,0.0,0.7315,1.0,0.739,0.1632,1.1426,0.5,0.4823,1.1756,-0.3,0.0,0.0382,
1273,6,73,5.3042,1.0,1.0,1.0,1.0,1.0,0.8557,0.0,0.0,0.732,1.0,0.7391,0.1632,1.1428,0.5,0.4824,1.1754,-0.3,0.0,0.0382,
1274,6,74,5.3083,1.0,1.0,1.0,1.0,1.0,0.8597,0.0,0.0,0.7325,1.0,0.7393,0.1632,1.143,0.5,0.4825,1.1752,-0.3,0.0,0.0383,
1275,6,75,5.3125,1.0,1.0,1.0,1.0,1.0,0.8636,0.0,0.0,0.733,1.0,0.7394,0.1632,1.1432,0.5,0.4826,1.175,-0.3,0.0,0.0383,
1276,6,76,5.3167,1.0,1.0,1.0,1.0,1.0,0.8675,0.0,0.0,0.7334,1.0,0.7396,0.1633,1.1434,0.5,0.4827,1.1749,-0.3,0.0,0.0383,
1277,6,77,5.3208,1.0,1.0,1.0,1.0,1.0,0.8713,0.0,0.0,0.7339,1.0,0.7397,0.1633,1.1436,0.5,0.4828,1.1747,-0.3,0.0,0.0384,
1278,6,78,5.325,1.0,1.0,1.0,1.0,1.0,0.875,0.0,0.0,0.7344,1.0,0.7399,0.1633,1.1438,0.5,0.4829,1.1745,-0.3,0.0,0.0384,
1279,6,79,5.3292,1.0,1.0,1.0,1.0,1.0,0.8786,0.0,0.0,0.7348,1.0,0.74,0.1633,1.1439,0.5,0.4829,1.1743,-0.3,0.0,0.0384,
1280,6,80,5.3333,1.0,1.0,1.0,1.0,1.0,0.8822,0.0,0.0,0.7353,1.0,0.7402,0.1634,1.1441,0.5,0.483,1.1742,-0.3,0.0,0.0385,
1281,6,81,5.3375,1.0,1.0,1.0,1.0,1.0,0.8857,0.0,0.0,0.7357,1.0,0.7403,0.1634,1.1443,0.5,0.4831,1.174,-0.3,0.0,0.0385,
1282,6,82,5.3417,1.0,1.0,1.0,1.0,1.0,0.8891,0.0,0.0,0.7361,1.0,0.7405,0.1634,1.1445,0.5,0.4832,1.1738,-0.3,0.0,0.0385,
1283,6,83,5.3458,1.0,1.0,1.0,1.0,1.0,0.8925,0.0,0.0,0.7366,1.0,0.7406,0.1634,1.1446,0.5,0.4833,1.1737,-0.3,0.0,0.0386,
1284,6,84,5.35,1.0,1.0,1.0,1.0,1.0,0.8958,0.0,0.0,0.737,1.0,0.7408,0.1635,1.1448,0.5,0.4834,1.1735,-0.3,0.0,0.0386,
1285,6,85,5.3542,1.0,1.0,1.0,1.0,1.0,0.899,0.0,0.0,0.7374,1.0,0.7409,0.1635,1.145,0.5,0.4835,1.1733,-0.3,0.0,0.0386,
1286,6,86,5.3583,1.0,1.0,1.0,1.0,1.0,0.9022,0.0,0.0,0.7378,1.0,0.7411,0.1635,1.1451,0.5,0.4836,1.1732,-0.3,0.0,0.0387,
1287,6,87,5.3625,1.0,1.0,1.0,1.0,1.0,0.9053,0.0,0.0,0.7382,1.0,0.7412,0.1635,1.1453,0.5,0.4837,1.173,-0.3,0.0,0.0387,
1288,6,88,5.3667,1.0,1.0,1.0,1.0,1.0,0.9083,0.0,0.0,0.7385,1.0,0.7414,0.1636,1.1454,0.5,0.4838,1.1728,-0.3,0.0,0.0387,
1289,6,89,5.3708,1.0,1.0,1.0,1.0,1.0,0.9112,0.0,0.0,0.7389,1.0,0.7415,0.1636,1.1456,0.5,0.4839,1.1727,-0.3,0.0,0.0387,
1290,6,90,5.375,1.0,1.0,1.0,1.0,1.0,0.9141,0.0,0.0,0.7393,1.0,0.7417,0.1636,1.1457,0.5,0.4839,1.1725,-0.3,0.0,0.0388,
1291,6,91,5.3792,1.0,1.0,1.0,1.0,1.0,0.917,0.0,0.0,0.7396,1.0,0.7418,0.1636,1.1458,0.5,0.484,1.1724,-0.3,0.0,0.0388,
1292,6,92,5.3833,1.0,1.0,1.0,1.0,1.0,0.9197,0.0,0.0,0.74,1.0,0.742,0.1637,1.146,0.5,0.4841,1.1722,-0.3,0.0,0.0388,
1293,6,93,5.3875,1.0,1.0,1.0,1.0,1.0,0.9224,0.0,0.0,0.7403,1.0,0.7421,0.1637,1.1461,0.5,0.4842,1.172,-0.3,0.0,0.0389,
1294,6,94,5.3917,1.0,1.0,1.0,1.0,1.0,0.9251,0.0,0.0,0.7406,1.0,0.7423,0.1637,1.1463,0.5,0.4843,1.1719,-0.3,0.0,0.0389,
1295,6,95,5.3958,1.0,1.0,1.0,1.0,1.0,0.9277,0.0,0.0,0.741,1.0,0.7424,0.1637,1.1464,0.5,0.4844,1.1717,-0.3,0.0,0.0389,
1296,6,96,5.4,1.0,1.0,1.0,1.0,1.0,0.9302,0.0,0.0,0.7413,1.0,0.7426,0.1638,1.1465,0.5,0.4845,1.1716,-0.3,0.0,0.0389,
1297,6,97,5.4042,1.0,1.0,1.0,1.0,1.0,0.9326,0.0,0.0,0.7416,1.0,0.7427,0.1638,1.1466,0.5,0.4846,1.1714,-0.3,0.0,0.0389,
1298,6,98,5.4083,1.0,1.0,1.0,1.0,1.0,0.9351,0.0,0.0,0.7419,1.0,0.7429,0.1638,1.1468,0.5,0.4847,1.1712,-0.3,0.0,0.039,
1299,6,99,5.4125,1.0,1.0,1.0,1.0,1.0,0.9374,0.0,0.0,0.7422,1.0,0.743,0.1638,1.1469,0.5,0.4847,1.1711,-0.3,0.0,0.039,
1300,6,100,5.4167,1.0,1.0,1.0,1.0,1.0,0.9397,0.0,0.0,0.7425,1.0,0.7432,0.1639,1.147,0.5,0.4848,1.1709,-0.3,0.0,0.039,
1301,6,101,5.4208,1.0,1.0,1.0,1.0,1.0,0.9419,0.0,0.0,0.7427,1.0,0.7433,0.1639,1.1471,0.5,0.4849,1.1708,-0.3,0.0,0.039,
1302,6,102,5.425,1.0,1.0,1.0,1.0,1.0,0.9441,0.0,0.0,0.743,1.0,0.7435,0.1639,1.1472,0.5,0.485,1.1706,-0.3,0.0,0.0391,
1303,6,103,5.4292,1.0,1.0,1.0,1.0,1.0,0.9462,0.0,0.0,0.7433,1.0,0.7436,0.1639,1.1473,0.5,0.4851,1.1705,-0.3,0.0,0.0391,
1304,6,104,5.4333,1.0,1.0,1.0,1.0,1.0,0.9483,0.0,0.0,0.7435,1.0,0.7438,0.164,1.1474,0.5,0.4852,1.1703,-0.3,0.0,0.0391,
1305,6,105,5.4375,1.0,1.0,1.0,1.0,1.0,0.9503,0.0,0.0,0.7438,1.0,0.7439,0.164,1.1475,0.5,0.4853,1.1702,-0.3,0.0,0.0391,
1306,6,106,5.4417,1.0,1.0,1.0,1.0,1.0,0.9523,0.0,0.0,0.744,1.0,0.7441,0.164,1.1476,0.5,0.4853,1.17,-0.3,0.0,0.0391,
1307,6,107,5.4458,1.0,1.0,1.0,1.0,1.0,0.9542,0.0,0.0,0.7443,1.0,0.7443,0.164,1.1477,0.5,0.4854,1.1698,-0.3,0.0,0.0391,
1308,6,108,5.45,1.0,1.0,1.0,1.0,1.0,0.956,0.0,0.0,0.7445,1.0,0.7444,0.1641,1.1478,0.5,0.4855,1.1697,-0.3,0.0,0.0392,
1309,6,109,5.4542,1.0,1.0,1.0,1.0,1.0,0.9578,0.0,0.0,0.7447,1.0,0.7446,0.1641,1.1479,0.5,0.4856,1.1695,-0.3,0.0,0.0392,
1310,6,110,5.4583,1.0,1.0,1.0,1.0,1.0,0.9596,0.0,0.0,0.7449,1.0,0.7447,0.1641,1.148,0.5,0.4857,1.1694,-0.3,0.0,0.0392,
1311,6,111,5.4625,1.0,1.0,1.0,1.0,1.0,0.9613,0.0,0.0,0.7452,1.0,0.7449,0.1641,1.1481,0.5,0.4858,1.1692,-0.3,0.0,0.0392,
1312,6,112,5.4667,1.0,1.0,1.0,1.0,1.0,0.963,0.0,0.0,0.7454,1.0,0.745,0.1642,1.1481,0.5,0.4859,1.1691,-0.3,0.0,0.0392,
1313,6,113,5.4708,1.0,1.0,1.0,1.0,1.0,0.9646,0.0,0.0,0.7456,1.0,0.7452,0.1642,1.1482,0.5,0.4859,1.169,-0.3,0.0,0.0392,
1314,6,114,5.475,1.0,1.0,1.0,1.0,1.0,0.9661,0.0,0.0,0.7458,1.0,0.7453,0.1642,1.1483,0.5,0.486,1.1688,-0.3,0.0,0.0393,
1315,6,115,5.4792,1.0,1.0,1.0,1.0,1.0,0.9677,0.0,0.0,0.746,1.0,0.7455,0.1642,1.1484,0.5,0.4861,1.1687,-0.3,0.0,0.0393,
1316,6,116,5.4833,1.0,1.0,1.0,1.0,1.0,0.9691,0.0,0.0,0.7461,1.0,0.7456,0.1643,1.1485,0.5,0.4862,1.1685,-0.3,0.0,0.0393,
1317,6,117,5.4875,1.0,1.0,1.0,1.0,1.0,0.9705,0.0,0.0,0.7463,1.0,0.7458,0.1643,1.1485,0.5,0.4863,1.1684,-0.3,0.0,0.0393,
1318,6,118,5.4917,1.0,1.0,1.0,1.0,1.0,0.9719,0.0,0.0,0.7465,1.0,0.7459,0.1643,1.1486,0.5,0.4864,1.1682,-0.3,0.0,0.0393,
1319,6,119,5.4958,1.0,1.0,1.0,1.0,1.0,0.9733,0.0,0.0,0.7467,1.0,0.7461,0.1644,1.1487,0.5,0.4864,1.1681,-0.3,0.0,0.0393,
1320,6,120,5.5,1.0,1.0,1.0,1.0,1.0,0.9746,0.0,0.0,0.7468,1.0,0.7463,0.1644,1.1487,0.5,0.4865,1.1679,-0.3,0.0,0.0393,
1321,6,121,5.5042,1.0,1.0,1.0,1.0,1.0,0.9758,0.0138,0.0,0.7487,1.0,0.7464,0.1644,1.1495,0.5,0.4866,1.1678,-0.3,0.0,0.0395,
1322,6,122,5.5083,1.0,1.0,1.0,1.0,1.0,0.977,0.0275,0.0,0.7506,1.0,0.7466,0.1644,1.1502,0.5,0.4867,1.1676,-0.3,0.0,0.0396,
1323,6,123,5.5125,1.0,1.0,1.0,1.0,1.0,0.9782,0.0411,0.0,0.7524,1.0,0.7467,0.1645,1.151,0.5,0.4868,1.1675,-0.3,0.0,0.0397,
1324,6,124,5.5167,1.0,1.0,1.0,1.0,1.0,0.9793,0.0545,0.0,0.7542,1.0,0.7469,0.1645,1.1517,0.5,0.4869,1.1674,-0.3,0.0,0.0399,
1325,6,125,5.5208,1.0,1.0,1.0,1.0,1.0,0.9804,0.0678,0.0,0.756,1.0,0.747,0.1645,1.1524,0.5,0.4869,1.1672,-0.3,0.0,0.04,
1326,6,126,5.525,1.0,1.0,1.0,1.0,1.0,0.9815,0.081,0.0,0.7578,1.0,0.7472,0.1645,1.1531,0.5,0.487,1.1671,-0.3,0.0,0.0401,
1327,6,127,5.5292,1.0,1.0,1.0,1.0,1.0,0.9825,0.0941,0.0,0.7596,1.0,0.7473,0.1646,1.1538,0.5,0.4871,1.1669,-0.3,0.0,0.0403,
1328,6,128,5.5333,1.0,1.0,1.0,1.0,1.0,0.9834,0.107,0.0,0.7613,1.0,0.7475,0.1646,1.1545,0.5,0.4872,1.1668,-0.3,0.0,0.0404,
1329,6,129,5.5375,1.0,1.0,1.0,1.0,1.0,0.9844,0.1199,0.0,0.763,1.0,0.7477,0.1646,1.1552,0.5,0.4873,1.1666,-0.3,0.0,0.0405,
1330,6,130,5.5417,1.0,1.0,1.0,1.0,1.0,0.9853,0.1326,0.0,0.7647,1.0,0.7478,0.1646,1.1559,0.5,0.4873,1.1665,-0.3,0.0,0.0406,
1331,6,131,5.5458,1.0,1.0,1.0,1.0,1.0,0.9861,0.1451,0.0,0.7664,1.0,0.748,0.1647,1.1566,0.5,0.4874,1.1664,-0.3,0.0,0.0407,
1332,6,132,5.55,1.0,1.0,1.0,1.0,1.0,0.987,0.1576,0.0,0.7681,1.0,0.7481,0.1647,1.1572,0.5,0.4875,1.1662,-0.3,0.0,0.0409,
1333,6,133,5.5542,1.0,1.0,1.0,1.0,1.0,0.9878,0.1699,0.0,0.7697,1.0,0.7483,0.1647,1.1579,0.5,0.4876,1.1661,-0.3,0.0,0.041,
1334,6,134,5.5583,1.0,1.0,1.0,1.0,1.0,0.9885,0.1821,0.0,0.7713,1.0,0.7484,0.1647,1.1585,0.5,0.4877,1.166,-0.3,0.0,0.0411,
1335,6,135,5.5625,1.0,1.0,1.0,1.0,1.0,0.9893,0.1942,0.0,0.7729,1.0,0.7486,0.1648,1.1592,0.5,0.4877,1.1658,-0.3,0.0,0.0412,
1336,6,136,5.5667,1.0,1.0,1.0,1.0,1.0,0.99,0.2062,0.0,0.7745,1.0,0.7488,0.1648,1.1598,0.5,0.4878,1.1657,-0.3,0.0,0.0413,
1337,6,137,5.5708,1.0,1.0,1.0,1.0,1.0,0.9906,0.218,0.0,0.7761,1.0,0.7489,0.1648,1.1604,0.5,0.4879,1.1655,-0.3,0.0,0.0414,
1338,6,138,5.575,1.0,1.0,1.0,1.0,1.0,0.9913,0.2297,0.0,0.7776,1.0,0.7491,0.1648,1.1611,0.5,0.488,1.1654,-0.3,0.0,0.0415,
1339,6,139,5.5792,1.0,1.0,1.0,1.0,1.0,0.9919,0.2414,0.0,0.7792,1.0,0.7492,0.1649,1.1617,0.5,0.4881,1.1653,-0.3,0.0,0.0416,
1340,6,140,5.5833,1.0,1.0,1.0,1.0,1.0,0.9925,0.2529,0.0,0.7807,1.0,0.7494,0.1649,1.1623,0.5,0.4881,1.1651,-0.3,0.0,0.0417,
1341,6,141,5.5875,1.0,1.0,1.0,1.0,1.0,0.993,0.2642,0.0,0.7822,1.0,0.7495,0.1649,1.1629,0.5,0.4882,1.165,-0.3,0.0,0.0418,
1342,6,142,5.5917,1.0,1.0,1.0,1.0,1.0,0.9935,0.2755,0.0,0.7836,1.0,0.7497,0.1649,1.1635,0.5,0.4883,1.1649,-0.3,0.0,0.0419,
1343,6,143,5.5958,1.0,1.0,1.0,1.0,1.0,0.994,0.2866,0.0,0.7851,1.0,0.7498,0.165,1.164,0.5,0.4884,1.1647,-0.3,0.0,0.042,
1344,6,144,5.6,1.0,1.0,1.0,1.0,1.0,0.9945,0.2977,0.0,0.7865,1.0,0.75,0.165,1.1646,0.5,0.4884,1.1646,-0.3,0.0,0.0421,
1345,6,145,5.6042,1.0,1.0,1.0,1.0,1.0,0.9949,0.3086,0.0,0.7879,1.0,0.7502,0.165,1.1652,0.5,0.4885,1.1645,-0.3,0.0,0.0422,
1346,6,146,5.6083,1.0,1.0,1.0,1.0,1.0,0.9954,0.3194,0.0,0.7893,1.0,0.7503,0.1651,1.1657,0.5,0.4886,1.1643,-0.3,0.0,0.0423,
1347,6,147,5.6125,1.0,1.0,1.0,1.0,1.0,0.9958,0.3301,0.0,0.7907,1.0,0.7505,0.1651,1.1663,0.5,0.4887,1.1642,-0.3,0.0,0.0424,
1348,6,148,5.6167,1.0,1.0,1.0,1.0,1.0,0.9961,0.3407,0.0,0.7921,1.0,0.7506,0.1651,1.1668,0.5,0.4887,1.1641,-0.3,0.0,0.0425,
1349,6,149,5.6208,1.0,1.0,1.0,1.0,1.0,0.9965,0.3511,0.0,0.7935,1.0,0.7508,0.1651,1.1674,0.5,0.4888,1.1639,-0.3,0.0,0.0426,
1350,6,150,5.625,1.0,1.0,1.0,1.0,1.0,0.9968,0.3615,0.0,0.7948,1.0,0.7509,0.1652,1.1679,0.5,0.4889,1.1638,-0.3,0.0,0.0427,
1351,6,151,5.6292,1.0,1.0,1.0,1.0,1.0,0.9971,0.3717,0.0,0.7961,1.0,0.7511,0.1652,1.1684,0.5,0.489,1.1637,-0.3,0.0,0.0427,
1352,6,152,5.6333,1.0,1.0,1.0,1.0,1.0,0.9974,0.3819,0.0,0.7974,1.0,0.7512,0.1652,1.169,0.5,0.4891,1.1635,-0.3,0.0,0.0428,
1353,6,153,5.6375,1.0,1.0,1.0,1.0,1.0,0.9977,0.3919,0.0,0.7987,1.0,0.7514,0.1652,1.1695,0.5,0.4891,1.1634,-0.3,0.0,0.0429,
1354,6,154,5.6417,1.0,1.0,1.0,1.0,1.0,0.9979,0.4018,0.0,0.8,1.0,0.7516,0.1653,1.17,0.5,0.4892,1.1633,-0.3,0.0,0.043,
1355,6,155,5.6458,1.0,1.0,1.0,1.0,1.0,0.9982,0.4116,0.0,0.8012,1.0,0.7517,0.1653,1.1705,0.5,0.4893,1.1632,-0.3,0.0,0.0431,
1356,6,156,5.65,1.0,1.0,1.0,1.0,1.0,0.9984,0.4213,0.0,0.8025,1.0,0.7519,0.1653,1.171,0.5,0.4894,1.163,-0.3,0.0,0.0432,
1357,6,157,5.6542,1.0,1.0,1.0,1.0,1.0,0.9986,0.4309,0.0,0.8037,1.0,0.752,0.1653,1.1715,0.5,0.4894,1.1629,-0.3,0.0,0.0432,
1358,6,158,5.6583,1.0,1.0,1.0,1.0,1.0,0.9987,0.4404,0.0,0.8049,1.0,0.7522,0.1654,1.172,0.5,0.4895,1.1628,-0.3,0.0,0.0433,
1359,6,159,5.6625,1.0,1.0,1.0,1.0,1.0,0.9989,0.4498,0.0,0.8061,1.0,0.7523,0.1654,1.1724,0.5,0.4896,1.1626,-0.3,0.0,0.0434,
1360,6,160,5.6667,1.0,1.0,1.0,1.0,1.0,0.9991,0.459,0.0,0.8073,1.0,0.7525,0.1654,1.1729,0.5,0.4896,1.1625,-0.3,0.0,0.0435,
1361,6,161,5.6708,1.0,1.0,1.0,1.0,1.0,0.9992,0.4682,0.0,0.8084,1.0,0.7527,0.1654,1.1734,0.5,0.4897,1.1624,-0.3,0.0,0.0435,
1362,6,162,5.675,1.0,1.0,1.0,1.0,1.0,0.9993,0.4773,0.0,0.8096,1.0,0.7528,0.1655,1.1738,0.5,0.4898,1.1623,-0.3,0.0,0.0436,
1363,6,163,5.6792,1.0,1.0,1.0,1.0,1.0,0.9994,0.4862,0.0,0.8107,1.0,0.753,0.1655,1.1743,0.5,0.4899,1.1621,-0.3,0.0,0.0437,
1364,6,164,5.6833,1.0,1.0,1.0,1.0,1.0,0.9995,0.4951,0.0,0.8118,1.0,0.7531,0.1655,1.1747,0.5,0.4899,1.162,-0.3,0.0,0.0437,
1365,6,165,5.6875,1.0,1.0,1.0,1.0,1.0,0.9996,0.5038,0.0,0.8129,1.0,0.7533,0.1655,1.1752,0.5,0.49,1.1619,-0.3,0.0,0.0438,
1366,6,166,5.6917,1.0,1.0,1.0,1.0,1.0,0.9997,0.5125,0.0,0.814,1.0,0.7534,0.1656,1.1756,0.5,0.4901,1.1617,-0.3,0.0,0.0439,
1367,6,167,5.6958,1.0,1.0,1.0,1.0,1.0,0.9997,0.521,0.0,0.8151,1.0,0.7536,0.1656,1.176,0.5,0.4902,1.1616,-0.3,0.0,0.0439,
1368,6,168,5.7,1.0,1.0,1.0,1.0,1.0,0.9998,0.5295,0.0,0.8162,1.0,0.7537,0.1656,1.1765,0.5,0.4902,1.1615,-0.3,0.0,0.044,
1369,6,169,5.7042,1.0,1.0,1.0,1.0,1.0,0.9998,0.5378,0.0,0.8172,1.0,0.7539,0.1656,1.1769,0.5,0.4903,1.1614,-0.3,0.0,0.0441,
1370,6,170,5.7083,1.0,1.0,1.0,1.0,1.0,0.9999,0.5461,0.0,0.8182,1.0,0.7541,0.1657,1.1773,0.5,0.4904,1.1612,-0.3,0.0,0.0441,
1371,6,171,5.7125,1.0,1.0,1.0,1.0,1.0,0.9999,0.5543,0.0,0.8193,1.0,0.7542,0.1657,1.1777,0.5,0.4904,1.1611,-0.3,0.0,0.0442,
1372,6,172,5.7167,1.0,1.0,1.0,1.0,1.0,0.9999,0.5623,0.0,0.8203,1.0,0.7544,0.1657,1.1781,0.5,0.4905,1.161,-0.3,0.0,0.0442,
1373,6,173,5.7208,1.0,1.0,1.0,1.0,1.0,1.0,0.5703,0.0,0.8213,1.0,0.7545,0.1658,1.1785,0.5,0.4906,1.1609,-0.3,0.0,0.0443,
1374,6,174,5.725,1.0,1.0,1.0,1.0,1.0,1.0,0.5781,0.0,0.8223,1.0,0.7547,0.1658,1.1789,0.5,0.4906,1.1607,-0.3,0.0,0.0444,
1375,6,175,5.7292,1.0,1.0,1.0,1.0,1.0,1.0,0.5859,0.0,0.8232,1.0,0.7548,0.1658,1.1793,0.5,0.4907,1.1606,-0.3,0.0,0.0444,
1376,6,176,5.7333,1.0,1.0,1.0,1.0,1.0,1.0,0.5936,0.0,0.8242,1.0,0.755,0.1658,1.1797,0.5,0.4908,1.1605,-0.3,0.0,0.0445,
1377,6,177,5.7375,1.0,1.0,1.0,1.0,1.0,1.0,0.6011,0.0,0.8251,1.0,0.7551,0.1659,1.1801,0.5,0.4909,1.1604,-0.3,0.0,0.0445,
1378,6,178,5.7417,1.0,1.0,1.0,1.0,1.0,1.0,0.6086,0.0,0.8261,1.0,0.7553,0.1659,1.1804,0.5,0.4909,1.1602,-0.3,0.0,0.0446,
1379,6,179,5.7458,1.0,1.0,1.0,1.0,1.0,1.0,0.616,0.0,0.827,1.0,0.7554,0.1659,1.1808,0.5,0.491,1.1601,-0.3,0.0,0.0446,
1380,6,180,5.75,1.0,1.0,1.0,1.0,1.0,1.0,0.6233,0.0,0.8279,1.0,0.7556,0.1659,1.1812,0.5,0.4911,1.16,-0.3,0.0,0.0447,
1381,6,181,5.7542,1.0,1.0,1.0,1.0,1.0,1.0,0.6305,0.0,0.8288,1.0,0.7557,0.166,1.1815,0.5,0.4911,1.1599,-0.3,0.0,0.0447,
1382,6,182,5.7583,1.0,1.0,1.0,1.0,1.0,1.0,0.6376,0.0,0.8297,1.0,0.7559,0.166,1.1819,0.5,0.4912,1.1598,-0.3,0.0,0.0448,
1383,6,183,5.7625,1.0,1.0,1.0,1.0,1.0,1.0,0.6446,0.0,0.8306,1.0,0.7561,0.166,1.1822,0.5,0.4913,1.1596,-0.3,0.0,0.0448,
1384,6,184,5.7667,1.0,1.0,1.0,1.0,1.0,1.0,0.6515,0.0,0.8314,1.0,0.7562,0.166,1.1826,0.5,0.4913,1.1595,-0.3,0.0,0.0449,
1385,6,185,5.7708,1.0,1.0,1.0,1.0,1.0,1.0,0.6584,0.0,0.8323,1.0,0.7564,0.1661,1.1829,0.5,0.4914,1.1594,-0.3,0.0,0.0449,
1386,6,186,5.775,1.0,1.0,1.0,1.0,1.0,1.0,0.6651,0.0,0.8331,1.0,0.7565,0.1661,1.1833,0.5,0.4915,1.1593,-0.3,0.0,0.045,
1387,6,187,5.7792,1.0,1.0,1.0,1.0,1.0,1.0,0.6718,0.0,0.834,1.0,0.7567,0.1661,1.1836,0.5,0.4915,1.1591,-0.3,0.0,0.045,
1388,6,188,5.7833,1.0,1.0,1.0,1.0,1.0,1.0,0.6783,0.0,0.8348,1.0,0.7568,0.1661,1.1839,0.5,0.4916,1.159,-0.3,0.0,0.0451,
1389,6,189,5.7875,1.0,1.0,1.0,1.0,1.0,1.0,0.6848,0.0,0.8356,1.0,0.757,0.1662,1.1842,0.5,0.4917,1.1589,-0.3,0.0,0.0451,
1390,6,190,5.7917,1.0,1.0,1.0,1.0,1.0,1.0,0.6912,0.0,0.8364,1.0,0.7571,0.1662,1.1846,0.5,0.4917,1.1588,-0.3,0.0,0.0452,
1391,6,191,5.7958,1.0,1.0,1.0,1.0,1.0,1.0,0.6975,0.0,0.8372,1.0,0.7573,0.1662,1.1849,0.5,0.4918,1.1586,-0.3,0.0,0.0452,
1392,6,192,5.8,1.0,1.0,1.0,1.0,1.0,1.0,0.7037,0.0,0.838,1.0,0.7574,0.1662,1.1852,0.5,0.4919,1.1585,-0.3,0.0,0.0452,
1393,6,193,5.8042,1.0,1.0,1.0,1.0,1.0,1.0,0.7098,0.0,0.8387,1.0,0.7576,0.1663,1.1855,0.5,0.4919,1.1584,-0.3,0.0,0.0453,
1394,6,194,5.8083,1.0,1.0,1.0,1.0,1.0,1.0,0.7159,0.0,0.8395,1.0,0.7577,0.1663,1.1858,0.5,0.492,1.1583,-0.3,0.0,0.0453,
1395,6,195,5.8125,1.0,1.0,1.0,1.0,1.0,1.0,0.7218,0.0,0.8402,1.0,0.7579,0.1663,1.1861,0.5,0.4921,1.1582,-0.3,0.0,0.0454,
1396,6,196,5.8167,1.0,1.0,1.0,1.0,1.0,1.0,0.7277,0.0,0.841,1.0,0.758,0.1663,1.1864,0.5,0.4921,1.158,-0.3,0.0,0.0454,
1397,6,197,5.8208,1.0,1.0,1.0,1.0,1.0,1.0,0.7335,0.0,0.8417,1.0,0.7582,0.1664,1.1867,0.5,0.4922,1.1579,-0.3,0.0,0.0454,
1398,6,198,5.825,1.0,1.0,1.0,1.0,1.0,1.0,0.7392,0.0,0.8424,1.0,0.7583,0.1664,1.187,0.5,0.4923,1.1578,-0.3,0.0,0.0455,
1399,6,199,5.8292,1.0,1.0,1.0,1.0,1.0,1.0,0.7448,0.0,0.8431,1.0,0.7585,0.1664,1.1872,0.5,0.4923,1.1577,-0.3,0.0,0.0455,
1400,6,200,5.8333,1.0,1.0,1.0,1.0,1.0,1.0,0.7504,0.0,0.8438,1.0,0.7586,0.1664,1.1875,0.5,0.4924,1.1576,-0.3,0.0,0.0456,
1401,6,201,5.8375,1.0,1.0,1.0,1.0,1.0,1.0,0.7559,0.0,0.8445,1.0,0.7588,0.1665,1.1878,0.5,0.4924,1.1574,-0.3,0.0,0.0456,
1402,6,202,5.8417,1.0,1.0,1.0,1.0,1.0,1.0,0.7612,0.0,0.8452,1.0,0.7589,0.1665,1.1881,0.5,0.4925,1.1573,-0.3,0.0,0.0456,
1403,6,203,5.8458,1.0,1.0,1.0,1.0,1.0,1.0,0.7666,0.0,0.8458,1.0,0.7591,0.1665,1.1883,0.5,0.4926,1.1572,-0.3,0.0,0.0457,
1404,6,204,5.85,1.0,1.0,1.0,1.0,1.0,1.0,0.7718,0.0,0.8465,1.0,0.7592,0.1665,1.1886,0.5,0.4926,1.1571,-0.3,0.0,0.0457,
1405,6,205,5.8542,1.0,1.0,1.0,1.0,1.0,1.0,0.7769,0.0,0.8471,1.0,0.7594,0.1666,1.1888,0.5,0.4927,1.157,-0.3,0.0,0.0457,
1406,6,206,5.8583,1.0,1.0,1.0,1.0,1.0,1.0,0.782,0.0,0.8477,1.0,0.7595,0.1666,1.1891,0.5,0.4928,1.1568,-0.3,0.0,0.0458,
1407,6,207,5.8625,1.0,1.0,1.0,1.0,1.0,1.0,0.787,0.0,0.8484,1.0,0.7597,0.1666,1.1893,0.5,0.4928,1.1567,-0.3,0.0,0.0458,
1408,6,208,5.8667,1.0,1.0,1.0,1.0,1.0,1.0,0.7919,0.0,0.849,1.0,0.7598,0.1666,1.1896,0.5,0.4929,1.1566,-0.3,0.0,0.0458,
1409,6,209,5.8708,1.0,1.0,1.0,1.0,1.0,1.0,0.7967,0.0,0.8496,1.0,0.76,0.1667,1.1898,0.5,0.4929,1.1565,-0.3,0.0,0.0459,
1410,6,210,5.875,1.0,1.0,1.0,1.0,1.0,1.0,0.8015,0.0,0.8502,1.0,0.7601,0.1667,1.1901,0.5,0.493,1.1564,-0.3,0.0,0.0459,
1411,6,211,5.8792,1.0,1.0,1.0,1.0,1.0,1.0,0.8062,0.0,0.8508,1.0,0.7603,0.1667,1.1903,0.5,0.4931,1.1562,-0.3,0.0,0.0459,
1412,6,212,5.8833,1.0,1.0,1.0,1.0,1.0,1.0,0.8108,0.0,0.8514,1.0,0.7604,0.1667,1.1905,0.5,0.4931,1.1561,-0.3,0.0,0.0459,
1413,6,213,5.8875,1.0,1.0,1.0,1.0,1.0,1.0,0.8153,0.0,0.8519,1.0,0.7606,0.1668,1.1908,0.5,0.4932,1.156,-0.3,0.0,0.046,
1414,6,214,5.8917,1.0,1.0,1.0,1.0,1.0,1.0,0.8198,0.0,0.8525,1.0,0.7607,0.1668,1.191,0.5,0.4933,1.1559,-0.3,0.0,0.046,
1415,6,215,5.8958,1.0,1.0,1.0,1.0,1.0,1.0,0.8242,0.0,0.853,1.0,0.7609,0.1668,1.1912,0.5,0.4933,1.1558,-0.3,0.0,0.046,
1416,6,216,5.9,1.0,1.0,1.0,1.0,1.0,1.0,0.8285,0.0,0.8536,1.0,0.761,0.1668,1.1914,0.5,0.4934,1.1556,-0.3,0.0,0.0461,
1417,6,217,5.9042,1.0,1.0,1.0,1.0,1.0,1.0,0.8328,0.0,0.8541,1.0,0.7612,0.1669,1.1916,0.5,0.4934,1.1555,-0.3,0.0,0.0461,
1418,6,218,5.9083,1.0,1.0,1.0,1.0,1.0,1.0,0.837,0.0,0.8546,1.0,0.7613,0.1669,1.1918,0.5,0.4935,1.1554,-0.3,0.0,0.0461,
1419,6,219,5.9125,1.0,1.0,1.0,1.0,1.0,1.0,0.8411,0.0,0.8551,1.0,0.7615,0.1669,1.1921,0.5,0.4935,1.1553,-0.3,0.0,0.0461,
1420,6,220,5.9167,1.0,1.0,1.0,1.0,1.0,1.0,0.8451,0.0,0.8556,1.0,0.7616,0.1669,1.1923,0.5,0.4936,1.1552,-0.3,0.0,0.0462,
1421,6,221,5.9208,1.0,1.0,1.0,1.0,1.0,1.0,0.8491,0.0,0.8561,1.0,0.7617,0.167,1.1925,0.5,0.4937,1.155,-0.3,0.0,0.0462,
1422,6,222,5.925,1.0,1.0,1.0,1.0,1.0,1.0,0.853,0.0,0.8566,1.0,0.7619,0.167,1.1926,0.5,0.4937,1.1549,-0.3,0.0,0.0462,
1423,6,223,5.9292,1.0,1.0,1.0,1.0,1.0,1.0,0.8568,0.0,0.8571,1.0,0.762,0.167,1.1928,0.5,0.4938,1.1548,-0.3,0.0,0.0462,
1424,6,224,5.9333,1.0,1.0,1.0,1.0,1.0,1.0,0.8606,0.0,0.8576,1.0,0.7622,0.167,1.193,0.5,0.4938,1.1547,-0.3,0.0,0.0463,
1425,6,225,5.9375,1.0,1.0,1.0,1.0,1.0,1.0,0.8643,0.0,0.858,1.0,0.7623,0.1671,1.1932,0.5,0.4939,1.1545,-0.3,0.0,0.0463,
1426,6,226,5.9417,1.0,1.0,1.0,1.0,1.0,1.0,0.8679,0.0,0.8585,1.0,0.7625,0.1671,1.1934,0.5,0.494,1.1544,-0.3,0.0,0.0463,
1427,6,227,5.9458,1.0,1.0,1.0,1.0,1.0,1.0,0.8715,0.0,0.8589,1.0,0.7626,0.1671,1.1936,0.5,0.494,1.1543,-0.3,0.0,0.0463,
1428,6,228,5.95,1.0,1.0,1.0,1.0,1.0,1.0,0.875,0.0,0.8594,1.0,0.7628,0.1671,1.1938,0.5,0.4941,1.1542,-0.3,0.0,0.0463,
1429,6,229,5.9542,1.0,1.0,1.0,1.0,1.0,1.0,0.8784,0.0,0.8598,1.0,0.7629,0.1671,1.1939,0.5,0.4941,1.1541,-0.3,0.0,0.0464,
1430,6,230,5.9583,1.0,1.0,1.0,1.0,1.0,1.0,0.8818,0.0,0.8602,1.0,0.763,0.1672,1.1941,0.5,0.4942,1.1539,-0.3,0.0,0.0464,
1431,6,231,5.9625,1.0,1.0,1.0,1.0,1.0,1.0,0.8851,0.0,0.8606,1.0,0.7632,0.1672,1.1943,0.5,0.4942,1.1538,-0.3,0.0,0.0464,
1432,6,232,5.9667,1.0,1.0,1.0,1.0,1.0,1.0,0.8884,0.0,0.861,1.0,0.7633,0.1672,1.1944,0.5,0.4943,1.1537,-0.3,0.0,0.0464,
1433,6,233,5.9708,1.0,1.0,1.0,1.0,1.0,1.0,0.8916,0.0,0.8614,1.0,0.7635,0.1672,1.1946,0.5,0.4943,1.1536,-0.3,0.0,0.0464,
1434,6,234,5.975,1.0,1.0,1.0,1.0,1.0,1.0,0.8947,0.0,0.8618,1.0,0.7636,0.1673,1.1947,0.5,0.4944,1.1535,-0.3,0.0,0.0465,
1435,6,235,5.9792,1.0,1.0,1.0,1.0,1.0,1.0,0.8978,0.0,0.8622,1.0,0.7637,0.1673,1.1949,0.5,0.4945,1.1533,-0.3,0.0,0.0465,
1436,6,236,5.9833,1.0,1.0,1.0,1.0,1.0,1.0,0.9008,0.0,0.8626,1.0,0.7639,0.1673,1.195,0.5,0.4945,1.1532,-0.3,0.0,0.0465,
1437,6,237,5.9875,1.0,1.0,1.0,1.0,1.0,1.0,0.9037,0.0,0.863,1.0,0.764,0.1673,1.1952,0.5,0.4946,1.1531,-0.3,0.0,0.0465,
1438,6,238,5.9917,1.0,1.0,1.0,1.0,1.0,1.0,0.9066,0.0,0.8633,1.0,0.7642,0.1674,1.1953,0.5,0.4946,1.153,-0.3,0.0,0.0465,
1439,6,239,5.9958,1.0,1.0,1.0,1.0,1.0,1.0,0.9094,0.0,0.8637,1.0,0.7643,0.1674,1.1955,0.5,0.4947,1.1528,-0.3,0.0,0.0466,
1440,7,0,6.0,1.0,1.0,1.0,1.0,1.0,1.0,0.9122,0.0,0.864,1.0,0.7644,0.1674,1.1956,0.5,0.4947,1.1527,-0.3,0.0,0.0466,
1441,7,1,6.0042,1.0,1.0,1.0,1.0,1.0,1.0,0.9149,0.0,0.8644,1.0,0.7646,0.1674,1.1957,0.5,0.4948,1.1526,-0.3,0.0,0.0466,
1442,7,2,6.0083,1.0,1.0,1.0,1.0,1.0,1.0,0.9176,0.0,0.8647,1.0,0.7647,0.1675,1.1959,0.5,0.4948,1.1525,-0.3,0.0,0.0466,
1443,7,3,6.0125,1.0,1.0,1.0,1.0,1.0,1.0,0.9202,0.0,0.865,1.0,0.7649,0.1675,1.196,0.5,0.4949,1.1524,-0.3,0.0,0.0466,
1444,7,4,6.0167,1.0,1.0,1.0,1.0,1.0,1.0,0.9227,0.0,0.8653,1.0,0.765,0.1675,1.1961,0.5,0.4949,1.1522,-0.3,0.0,0.0466,
1445,7,5,6.0208,1.0,1.0,1.0,1.0,1.0,1.0,0.9252,0.0,0.8657,1.0,0.7651,0.1675,1.1963,0.5,0.495,1.1521,-0.3,0.0,0.0466,
1446,7,6,6.025,1.0,1.0,1.0,1.0,1.0,1.0,0.9277,0.0,0.866,1.0,0.7653,0.1675,1.1964,0.5,0.495,1.152,-0.3,0.0,0.0467,
1447,7,7,6.0292,1.0,1.0,1.0,1.0,1.0,1.0,0.93,0.0,0.8663,1.0,0.7654,0.1676,1.1965,0.5,0.4951,1.1519,-0.3,0.0,0.0467,
1448,7,8,6.0333,1.0,1.0,1.0,1.0,1.0,1.0,0.9324,0.0,0.8665,1.0,0.7655,0.1676,1.1966,0.5,0.4951,1.1517,-0.3,0.0,0.0467,
1449,7,9,6.0375,1.0,1.0,1.0,1.0,1.0,1.0,0.9347,0.0,0.8668,1.0,0.7657,0.1676,1.1967,0.5,0.4952,1.1516,-0.3,0.0,0.0467,
1450,7,10,6.0417,1.0,1.0,1.0,1.0,1.0,1.0,0.9369,0.0,0.8671,1.0,0.7658,0.1676,1.1968,0.5,0.4952,1.1515,-0.3,0.0,0.0467,
1451,7,11,6.0458,1.0,1.0,1.0,1.0,1.0,1.0,0.9391,0.0,0.8674,1.0,0.7659,0.1677,1.197,0.5,0.4953,1.1514,-0.3,0.0,0.0467,
1452,7,12,6.05,1.0,1.0,1.0,1.0,1.0,1.0,0.9412,0.0,0.8676,1.0,0.7661,0.1677,1.1971,0.5,0.4954,1.1512,-0.3,0.0,0.0467,
1453,7,13,6.0542,1.0,1.0,1.0,1.0,1.0,1.0,0.9433,0.0,0.8679,1.0,0.7662,0.1677,1.1972,0.5,0.4954,1.1511,-0.3,0.0,0.0468,
1454,7,14,6.0583,1.0,1.0,1.0,1.0,1.0,1.0,0.9453,0.0,0.8682,1.0,0.7664,0.1677,1.1973,0.5,0.4955,1.151,-0.3,0.0,0.0468,
1455,7,15,6.0625,1.0,1.0,1.0,1.0,1.0,1.0,0.9473,0.0,0.8684,1.0,0.7665,0.1677,1.1974,0.5,0.4955,1.1509,-0.3,0.0,0.0468,
1456,7,16,6.0667,1.0,1.0,1.0,1.0,1.0,1.0,0.9492,0.0,0.8686,1.0,0.7666,0.1678,1.1975,0.5,0.4956,1.1507,-0.3,0.0,0.0468,
1457,7,17,6.0708,1.0,1.0,1.0,1.0,1.0,1.0,0.9511,0.0,0.8689,1.0,0.7668,0.1678,1.1976,0.5,0.4956,1.1506,-0.3,0.0,0.0468,
1458,7,18,6.075,1.0,1.0,1.0,1.0,1.0,1.0,0.9529,0.0,0.8691,1.0,0.7669,0.1678,1.1976,0.5,0.4956,1.1505,-0.3,0.0,0.0468,
1459,7,19,6.0792,1.0,1.0,1.0,1.0,1.0,1.0,0.9547,0.0,0.8693,1.0,0.767,0.1678,1.1977,0.5,0.4957,1.1504,-0.3,0.0,0.0468,
1460,7,20,6.0833,1.0,1.0,1.0,1.0,1.0,1.0,0.9564,0.0,0.8696,1.0,0.7671,0.1679,1.1978,0.5,0.4957,1.1502,-0.3,0.0,0.0468,
1461,7,21,6.0875,1.0,1.0,1.0,1.0,1.0,1.0,0.9581,0.0,0.8698,1.0,0.7673,0.1679,1.1979,0.5,0.4958,1.1501,-0.3,0.0,0.0468,
1462,7,22,6.0917,1.0,1.0,1.0,1.0,1.0,1.0,0.9598,0.0,0.87,1.0,0.7674,0.1679,1.198,0.5,0.4958,1.15,-0.3,0.0,0.0468,
1463,7,23,6.0958,1.0,1.0,1.0,1.0,1.0,1.0,0.9614,0.0,0.8702,1.0,0.7675,0.1679,1.1981,0.5,0.4959,1.1499,-0.3,0.0,0.0469,
1464,7,24,6.1,1.0,1.0,1.0,1.0,1.0,1.0,0.963,0.0,0.8704,1.0,0.7677,0.1679,1.1981,0.5,0.4959,1.1497,-0.3,0.0,0.0469,
1465,7,25,6.1042,1.0,1.0,1.0,1.0,1.0,1.0,0.9645,0.0178,0.8728,1.0,0.7678,0.168,1.1991,0.5,0.496,1.1496,-0.3,0.0,0.047,
1466,7,26,6.1083,1.0,1.0,1.0,1.0,1.0,1.0,0.966,0.0353,0.8752,1.0,0.7679,0.168,1.2001,0.5,0.496,1.1495,-0.3,0.0,0.0471,
1467,7,27,6.1125,1.0,1.0,1.0,1.0,1.0,1.0,0.9674,0.0526,0.8775,1.0,0.7681,0.168,1.201,0.5,0.4961,1.1494,-0.3,0.0,0.0472,
1468,7,28,6.1167,1.0,1.0,1.0,1.0,1.0,1.0,0.9688,0.0697,0.8798,1.0,0.7682,0.168,1.2019,0.5,0.4961,1.1492,-0.3,0.0,0.0473,
1469,7,29,6.1208,1.0,1.0,1.0,1.0,1.0,1.0,0.9702,0.0867,0.8821,1.0,0.7683,0.1681,1.2028,0.5,0.4962,1.1491,-0.3,0.0,0.0474,
1470,7,30,6.125,1.0,1.0,1.0,1.0,1.0,1.0,0.9715,0.1034,0.8844,1.0,0.7684,0.1681,1.2037,0.5,0.4962,1.149,-0.3,0.0,0.0475,
1471,7,31,6.1292,1.0,1.0,1.0,1.0,1.0,1.0,0.9727,0.1199,0.8866,1.0,0.7686,0.1681,1.2046,0.5,0.4963,1.1488,-0.3,0.0,0.0476,
1472,7,32,6.1333,1.0,1.0,1.0,1.0,1.0,1.0,0.974,0.1362,0.8888,1.0,0.7687,0.1681,1.2055,0.5,0.4963,1.1487,-0.3,0.0,0.0477,
1473,7,33,6.1375,1.0,1.0,1.0,1.0,1.0,1.0,0.9752,0.1523,0.8909,1.0,0.7688,0.1681,1.2064,0.5,0.4964,1.1486,-0.3,0.0,0.0477,
1474,7,34,6.1417,1.0,1.0,1.0,1.0,1.0,1.0,0.9764,0.1682,0.8931,1.0,0.7689,0.1682,1.2072,0.5,0.4964,1.1484,-0.3,0.0,0.0478,
1475,7,35,6.1458,1.0,1.0,1.0,1.0,1.0,1.0,0.9775,0.1838,0.8952,1.0,0.7691,0.1682,1.2081,0.5,0.4964,1.1483,-0.3,0.0,0.0479,
1476,7,36,6.15,1.0,1.0,1.0,1.0,1.0,1.0,0.9786,0.1993,0.8972,1.0,0.7692,0.1682,1.2089,0.5,0.4965,1.1482,-0.3,0.0,0.048,
1477,7,37,6.1542,1.0,1.0,1.0,1.0,1.0,1.0,0.9796,0.2146,0.8993,1.0,0.7693,0.1682,1.2097,0.5,0.4965,1.1481,-0.3,0.0,0.0481,
1478,7,38,6.1583,1.0,1.0,1.0,1.0,1.0,1.0,0.9806,0.2297,0.9013,1.0,0.7694,0.1682,1.2105,0.5,0.4966,1.1479,-0.3,0.0,0.0481,
1479,7,39,6.1625,1.0,1.0,1.0,1.0,1.0,1.0,0.9816,0.2447,0.9033,1.0,0.7695,0.1683,1.2113,0.5,0.4966,1.1478,-0.3,0.0,0.0482,
1480,7,40,6.1667,1.0,1.0,1.0,1.0,1.0,1.0,0.9826,0.2594,0.9052,1.0,0.7697,0.1683,1.2121,0.5,0.4967,1.1477,-0.3,0.0,0.0483,
1481,7,41,6.1708,1.0,1.0,1.0,1.0,1.0,1.0,0.9835,0.2739,0.9072,1.0,0.7698,0.1683,1.2129,0.5,0.4967,1.1475,-0.3,0.0,0.0483,
1482,7,42,6.175,1.0,1.0,1.0,1.0,1.0,1.0,0.9844,0.2882,0.9091,1.0,0.7699,0.1683,1.2136,0.5,0.4967,1.1474,-0.3,0.0,0.0484,
1483,7,43,6.1792,1.0,1.0,1.0,1.0,1.0,1.0,0.9852,0.3024,0.9109,1.0,0.77,0.1683,1.2144,0.5,0.4968,1.1473,-0.3,0.0,0.0485,
1484,7,44,6.1833,1.0,1.0,1.0,1.0,1.0,1.0,0.986,0.3163,0.9128,1.0,0.7702,0.1684,1.2151,0.5,0.4968,1.1471,-0.3,0.0,0.0485,
1485,7,45,6.1875,1.0,1.0,1.0,1.0,1.0,1.0,0.9868,0.3301,0.9146,1.0,0.7703,0.1684,1.2158,0.5,0.4969,1.147,-0.3,0.0,0.0486,
1486,7,46,6.1917,1.0,1.0,1.0,1.0,1.0,1.0,0.9876,0.3437,0.9164,1.0,0.7704,0.1684,1.2166,0.5,0.4969,1.1469,-0.3,0.0,0.0486,
1487,7,47,6.1958,1.0,1.0,1.0,1.0,1.0,1.0,0.9883,0.3571,0.9182,1.0,0.7705,0.1684,1.2173,0.5,0.497,1.1467,-0.3,0.0,0.0487,
1488,7,48,6.2,1.0,1.0,1.0,1.0,1.0,1.0,0.989,0.3703,0.9199,1.0,0.7706,0.1684,1.218,0.5,0.497,1.1466,-0.3,0.0,0.0488,
1489,7,49,6.2042,1.0,1.0,1.0,1.0,1.0,1.0,0.9897,0.3833,0.9216,1.0,0.7707,0.1685,1.2186,0.5,0.497,1.1464,-0.3,0.0,0.0488,
1490,7,50,6.2083,1.0,1.0,1.0,1.0,1.0,1.0,0.9903,0.3961,0.9233,1.0,0.7709,0.1685,1.2193,0.5,0.4971,1.1463,-0.3,0.0,0.0489,
1491,7,51,6.2125,1.0,1.0,1.0,1.0,1.0,1.0,0.991,0.4088,0.925,1.0,0.771,0.1685,1.22,0.5,0.4971,1.1462,-0.3,0.0,0.0489,
1492,7,52,6.2167,1.0,1.0,1.0,1.0,1.0,1.0,0.9915,0.4213,0.9266,1.0,0.7711,0.1685,1.2206,0.5,0.4972,1.146,-0.3,0.0,0.0489,
1493,7,53,6.2208,1.0,1.0,1.0,1.0,1.0,1.0,0.9921,0.4336,0.9282,1.0,0.7712,0.1685,1.2213,0.5,0.4972,1.1459,-0.3,0.0,0.049,
1494,7,54,6.225,1.0,1.0,1.0,1.0,1.0,1.0,0.9926,0.4457,0.9298,1.0,0.7713,0.1686,1.2219,0.5,0.4972,1.1458,-0.3,0.0,0.049,
1495,7,55,6.2292,1.0,1.0,1.0,1.0,1.0,1.0,0.9932,0.4577,0.9314,1.0,0.7714,0.1686,1.2225,0.5,0.4973,1.1456,-0.3,0.0,0.0491,
1496,7,56,6.2333,1.0,1.0,1.0,1.0,1.0,1.0,0.9936,0.4695,0.9329,1.0,0.7715,0.1686,1.2232,0.5,0.4973,1.1455,-0.3,0.0,0.0491,
1497,7,57,6.2375,1.0,1.0,1.0,1.0,1.0,1.0,0.9941,0.4811,0.9344,1.0,0.7717,0.1686,1.2238,0.5,0.4974,1.1453,-0.3,0.0,0.0492,
1498,7,58,6.2417,1.0,1.0,1.0,1.0,1.0,1.0,0.9946,0.4926,0.9359,1.0,0.7718,0.1686,1.2244,0.5,0.4974,1.1452,-0.3,0.0,0.0492,
1499,7,59,6.2458,1.0,1.0,1.0,1.0,1.0,1.0,0.995,0.5038,0.9374,1.0,0.7719,0.1686,1.2249,0.5,0.4974,1.1451,-0.3,0.0,0.0492,
1500,7,60,6.25,1.0,1.0,1.0,1.0,1.0,1.0,0.9954,0.5149,0.9388,1.0,0.772,0.1687,1.2255,0.5,0.4975,1.1449,-0.3,0.0,0.0493,
1501,7,61,6.2542,1.0,1.0,1.0,1.0,1.0,1.0,0.9957,0.5259,0.9402,1.0,0.7721,0.1687,1.2261,0.5,0.4975,1.1448,-0.3,0.0,0.0493,
1502,7,62,6.2583,1.0,1.0,1.0,1.0,1.0,1.0,0.9961,0.5367,0.9416,1.0,0.7722,0.1687,1.2266,0.5,0.4975,1.1446,-0.3,0.0,0.0493,
1503,7,63,6.2625,1.0,1.0,1.0,1.0,1.0,1.0,0.9964,0.5473,0.943,1.0,0.7723,0.1687,1.2272,0.5,0.4976,1.1445,-0.3,0.0,0.0494,
1504,7,64,6.2667,1.0,1.0,1.0,1.0,1.0,1.0,0.9967,0.5577,0.9443,1.0,0.7724,0.1687,1.2277,0.5,0.4976,1.1444,-0.3,0.0,0.0494,
1505,7,65,6.2708,1.0,1.0,1.0,1.0,1.0,1.0,0.997,0.568,0.9456,1.0,0.7725,0.1688,1.2283,0.5,0.4977,1.1442,-0.3,0.0,0.0494,
1506,7,66,6.275,1.0,1.0,1.0,1.0,1.0,1.0,0.9973,0.5781,0.9469,1.0,0.7726,0.1688,1.2288,0.5,0.4977,1.1441,-0.3,0.0,0.0494,
1507,7,67,6.2792,1.0,1.0,1.0,1.0,1.0,1.0,0.9976,0.5881,0.9482,1.0,0.7727,0.1688,1.2293,0.5,0.4977,1.1439,-0.3,0.0,0.0495,
1508,7,68,6.2833,1.0,1.0,1.0,1.0,1.0,1.0,0.9978,0.5979,0.9495,1.0,0.7729,0.1688,1.2298,0.5,0.4978,1.1438,-0.3,0.0,0.0495,
1509,7,69,6.2875,1.0,1.0,1.0,1.0,1.0,1.0,0.998,0.6075,0.9507,1.0,0.773,0.1688,1.2303,0.5,0.4978,1.1436,-0.3,0.0,0.0495,
1510,7,70,6.2917,1.0,1.0,1.0,1.0,1.0,1.0,0.9983,0.617,0.9519,1.0,0.7731,0.1688,1.2308,0.5,0.4978,1.1435,-0.3,0.0,0.0495,
1511,7,71,6.2958,1.0,1.0,1.0,1.0,1.0,1.0,0.9984,0.6264,0.9531,1.0,0.7732,0.1689,1.2312,0.5,0.4979,1.1433,-0.3,0.0,0.0496,
1512,7,72,6.3,1.0,1.0,1.0,1.0,1.0,1.0,0.9986,0.6356,0.9543,1.0,0.7733,0.1689,1.2317,0.5,0.4979,1.1432,-0.3,0.0,0.0496,
1513,7,73,6.3042,1.0,1.0,1.0,1.0,1.0,1.0,0.9988,0.6446,0.9554,1.0,0.7734,0.1689,1.2322,0.5,0.4979,1.143,-0.3,0.0,0.0496,
1514,7,74,6.3083,1.0,1.0,1.0,1.0,1.0,1.0,0.9989,0.6535,0.9566,1.0,0.7735,0.1689,1.2326,0.5,0.498,1.1429,-0.3,0.0,0.0496,
1515,7,75,6.3125,1.0,1.0,1.0,1.0,1.0,1.0,0.9991,0.6622,0.9577,1.0,0.7736,0.1689,1.2331,0.5,0.498,1.1428,-0.3,0.0,0.0496,
1516,7,76,6.3167,1.0,1.0,1.0,1.0,1.0,1.0,0.9992,0.6708,0.9588,1.0,0.7737,0.1689,1.2335,0.5,0.498,1.1426,-0.3,0.0,0.0497,
1517,7,77,6.3208,1.0,1.0,1.0,1.0,1.0,1.0,0.9993,0.6793,0.9598,1.0,0.7738,0.169,1.2339,0.5,0.4981,1.1425,-0.3,0.0,0.0497,
1518,7,78,6.325,1.0,1.0,1.0,1.0,1.0,1.0,0.9994,0.6875,0.9609,1.0,0.7739,0.169,1.2343,0.5,0.4981,1.1423,-0.3,0.0,0.0497,
1519,7,79,6.3292,1.0,1.0,1.0,1.0,1.0,1.0,0.9995,0.6957,0.9619,1.0,0.774,0.169,1.2348,0.5,0.4981,1.1422,-0.3,0.0,0.0497,
1520,7,80,6.3333,1.0,1.0,1.0,1.0,1.0,1.0,0.9996,0.7037,0.9629,1.0,0.7741,0.169,1.2352,0.5,0.4982,1.142,-0.3,0.0,0.0497,
1521,7,81,6.3375,1.0,1.0,1.0,1.0,1.0,1.0,0.9997,0.7116,0.9639,1.0,0.7742,0.169,1.2356,0.5,0.4982,1.1418,-0.3,0.0,0.0497,
1522,7,82,6.3417,1.0,1.0,1.0,1.0,1.0,1.0,0.9997,0.7193,0.9649,1.0,0.7743,0.169,1.236,0.5,0.4982,1.1417,-0.3,0.0,0.0498,
1523,7,83,6.3458,1.0,1.0,1.0,1.0,1.0,1.0,0.9998,0.7269,0.9658,1.0,0.7744,0.1691,1.2363,0.5,0.4983,1.1415,-0.3,0.0,0.0498,
1524,7,84,6.35,1.0,1.0,1.0,1.0,1.0,1.0,0.9998,0.7343,0.9668,1.0,0.7745,0.1691,1.2367,0.5,0.4983,1.1414,-0.3,0.0,0.0498,
1525,7,85,6.3542,1.0,1.0,1.0,1.0,1.0,1.0,0.9999,0.7416,0.9677,1.0,0.7746,0.1691,1.2371,0.5,0.4983,1.1412,-0.3,0.0,0.0498,
1526,7,86,6.3583,1.0,1.0,1.0,1.0,1.0,1.0,0.9999,0.7488,0.9686,1.0,0.7747,0.1691,1.2374,0.5,0.4984,1.1411,-0.3,0.0,0.0498,
1527,7,87,6.3625,1.0,1.0,1.0,1.0,1.0,1.0,0.9999,0.7559,0.9695,1.0,0.7747,0.1691,1.2378,0.5,0.4984,1.1409,-0.3,0.0,0.0498,
1528,7,88,6.3667,1.0,1.0,1.0,1.0,1.0,1.0,0.9999,0.7628,0.9703,1.0,0.7748,0.1691,1.2381,0.5,0.4984,1.1408,-0.3,0.0,0.0498,
1529,7,89,6.3708,1.0,1.0,1.0,1.0,1.0,1.0,1.0,0.7695,0.9712,1.0,0.7749,0.1692,1.2385,0.5,0.4984,1.1406,-0.3,0.0,0.0498,
1530,7,90,6.375,1.0,1.0,1.0,1.0,1.0,1.0,1.0,0.7762,0.972,1.0,0.775,0.1692,1.2388,0.5,0.4985,1.1405,-0.3,0.0,0.0498,
1531,7,91,6.3792,1.0,1.0,1.0,1.0,1.0,1.0,1.0,0.7827,0.9728,1.0,0.7751,0.1692,1.2391,0.5,0.4985,1.1403,-0.3,0.0,0.0499,
1532,7,92,6.3833,1.0,1.0,1.0,1.0,1.0,1.0,1.0,0.7891,0.9736,1.0,0.7752,0.1692,1.2395,0.5,0.4985,1.1401,-0.3,0.0,0.0499,
1533,7,93,6.3875,1.0,1.0,1.0,1.0,1.0,1.0,1.0,0.7954,0.9744,1.0,0.7753,0.1692,1.2398,0.5,0.4986,1.14,-0.3,0.0,0.0499,
1534,7,94,6.3917,1.0,1.0,1.0,1.0,1.0,1.0,1.0,0.8015,0.9752,1.0,0.7754,0.1692,1.2401,0.5,0.4986,1.1398,-0.3,0.0,0.0499,
1535,7,95,6.3958,1.0,1.0,1.0,1.0,1.0,1.0,1.0,0.8075,0.9759,1.0,0.7755,0.1692,1.2404,0.5,0.4986,1.1397,-0.3,0.0,0.0499,
1536,7,96,6.4,1.0,1.0,1.0,1.0,1.0,1.0,1.0,0.8134,0.9767,1.0,0.7756,0.1693,1.2407,0.5,0.4986,1.1395,-0.3,0.0,0.0499,
1537,7,97,6.4042,1.0,1.0,1.0,1.0,1.0,1.0,1.0,0.8192,0.9774,1.0,0.7756,0.1693,1.241,0.5,0.4987,1.1393,-0.3,0.0,0.0499,
1538,7,98,6.4083,1.0,1.0,1.0,1.0,1.0,1.0,1.0,0.8248,0.9781,1.0,0.7757,0.1693,1.2412,0.5,0.4987,1.1392,-0.3,0.0,0.0499,
1539,7,99,6.4125,1.0,1.0,1.0,1.0,1.0,1.0,1.0,0.8304,0.9788,1.0,0.7758,0.1693,1.2415,0.5,0.4987,1.139,-0.3,0.0,0.0499,
1540,7,100,6.4167,1.0,1.0,1.0,1.0,1.0,1.0,1.0,0.8358,0.9795,1.0,0.7759,0.1693,1.2418,0.5,0.4988,1.1388,-0.3,0.0,0.0499,
1541,7,101,6.4208,1.0,1.0,1.0,1.0,1.0,1.0,1.0,0.8411,0.9801,1.0,0.776,0.1693,1.2421,0.5,0.4988,1.1387,-0.3,0.0,0.0499,
1542,7,102,6.425,1.0,1.0,1.0,1.0,1.0,1.0,1.0,0.8463,0.9808,1.0,0.7761,0.1693,1.2423,0.5,0.4988,1.1385,-0.3,0.0,0.0499,
1543,7,103,6.4292,1.0,1.0,1.0,1.0,1.0,1.0,1.0,0.8513,0.9814,1.0,0.7761,0.1694,1.2426,0.5,0.4988,1.1383,-0.3,0.0,0.0499,
1544,7,104,6.4333,1.0,1.0,1.0,1.0,1.0,1.0,1.0,0.8563,0.982,1.0,0.7762,0.1694,1.2428,0.5,0.4989,1.1382,-0.3,0.0,0.0499,
1545,7,105,6.4375,1.0,1.0,1.0,1.0,1.0,1.0,1.0,0.8611,0.9826,1.0,0.7763,0.1694,1.2431,0.5,0.4989,1.138,-0.3,0.0,0.0499,
1546,7,106,6.4417,1.0,1.0,1.0,1.0,1.0,1.0,1.0,0.8659,0.9832,1.0,0.7764,0.1694,1.2433,0.5,0.4989,1.1378,-0.3,0.0,0.0499,
1547,7,107,6.4458,1.0,1.0,1.0,1.0,1.0,1.0,1.0,0.8705,0.9838,1.0,0.7765,0.1694,1.2435,0.5,0.4989,1.1377,-0.3,0.0,0.0499,
1548,7,108,6.45,1.0,1.0,1.0,1.0,1.0,1.0,1.0,0.875,0.9844,1.0,0.7765,0.1694,1.2437,0.5,0.499,1.1375,-0.3,0.0,0.0499,
1549,7,109,6.4542,1.0,1.0,1.0,1.0,1.0,1.0,1.0,0.8794,0.9849,1.0,0.7766,0.1694,1.244,0.5,0.499,1.1373,-0.3,0.0,0.05,
1550,7,110,6.4583,1.0,1.0,1.0,1.0,1.0,1.0,1.0,0.8837,0.9855,1.0,0.7767,0.1694,1.2442,0.5,0.499,1.1372,-0.3,0.0,0.05,
1551,7,111,6.4625,1.0,1.0,1.0,1.0,1.0,1.0,1.0,0.8879,0.986,1.0,0.7768,0.1695,1.2444,0.5,0.499,1.137,-0.3,0.0,0.05,
1552,7,112,6.4667,1.0,1.0,1.0,1.0,1.0,1.0,1.0,0.892,0.9865,1.0,0.7768,0.1695,1.2446,0.5,0.4991,1.1368,-0.3,0.0,0.05,
1553,7,113,6.4708,1.0,1.0,1.0,1.0,1.0,1.0,1.0,0.896,0.987,1.0,0.7769,0.1695,1.2448,0.5,0.4991,1.1366,-0.3,0.0,0.05,
1554,7,114,6.475,1.0,1.0,1.0,1.0,1.0,1.0,1.0,0.8999,0.9875,1.0,0.777,0.1695,1.245,0.5,0.4991,1.1365,-0.3,0.0,0.05,
1555,7,115,6.4792,1.0,1.0,1.0,1.0,1.0,1.0,1.0,0.9037,0.988,1.0,0.7771,0.1695,1.2452,0.5,0.4991,1.1363,-0.3,0.0,0.05,
1556,7,116,6.4833,1.0,1.0,1.0,1.0,1.0,1.0,1.0,0.9074,0.9884,1.0,0.7771,0.1695,1.2454,0.5,0.4991,1.1361,-0.3,0.0,0.05,
1557,7,117,6.4875,1.0,1.0,1.0,1.0,1.0,1.0,1.0,0.911,0.9889,1.0,0.7772,0.1695,1.2456,0.5,0.4992,1.1359,-0.3,0.0,0.05,
1558,7,118,6.4917,1.0,1.0,1.0,1.0,1.0,1.0,1.0,0.9145,0.9893,1.0,0.7773,0.1695,1.2457,0.5,0.4992,1.1358,-0.3,0.0,0.05,
1559,7,119,6.4958,1.0,1.0,1.0,1.0,1.0,1.0,1.0,0.918,0.9897,1.0,0.7774,0.1696,1.2459,0.5,0.4992,1.1356,-0.3,0.0,0.05,
1560,7,120,6.5,1.0,1.0,1.0,1.0,1.0,1.0,1.0,0.9213,0.9902,1.0,0.7774,0.1696,1.2461,0.5,0.4992,1.1354,-0.3,0.0,0.05,RISER
1561,7,121,6.5042,1.0,1.0,1.0,1.0,1.0,1.0,1.0,0.9245,0.9906,1.0,0.7775,0.1696,1.2462,0.5,0.4993,1.1352,-0.3,0.0,0.05,
1562,7,122,6.5083,1.0,1.0,1.0,1.0,1.0,1.0,1.0,0.9277,0.991,1.0,0.7776,0.1696,1.2464,0.5,0.4993,1.135,-0.3,0.0,0.05,
1563,7,123,6.5125,1.0,1.0,1.0,1.0,1.0,1.0,1.0,0.9307,0.9913,1.0,0.7776,0.1696,1.2465,0.5,0.4993,1.1349,-0.3,0.0,0.05,
1564,7,124,6.5167,1.0,1.0,1.0,1.0,1.0,1.0,1.0,0.9337,0.9917,1.0,0.7777,0.1696,1.2467,0.5,0.4993,1.1347,-0.3,0.0,0.05,
1565,7,125,6.5208,1.0,1.0,1.0,1.0,1.0,1.0,1.0,0.9366,0.9921,1.0,0.7778,0.1696,1.2468,0.5,0.4993,1.1345,-0.3,0.0,0.05,
1566,7,126,6.525,1.0,1.0,1.0,1.0,1.0,1.0,1.0,0.9394,0.9924,1.0,0.7778,0.1696,1.247,0.5,0.4994,1.1343,-0.3,0.0,0.05,
1567,7,127,6.5292,1.0,1.0,1.0,1.0,1.0,1.0,1.0,0.9421,0.9928,1.0,0.7779,0.1696,1.2471,0.5,0.4994,1.1341,-0.3,0.0,0.05,
1568,7,128,6.5333,1.0,1.0,1.0,1.0,1.0,1.0,1.0,0.9447,0.9931,1.0,0.7779,0.1697,1.2472,0.5,0.4994,1.1339,-0.3,0.0,0.05,
1569,7,129,6.5375,1.0,1.0,1.0,1.0,1.0,1.0,1.0,0.9473,0.9934,1.0,0.778,0.1697,1.2474,0.5,0.4994,1.1337,-0.3,0.0,0.05,
1570,7,130,6.5417,1.0,1.0,1.0,1.0,1.0,1.0,1.0,0.9497,0.9937,1.0,0.7781,0.1697,1.2475,0.5,0.4994,1.1336,-0.3,0.0,0.05,
1571,7,131,6.5458,1.0,1.0,1.0,1.0,1.0,1.0,1.0,0.9521,0.994,1.0,0.7781,0.1697,1.2476,0.5,0.4994,1.1334,-0.3,0.0,0.05,
1572,7,132,6.55,1.0,1.0,1.0,1.0,1.0,1.0,1.0,0.9544,0.9943,1.0,0.7782,0.1697,1.2477,0.5,0.4995,1.1332,-0.3,0.0,0.05,
1573,7,133,6.5542,1.0,1.0,1.0,1.0,1.0,1.0,1.0,0.9567,0.9946,1.0,0.7782,0.1697,1.2478,0.5,0.4995,1.133,-0.3,0.0,0.05,
1574,7,134,6.5583,1.0,1.0,1.0,1.0,1.0,1.0,1.0,0.9589,0.9949,1.0,0.7783,0.1697,1.2479,0.5,0.4995,1.1328,-0.3,0.0,0.05,
1575,7,135,6.5625,1.0,1.0,1.0,1.0,1.0,1.0,1.0,0.9609,0.9951,1.0,0.7784,0.1697,1.248,0.5,0.4995,1.1326,-0.3,0.0,0.05,
1576,7,136,6.5667,1.0,1.0,1.0,1.0,1.0,1.0,1.0,0.963,0.9954,1.0,0.7784,0.1697,1.2481,0.5,0.4995,1.1324,-0.3,0.0,0.05,
1577,7,137,6.5708,1.0,1.0,1.0,1.0,1.0,1.0,1.0,0.9649,0.9956,1.0,0.7785,0.1697,1.2482,0.5,0.4996,1.1322,-0.3,0.0,0.05,
1578,7,138,6.575,1.0,1.0,1.0,1.0,1.0,1.0,1.0,0.9668,0.9958,1.0,0.7785,0.1698,1.2483,0.5,0.4996,1.132,-0.3,0.0,0.05,
1579,7,139,6.5792,1.0,1.0,1.0,1.0,1.0,1.0,1.0,0.9686,0.9961,1.0,0.7786,0.1698,1.2484,0.5,0.4996,1.1318,-0.3,0.0,0.05,
1580,7,140,6.5833,1.0,1.0,1.0,1.0,1.0,1.0,1.0,0.9703,0.9963,1.0,0.7786,0.1698,1.2485,0.5,0.4996,1.1316,-0.3,0.0,0.05,
1581,7,141,6.5875,1.0,1.0,1.0,1.0,1.0,1.0,1.0,0.972,0.9965,1.0,0.7787,0.1698,1.2486,0.5,0.4996,1.1314,-0.3,0.0,0.05,
1582,7,142,6.5917,1.0,1.0,1.0,1.0,1.0,1.0,1.0,0.9736,0.9967,1.0,0.7787,0.1698,1.2487,0.5,0.4996,1.1312,-0.3,0.0,0.05,
1583,7,143,6.5958,1.0,1.0,1.0,1.0,1.0,1.0,1.0,0.9752,0.9969,1.0,0.7788,0.1698,1.2488,0.5,0.4996,1.131,-0.3,0.0,0.05,
1584,7,144,6.6,1.0,1.0,1.0,1.0,1.0,1.0,1.0,0.9767,0.9971,1.0,0.7788,0.1698,1.2488,0.5,0.4997,1.1308,-0.3,0.0,0.05,
1585,7,145,6.6042,1.0,1.0,1.0,1.0,1.0,1.0,1.0,0.9781,0.9973,1.0,0.7789,0.1698,1.2489,0.5,0.4997,1.1306,-0.3,0.0,0.05,
1586,7,146,6.6083,1.0,1.0,1.0,1.0,1.0,1.0,1.0,0.9795,0.9974,1.0,0.7789,0.1698,1.249,0.5,0.4997,1.1304,-0.3,0.0,0.05,
1587,7,147,6.6125,1.0,1.0,1.0,1.0,1.0,1.0,1.0,0.9808,0.9976,1.0,0.779,0.1698,1.249,0.5,0.4997,1.1302,-0.3,0.0,0.05,
1588,7,148,6.6167,1.0,1.0,1.0,1.0,1.0,1.0,1.0,0.982,0.9978,1.0,0.779,0.1698,1.2491,0.5,0.4997,1.13,-0.3,0.0,0.05,
1589,7,149,6.6208,1.0,1.0,1.0,1.0,1.0,1.0,1.0,0.9832,0.9979,1.0,0.779,0.1698,1.2492,0.5,0.4997,1.1298,-0.3,0.0,0.05,
1590,7,150,6.625,1.0,1.0,1.0,1.0,1.0,1.0,1.0,0.9844,0.998,1.0,0.7791,0.1698,1.2492,0.5,0.4997,1.1296,-0.3,0.0,0.05,
1591,7,151,6.6292,1.0,1.0,1.0,1.0,1.0,1.0,1.0,0.9855,0.9982,1.0,0.7791,0.1699,1.2493,0.5,0.4997,1.1294,-0.3,0.0,0.05,
1592,7,152,6.6333,1.0,1.0,1.0,1.0,1.0,1.0,1.0,0.9865,0.9983,1.0,0.7792,0.1699,1.2493,0.5,0.4998,1.1292,-0.3,0.0,0.05,
1593,7,153,6.6375,1.0,1.0,1.0,1.0,1.0,1.0,1.0,0.9875,0.9984,1.0,0.7792,0.1699,1.2494,0.5,0.4998,1.129,-0.3,0.0,0.05,
1594,7,154,6.6417,1.0,1.0,1.0,1.0,1.0,1.0,1.0,0.9884,0.9986,1.0,0.7793,0.1699,1.2494,0.5,0.4998,1.1288,-0.3,0.0,0.05,
1595,7,155,6.6458,1.0,1.0,1.0,1.0,1.0,1.0,1.0,0.9893,0.9987,1.0,0.7793,0.1699,1.2495,0.5,0.4998,1.1286,-0.3,0.0,0.05,
1596,7,156,6.65,1.0,1.0,1.0,1.0,1.0,1.0,1.0,0.9902,0.9988,1.0,0.7793,0.1699,1.2495,0.5,0.4998,1.1284,-0.3,0.0,0.05,
1597,7,157,6.6542,1.0,1.0,1.0,1.0,1.0,1.0,1.0,0.991,0.9989,1.0,0.7794,0.1699,1.2495,0.5,0.4998,1.1281,-0.3,0.0,0.05,
1598,7,158,6.6583,1.0,1.0,1.0,1.0,1.0,1.0,1.0,0.9917,0.999,1.0,0.7794,0.1699,1.2496,0.5,0.4998,1.1279,-0.3,0.0,0.05,
1599,7,159,6.6625,1.0,1.0,1.0,1.0,1.0,1.0,1.0,0.9924,0.9991,1.0,0.7794,0.1699,1.2496,0.5,0.4998,1.1277,-0.3,0.0,0.05,
1600,7,160,6.6667,1.0,1.0,1.0,1.0,1.0,1.0,1.0,0.9931,0.9991,1.0,0.7795,0.1699,1.2497,0.5,0.4998,1.1275,-0.3,0.0,0.05,
1601,7,161,6.6708,1.0,1.0,1.0,1.0,1.0,1.0,1.0,0.9937,0.9992,1.0,0.7795,0.1699,1.2497,0.5,0.4999,1.1273,-0.3,0.0,0.05,
1602,7,162,6.675,1.0,1.0,1.0,1.0,1.0,1.0,1.0,0.9943,0.9993,1.0,0.7795,0.1699,1.2497,0.5,0.4999,1.1271,-0.3,0.0,0.05,
1603,7,163,6.6792,1.0,1.0,1.0,1.0,1.0,1.0,1.0,0.9949,0.9994,1.0,0.7796,0.1699,1.2497,0.5,0.4999,1.1268,-0.3,0.0,0.05,
1604,7,164,6.6833,1.0,1.0,1.0,1.0,1.0,1.0,1.0,0.9954,0.9994,1.0,0.7796,0.1699,1.2498,0.5,0.4999,1.1266,-0.3,0.0,0.05,
1605,7,165,6.6875,1.0,1.0,1.0,1.0,1.0,1.0,1.0,0.9958,0.9995,1.0,0.7796,0.1699,1.2498,0.5,0.4999,1.1264,-0.3,0.0,0.05,
1606,7,166,6.6917,1.0,1.0,1.0,1.0,1.0,1.0,1.0,0.9963,0.9995,1.0,0.7796,0.1699,1.2498,0.5,0.4999,1.1262,-0.3,0.0,0.05,
1607,7,167,6.6958,1.0,1.0,1.0,1.0,1.0,1.0,1.0,0.9967,0.9996,1.0,0.7797,0.1699,1.2498,0.5,0.4999,1.126,-0.3,0.0,0.05,
1608,7,168,6.7,1.0,1.0,1.0,1.0,1.0,1.0,1.0,0.9971,0.9996,1.0,0.7797,0.1699,1.2499,0.5,0.4999,1.1257,-0.3,0.0,0.05,
1609,7,169,6.7042,1.0,1.0,1.0,1.0,1.0,1.0,1.0,0.9974,0.9997,1.0,0.7797,0.17,1.2499,0.5,0.4999,1.1255,-0.3,0.0,0.05,
1610,7,170,6.7083,1.0,1.0,1.0,1.0,1.0,1.0,1.0,0.9978,0.9997,1.0,0.7797,0.17,1.2499,0.5,0.4999,1.1253,-0.3,0.0,0.05,
1611,7,171,6.7125,1.0,1.0,1.0,1.0,1.0,1.0,1.0,0.998,0.9998,1.0,0.7798,0.17,1.2499,0.5,0.4999,1.125,-0.3,0.0,0.05,
1612,7,172,6.7167,1.0,1.0,1.0,1.0,1.0,1.0,1.0,0.9983,0.9998,1.0,0.7798,0.17,1.2499,0.5,0.4999,1.1248,-0.3,0.0,0.05,
1613,7,173,6.7208,1.0,1.0,1.0,1.0,1.0,1.0,1.0,0.9986,0.9998,1.0,0.7798,0.17,1.2499,0.5,0.4999,1.1246,-0.3,0.0,0.05,
1614,7,174,6.725,1.0,1.0,1.0,1.0,1.0,1.0,1.0,0.9988,0.9998,1.0,0.7798,0.17,1.2499,0.5,0.5,1.1244,-0.3,0.0,0.05,
1615,7,175,6.7292,1.0,1.0,1.0,1.0,1.0,1.0,1.0,0.999,0.9999,1.0,0.7798,0.17,1.2499,0.5,0.5,1.1241,-0.3,0.0,0.05,
1616,7,176,6.7333,1.0,1.0,1.0,1.0,1.0,1.0,1.0,0.9991,0.9999,1.0,0.7799,0.17,1.25,0.5,0.5,1.1239,-0.3,0.0,0.05,
1617,7,177,6.7375,1.0,1.0,1.0,1.0,1.0,1.0,1.0,0.9993,0.9999,1.0,0.7799,0.17,1.25,0.5,0.5,1.1237,-0.3,0.0,0.05,
1618,7,178,6.7417,1.0,1.0,1.0,1.0,1.0,1.0,1.0,0.9994,0.9999,1.0,0.7799,0.17,1.25,0.5,0.5,1.1234,-0.3,0.0,0.05,
1619,7,179,6.7458,1.0,1.0,1.0,1.0,1.0,1.0,1.0,0.9995,0.9999,1.0,0.7799,0.17,1.25,0.5,0.5,1.1232,-0.3,0.0,0.05,
1620,7,180,6.75,1.0,1.0,1.0,1.0,1.0,1.0,1.0,0.9996,1.0,1.0,0.7799,0.17,1.25,0.5,0.5,1.1229,-0.3,0.0,0.05,
1621,7,181,6.7542,1.0,1.0,1.0,1.0,1.0,1.0,1.0,0.9997,1.0,1.0,0.7799,0.17,1.25,0.5,0.5,1.1227,-0.3,0.0,0.05,
1622,7,182,6.7583,1.0,1.0,1.0,1.0,1.0,1.0,1.0,0.9998,1.0,1.0,0.7799,0.17,1.25,0.5,0.5,1.1225,-0.3,0.0,0.05,
1623,7,183,6.7625,1.0,1.0,1.0,1.0,1.0,1.0,1.0,0.9998,1.0,1.0,0.78,0.17,1.25,0.5,0.5,1.1222,-0.3,0.0,0.05,
1624,7,184,6.7667,1.0,1.0,1.0,1.0,1.0,1.0,1.0,0.9999,1.0,1.0,0.78,0.17,1.25,0.5,0.5,1.122,-0.3,0.0,0.05,
1625,7,185,6.7708,1.0,1.0,1.0,1.0,1.0,1.0,1.0,0.9999,1.0,1.0,0.78,0.17,1.25,0.5,0.5,1.1217,-0.3,0.0,0.05,
1626,7,186,6.775,1.0,1.0,1.0,1.0,1.0,1.0,1.0,1.0,1.0,1.0,0.78,0.17,1.25,0.5,0.5,1.1215,-0.3,0.0,0.05,
1627,7,187,6.7792,1.0,1.0,1.0,1.0,1.0,1.0,1.0,1.0,1.0,1.0,0.78,0.17,1.25,0.5,0.5,1.1212,-0.3,0.0,0.05,
1628,7,188,6.7833,1.0,1.0,1.0,1.0,1.0,1.0,1.0,1.0,1.0,1.0,0.78,0.17,1.25,0.5,0.5,1.121,-0.3,0.0,0.05,
1629,7,189,6.7875,1.0,1.0,1.0,1.0,1.0,1.0,1.0,1.0,1.0,1.0,0.78,0.17,1.25,0.5,0.5,1.1208,-0.3,0.0,0.05,
1630,7,190,6.7917,1.0,1.0,1.0,1.0,1.0,1.0,1.0,1.0,1.0,1.0,0.78,0.17,1.25,0.5,0.5,1.1205,-0.3,0.0,0.05,
1631,7,191,6.7958,1.0,1.0,1.0,1.0,1.0,1.0,1.0,1.0,1.0,1.0,0.78,0.17,1.25,0.5,0.5,1.1203,-0.3,0.0,0.05,
1632,7,192,6.8,1.0,1.0,1.0,1.0,1.0,1.0,1.0,1.0,1.0,1.0,0.78,0.17,1.25,0.5,0.5,1.12,-0.3,0.0,0.05,THUD
1633,7,193,6.8042,1.0,1.0,1.0,1.0,1.0,1.0,1.0,1.0,1.0,0.9994,0.8979,0.1876,1.25,0.5,0.5,1.1197,-0.3,0.0,0.05,
1634,7,194,6.8083,1.0,1.0,1.0,1.0,1.0,1.0,1.0,1.0,1.0,0.9977,0.9862,0.2007,1.25,0.5,0.5,1.1195,-0.3,0.0,0.05,
1635,7,195,6.8125,1.0,1.0,1.0,1.0,1.0,1.0,1.0,1.0,1.0,0.9949,1.0524,0.2106,1.25,0.5,0.5,1.1192,-0.3,0.0,0.05,
1636,7,196,6.8167,1.0,1.0,1.0,1.0,1.0,1.0,1.0,1.0,1.0,0.9911,1.102,0.218,1.25,0.5,0.5,1.1189,-0.3,0.0,0.05,
1637,7,197,6.8208,1.0,1.0,1.0,1.0,1.0,1.0,1.0,1.0,1.0,0.9862,1.1391,0.2235,1.25,0.5,0.5,1.1186,-0.3,0.0,0.05,
1638,7,198,6.825,1.0,1.0,1.0,1.0,1.0,1.0,1.0,1.0,1.0,0.9803,1.1669,0.2276,1.25,0.5,0.5,1.1183,-0.3,0.0,0.05,
1639,7,199,6.8292,1.0,1.0,1.0,1.0,1.0,1.0,1.0,1.0,1.0,0.9735,1.1878,0.2307,1.25,0.5,0.5,1.118,-0.3,0.0,0.05,
1640,7,200,6.8333,1.0,1.0,1.0,1.0,1.0,1.0,1.0,1.0,1.0,0.9657,1.2034,0.2331,1.25,0.5,0.5,1.1177,-0.3,0.0,0.05,
1641,7,201,6.8375,1.0,1.0,1.0,1.0,1.0,1.0,1.0,1.0,1.0,0.957,1.2151,0.2348,1.25,0.5,0.5,1.1174,-0.3,0.0,0.05,
1642,7,202,6.8417,1.0,1.0,1.0,1.0,1.0,1.0,1.0,1.0,1.0,0.9475,1.2238,0.2361,1.25,0.5,0.5,1.117,-0.3,0.0,0.05,
1643,7,203,6.8458,1.0,1.0,1.0,1.0,1.0,1.0,1.0,1.0,1.0,0.9371,1.2304,0.2371,1.25,0.5,0.5,1.1167,-0.3,0.0,0.05,
1644,7,204,6.85,1.0,1.0,1.0,1.0,1.0,1.0,1.0,1.0,1.0,0.9259,1.2353,0.2378,1.25,0.5,0.5,1.1163,-0.3,0.0,0.05,
1645,7,205,6.8542,1.0,1.0,1.0,1.0,1.0,1.0,1.0,1.0,1.0,0.914,1.239,0.2384,1.25,0.5,0.5,1.116,-0.3,0.0,0.05,
1646,7,206,6.8583,1.0,1.0,1.0,1.0,1.0,1.0,1.0,1.0,1.0,0.9013,1.2418,0.2388,1.25,0.5,0.5,1.1156,-0.3,0.0,0.05,
1647,7,207,6.8625,1.0,1.0,1.0,1.0,1.0,1.0,1.0,1.0,1.0,0.8879,1.2438,0.2391,1.25,0.5,0.5,1.1152,-0.3,0.0,0.05,
1648,7,208,6.8667,1.0,1.0,1.0,1.0,1.0,1.0,1.0,1.0,1.0,0.8738,1.2454,0.2393,1.25,0.5,0.5,1.1148,-0.3,0.0,0.05,
1649,7,209,6.8708,1.0,1.0,1.0,1.0,1.0,1.0,1.0,1.0,1.0,0.8591,1.2465,0.2395,1.25,0.5,0.5,1.1144,-0.3,0.0,0.05,
1650,7,210,6.875,1.0,1.0,1.0,1.0,1.0,1.0,1.0,1.0,1.0,0.8438,1.2474,0.2396,1.25,0.5,0.5,1.114,-0.3,0.0,0.05,
1651,7,211,6.8792,1.0,1.0,1.0,1.0,1.0,1.0,1.0,1.0,1.0,0.8278,1.2481,0.2397,1.25,0.5,0.5,1.1136,-0.3,0.0,0.05,
1652,7,212,6.8833,1.0,1.0,1.0,1.0,1.0,1.0,1.0,1.0,1.0,0.8114,1.2485,0.2398,1.25,0.5,0.5,1.1132,-0.3,0.0,0.05,
1653,7,213,6.8875,1.0,1.0,1.0,1.0,1.0,1.0,1.0,1.0,1.0,0.7944,1.2489,0.2398,1.25,0.5,0.5,1.1128,-0.3,0.0,0.05,
1654,7,214,6.8917,1.0,1.0,1.0,1.0,1.0,1.0,1.0,1.0,1.0,0.777,1.2492,0.2399,1.25,0.5,0.5,1.1123,-0.3,0.0,0.05,
1655,7,215,6.8958,1.0,1.0,1.0,1.0,1.0,1.0,1.0,1.0,1.0,0.7591,1.2494,0.2399,1.25,0.5,0.5,1.1119,-0.3,0.0,0.05,
1656,7,216,6.9,1.0,1.0,1.0,1.0,1.0,1.0,1.0,1.0,1.0,0.7407,1.25,0.24,1.25,0.5,0.5,1.1114,-0.3,0.0,0.05,
1657,7,217,6.9042,1.0,1.0,1.0,1.0,1.0,1.0,1.0,1.0,1.0,0.722,1.2448,0.2388,1.25,0.5,0.5,1.111,-0.3,0.0,0.05,
1658,7,218,6.9083,1.0,1.0,1.0,1.0,1.0,1.0,1.0,1.0,1.0,0.703,1.2397,0.2375,1.25,0.5,0.5,1.1105,-0.3,0.0,0.05,
1659,7,219,6.9125,1.0,1.0,1.0,1.0,1.0,1.0,1.0,1.0,1.0,0.6836,1.2347,0.2363,1.25,0.5,0.5,1.11,-0.3,0.0,0.05,
1660,7,220,6.9167,1.0,1.0,1.0,1.0,1.0,1.0,1.0,1.0,1.0,0.6639,1.2297,0.2351,1.25,0.5,0.5,1.1096,-0.3,0.0,0.05,
1661,7,221,6.9208,1.0,1.0,1.0,1.0,1.0,1.0,1.0,1.0,1.0,0.644,1.2249,0.234,1.25,0.5,0.5,1.1091,-0.3,0.0,0.05,
1662,7,222,6.925,1.0,1.0,1.0,1.0,1.0,1.0,1.0,1.0,1.0,0.6238,1.22,0.2328,1.25,0.5,0.5,1.1086,-0.3,0.0,0.05,
1663,7,223,6.9292,1.0,1.0,1.0,1.0,1.0,1.0,1.0,1.0,1.0,0.6035,1.2153,0.2317,1.25,0.5,0.5,1.1081,-0.3,0.0,0.05,
1664,7,224,6.9333,1.0,1.0,1.0,1.0,1.0,1.0,1.0,1.0,1.0,0.583,1.2106,0.2305,1.25,0.5,0.5,1.1076,-0.3,0.0,0.05,
1665,7,225,6.9375,1.0,1.0,1.0,1.0,1.0,1.0,1.0,1.0,1.0,0.5624,1.206,0.2294,1.25,0.5,0.5,1.1071,-0.3,0.0,0.05,
1666,7,226,6.9417,1.0,1.0,1.0,1.0,1.0,1.0,1.0,1.0,1.0,0.5416,1.2014,0.2283,1.25,0.5,0.5,1.1066,-0.3,0.0,0.05,
1667,7,227,6.9458,1.0,1.0,1.0,1.0,1.0,1.0,1.0,1.0,1.0,0.5208,1.197,0.2273,1.25,0.5,0.5,1.106,-0.3,0.0,0.05,
1668,7,228,6.95,1.0,1.0,1.0,1.0,1.0,1.0,1.0,1.0,1.0,0.5,1.1926,0.2262,1.25,0.5,0.5,1.1055,-0.3,0.0,0.05,
1669,7,229,6.9542,1.0,1.0,1.0,1.0,1.0,1.0,1.0,1.0,1.0,0.4792,1.1882,0.2252,1.25,0.5,0.5,1.105,-0.3,0.0,0.05,
1670,7,230,6.9583,1.0,1.0,1.0,1.0,1.0,1.0,1.0,1.0,1.0,0.4584,1.1839,0.2241,1.25,0.5,0.5,1.1044,-0.3,0.0,0.05,
1671,7,231,6.9625,1.0,1.0,1.0,1.0,1.0,1.0,1.0,1.0,1.0,0.4376,1.1797,0.2231,1.25,0.5,0.5,1.1039,-0.3,0.0,0.05,
1672,7,232,6.9667,1.0,1.0,1.0,1.0,1.0,1.0,1.0,1.0,1.0,0.417,1.1756,0.2221,1.25,0.5,0.5,1.1033,-0.3,0.0,0.05,
1673,7,233,6.9708,1.0,1.0,1.0,1.0,1.0,1.0,1.0,1.0,1.0,0.3965,1.1715,0.2212,1.25,0.5,0.5,1.1028,-0.3,0.0,0.05,
1674,7,234,6.975,1.0,1.0,1.0,1.0,1.0,1.0,1.0,1.0,1.0,0.3762,1.1675,0.2202,1.25,0.5,0.5,1.1022,-0.3,0.0,0.05,
1675,7,235,6.9792,1.0,1.0,1.0,1.0,1.0,1.0,1.0,1.0,1.0,0.356,1.1635,0.2192,1.25,0.5,0.5,1.1017,-0.3,0.0,0.05,
1676,7,236,6.9833,1.0,1.0,1.0,1.0,1.0,1.0,1.0,1.0,1.0,0.3361,1.1596,0.2183,1.25,0.5,0.5,1.1011,-0.3,0.0,0.05,
1677,7,237,6.9875,1.0,1.0,1.0,1.0,1.0,1.0,1.0,1.0,1.0,0.3164,1.1558,0.2174,1.25,0.5,0.5,1.1005,-0.3,0.0,0.05,
1678,7,238,6.9917,1.0,1.0,1.0,1.0,1.0,1.0,1.0,1.0,1.0,0.297,1.152,0.2165,1.25,0.5,0.5,1.0999,-0.3,0.0,0.05,
1679,7,239,6.9958,1.0,1.0,1.0,1.0,1.0,1.0,1.0,1.0,1.0,0.278,1.1483,0.2156,1.25,0.5,0.5,1.0993,-0.3,0.0,0.05,
1680,8,0,7.0,1.0,1.0,1.0,1.0,1.0,1.0,1.0,1.0,1.0,0.2593,1.1447,0.2147,1.25,0.5,0.5,1.0987,-0.3,0.0,0.05,
1681,8,1,7.0042,1.0,1.0,1.0,1.0,1.0,1.0,1.0,1.0,1.0,0.2409,1.1411,0.2139,1.25,0.5,0.5,1.0981,-0.3,0.0,0.05,
1682,8,2,7.0083,1.0,1.0,1.0,1.0,1.0,1.0,1.0,1.0,1.0,0.223,1.1376,0.213,1.25,0.5,0.5,1.0975,-0.3,0.0,0.05,
1683,8,3,7.0125,1.0,1.0,1.0,1.0,1.0,1.0,1.0,1.0,1.0,0.2056,1.1341,0.2122,1.25,0.5,0.5,1.0969,-0.3,0.0,0.05,
1684,8,4,7.0167,1.0,1.0,1.0,1.0,1.0,1.0,1.0,1.0,1.0,0.1886,1.1307,0.2114,1.25,0.5,0.5,1.0963,-0.3,0.0,0.05,
1685,8,5,7.0208,1.0,1.0,1.0,1.0,1.0,1.0,1.0,1.0,1.0,0.1722,1.1273,0.2106,1.25,0.5,0.5,1.0957,-0.3,0.0,0.05,
1686,8,6,7.025,1.0,1.0,1.0,1.0,1.0,1.0,1.0,1.0,1.0,0.1562,1.124,0.2098,1.25,0.5,0.5,1.0951,-0.3,0.0,0.05,
1687,8,7,7.0292,1.0,1.0,1.0,1.0,1.0,1.0,1.0,1.0,1.0,0.1409,1.1208,0.209,1.25,0.5,0.5,1.0944,-0.3,0.0,0.05,
1688,8,8,7.0333,1.0,1.0,1.0,1.0,1.0,1.0,1.0,1.0,1.0,0.1262,1.1176,0.2082,1.25,0.5,0.5,1.0938,-0.3,0.0,0.05,
1689,8,9,7.0375,1.0,1.0,1.0,1.0,1.0,1.0,1.0,1.0,1.0,0.1121,1.1145,0.2075,1.25,0.5,0.5,1.0932,-0.3,0.0,0.05,
1690,8,10,7.0417,1.0,1.0,1.0,1.0,1.0,1.0,1.0,1.0,1.0,0.0987,1.1114,0.2067,1.25,0.5,0.5,1.0925,-0.3,0.0,0.05,
1691,8,11,7.0458,1.0,1.0,1.0,1.0,1.0,1.0,1.0,1.0,1.0,0.086,1.1084,0.206,1.25,0.5,0.5,1.0919,-0.3,0.0,0.05,
1692,8,12,7.05,1.0,1.0,1.0,1.0,1.0,1.0,1.0,1.0,1.0,0.0741,1.1055,0.2053,1.25,0.5,0.5,1.0912,-0.3,0.0,0.05,
1693,8,13,7.0542,1.0,1.0,1.0,1.0,1.0,1.0,1.0,1.0,1.0,0.0629,1.1026,0.2046,1.25,0.5,0.5,1.0906,-0.3,0.0,0.05,
1694,8,14,7.0583,1.0,1.0,1.0,1.0,1.0,1.0,1.0,1.0,1.0,0.0525,1.0997,0.2039,1.25,0.5,0.5,1.0899,-0.3,0.0,0.05,
1695,8,15,7.0625,1.0,1.0,1.0,1.0,1.0,1.0,1.0,1.0,1.0,0.043,1.0969,0.2033,1.25,0.5,0.5,1.0892,-0.3,0.0,0.05,
1696,8,16,7.0667,1.0,1.0,1.0,1.0,1.0,1.0,1.0,1.0,1.0,0.0343,1.0942,0.2026,1.25,0.5,0.5,1.0886,-0.3,0.0,0.05,
1697,8,17,7.0708,1.0,1.0,1.0,1.0,1.0,1.0,1.0,1.0,1.0,0.0265,1.0915,0.202,1.25,0.5,0.5,1.0879,-0.3,0.0,0.05,
1698,8,18,7.075,1.0,1.0,1.0,1.0,1.0,1.0,1.0,1.0,1.0,0.0197,1.0888,0.2013,1.25,0.5,0.5,1.0872,-0.3,0.0,0.05,
1699,8,19,7.0792,1.0,1.0,1.0,1.0,1.0,1.0,1.0,1.0,1.0,0.0138,1.0863,0.2007,1.25,0.5,0.5,1.0866,-0.3,0.0,0.05,
1700,8,20,7.0833,1.0,1.0,1.0,1.0,1.0,1.0,1.0,1.0,1.0,0.0089,1.0837,0.2001,1.25,0.5,0.5,1.0859,-0.3,0.0,0.05,
1701,8,21,7.0875,1.0,1.0,1.0,1.0,1.0,1.0,1.0,1.0,1.0,0.0051,1.0812,0.1995,1.25,0.5,0.5,1.0852,-0.3,0.0,0.05,
1702,8,22,7.0917,1.0,1.0,1.0,1.0,1.0,1.0,1.0,1.0,1.0,0.0023,1.0788,0.1989,1.25,0.5,0.5,1.0845,-0.3,0.0,0.05,
1703,8,23,7.0958,1.0,1.0,1.0,1.0,1.0,1.0,1.0,1.0,1.0,0.0006,1.0764,0.1983,1.25,0.5,0.5,1.0838,-0.3,0.0,0.05,
1704,8,24,7.1,1.0,1.0,1.0,1.0,1.0,1.0,1.0,1.0,1.0,0.0,1.0741,0.1978,1.25,0.5,0.5,1.0831,-0.3,0.0,0.05,
1705,8,25,7.1042,1.0,1.0,1.0,1.0,1.0,1.0,1.0,1.0,1.0,0.0,1.0718,0.1972,1.25,0.5,0.5,1.0825,-0.3,0.0,0.05,
1706,8,26,7.1083,1.0,1.0,1.0,1.0,1.0,1.0,1.0,1.0,1.0,0.0,1.0695,0.1967,1.25,0.5,0.5,1.0818,-0.3,0.0,0.05,
1707,8,27,7.1125,1.0,1.0,1.0,1.0,1.0,1.0,1.0,1.0,1.0,0.0,1.0673,0.1962,1.25,0.5,0.5,1.0811,-0.3,0.0,0.05,
1708,8,28,7.1167,1.0,1.0,1.0,1.0,1.0,1.0,1.0,1.0,1.0,0.0,1.0652,0.1956,1.25,0.5,0.5,1.0804,-0.3,0.0,0.05,
1709,8,29,7.1208,1.0,1.0,1.0,1.0,1.0,1.0,1.0,1.0,1.0,0.0,1.0631,0.1951,1.25,0.5,0.5,1.0797,-0.3,0.0,0.05,
1710,8,30,7.125,1.0,1.0,1.0,1.0,1.0,1.0,1.0,1.0,1.0,0.0,1.061,0.1946,1.25,0.5,0.5,1.0789,-0.3,0.0,0.05,
1711,8,31,7.1292,1.0,1.0,1.0,1.0,1.0,1.0,1.0,1.0,1.0,0.0,1.059,0.1942,1.25,0.5,0.5,1.0782,-0.3,0.0,0.05,
1712,8,32,7.1333,1.0,1.0,1.0,1.0,1.0,1.0,1.0,1.0,1.0,0.0,1.0571,0.1937,1.25,0.5,0.5,1.0775,-0.3,0.0,0.05,
1713,8,33,7.1375,1.0,1.0,1.0,1.0,1.0,1.0,1.0,1.0,1.0,0.0,1.0551,0.1932,1.25,0.5,0.5,1.0768,-0.3,0.0,0.05,
1714,8,34,7.1417,1.0,1.0,1.0,1.0,1.0,1.0,1.0,1.0,1.0,0.0,1.0533,0.1928,1.25,0.5,0.5,1.0761,-0.3,0.0,0.05,
1715,8,35,7.1458,1.0,1.0,1.0,1.0,1.0,1.0,1.0,1.0,1.0,0.0,1.0514,0.1923,1.25,0.5,0.5,1.0754,-0.3,0.0,0.05,
1716,8,36,7.15,1.0,1.0,1.0,1.0,1.0,1.0,1.0,1.0,1.0,0.0,1.0496,0.1919,1.25,0.5,0.5,1.0747,-0.3,0.0,0.05,
1717,8,37,7.1542,1.0,1.0,1.0,1.0,1.0,1.0,1.0,1.0,1.0,0.0,1.0479,0.1915,1.25,0.5,0.5,1.074,-0.3,0.0,0.05,
1718,8,38,7.1583,1.0,1.0,1.0,1.0,1.0,1.0,1.0,1.0,1.0,0.0,1.0462,0.1911,1.25,0.5,0.5,1.0732,-0.3,0.0,0.05,
1719,8,39,7.1625,1.0,1.0,1.0,1.0,1.0,1.0,1.0,1.0,1.0,0.0,1.0445,0.1907,1.25,0.5,0.5,1.0725,-0.3,0.0,0.05,
1720,8,40,7.1667,1.0,1.0,1.0,1.0,1.0,1.0,1.0,1.0,1.0,0.0,1.0429,0.1903,1.25,0.5,0.5,1.0718,-0.3,0.0,0.05,
1721,8,41,7.1708,1.0,1.0,1.0,1.0,1.0,1.0,1.0,1.0,1.0,0.0,1.0413,0.1899,1.25,0.5,0.5,1.0711,-0.3,0.0,0.05,
1722,8,42,7.175,1.0,1.0,1.0,1.0,1.0,1.0,1.0,1.0,1.0,0.0,1.0397,0.1895,1.25,0.5,0.5,1.0703,-0.3,0.0,0.05,
1723,8,43,7.1792,1.0,1.0,1.0,1.0,1.0,1.0,1.0,1.0,1.0,0.0,1.0382,0.1892,1.25,0.5,0.5,1.0696,-0.3,0.0,0.05,
1724,8,44,7.1833,1.0,1.0,1.0,1.0,1.0,1.0,1.0,1.0,1.0,0.0,1.0368,0.1888,1.25,0.5,0.5,1.0689,-0.3,0.0,0.05,
1725,8,45,7.1875,1.0,1.0,1.0,1.0,1.0,1.0,1.0,1.0,1.0,0.0,1.0353,0.1885,1.25,0.5,0.5,1.0682,-0.3,0.0,0.05,
1726,8,46,7.1917,1.0,1.0,1.0,1.0,1.0,1.0,1.0,1.0,1.0,0.0,1.0339,0.1881,1.25,0.5,0.5,1.0674,-0.3,0.0,0.05,
1727,8,47,7.1958,1.0,1.0,1.0,1.0,1.0,1.0,1.0,1.0,1.0,0.0,1.0326,0.1878,1.25,0.5,0.5,1.0667,-0.3,0.0,0.05,
1728,8,48,7.2,1.0,1.0,1.0,1.0,1.0,1.0,1.0,1.0,1.0,0.0,1.0312,0.1875,1.25,0.5,0.5,1.066,-0.3,0.0,0.05,
1729,8,49,7.2042,1.0,1.0,1.0,1.0,1.0,1.0,1.0,1.0,1.0,0.0,1.03,0.1872,1.25,0.5,0.5,1.0652,-0.3,0.0,0.05,
1730,8,50,7.2083,1.0,1.0,1.0,1.0,1.0,1.0,1.0,1.0,1.0,0.0,1.0287,0.1869,1.25,0.5,0.5,1.0645,-0.3,0.0,0.05,
1731,8,51,7.2125,1.0,1.0,1.0,1.0,1.0,1.0,1.0,1.0,1.0,0.0,1.0275,0.1866,1.25,0.5,0.5,1.0638,-0.3,0.0,0.05,
1732,8,52,7.2167,1.0,1.0,1.0,1.0,1.0,1.0,1.0,1.0,1.0,0.0,1.0263,0.1863,1.25,0.5,0.5,1.063,-0.3,0.0,0.05,
1733,8,53,7.2208,1.0,1.0,1.0,1.0,1.0,1.0,1.0,1.0,1.0,0.0,1.0252,0.186,1.25,0.5,0.5,1.0623,-0.3,0.0,0.05,
1734,8,54,7.225,1.0,1.0,1.0,1.0,1.0,1.0,1.0,1.0,1.0,0.0,1.0241,0.1858,1.25,0.5,0.5,1.0616,-0.3,0.0,0.05,
1735,8,55,7.2292,1.0,1.0,1.0,1.0,1.0,1.0,1.0,1.0,1.0,0.0,1.023,0.1855,1.25,0.5,0.5,1.0608,-0.3,0.0,0.05,
1736,8,56,7.2333,1.0,1.0,1.0,1.0,1.0,1.0,1.0,1.0,1.0,0.0,1.0219,0.1853,1.25,0.5,0.5,1.0601,-0.3,0.0,0.05,
1737,8,57,7.2375,1.0,1.0,1.0,1.0,1.0,1.0,1.0,1.0,1.0,0.0,1.0209,0.185,1.25,0.5,0.5,1.0594,-0.3,0.0,0.05,
1738,8,58,7.2417,1.0,1.0,1.0,1.0,1.0,1.0,1.0,1.0,1.0,0.0,1.02,0.1848,1.25,0.5,0.5,1.0586,-0.3,0.0,0.05,
1739,8,59,7.2458,1.0,1.0,1.0,1.0,1.0,1.0,1.0,1.0,1.0,0.0,1.019,0.1846,1.25,0.5,0.5,1.0579,-0.3,0.0,0.05,
1740,8,60,7.25,1.0,1.0,1.0,1.0,1.0,1.0,1.0,1.0,1.0,0.0,1.0181,0.1843,1.25,0.5,0.5,1.0572,-0.3,0.0,0.05,WHOOSH
1741,8,61,7.2542,1.0,1.0,1.0,1.0,1.0,1.0,1.0,1.0,1.0,0.0,1.0172,0.1841,1.25,0.5,0.5,1.0564,-0.3,0.0013,0.05,
1742,8,62,7.2583,1.0,1.0,1.0,1.0,1.0,1.0,1.0,1.0,1.0,0.0,1.0163,0.1839,1.25,0.5,0.5,1.0557,-0.3,0.0036,0.05,
1743,8,63,7.2625,1.0,1.0,1.0,1.0,1.0,1.0,1.0,1.0,1.0,0.0,1.0155,0.1837,1.25,0.5,0.5,1.055,-0.3,0.0066,0.05,
1744,8,64,7.2667,1.0,1.0,1.0,1.0,1.0,1.0,1.0,1.0,1.0,0.0,1.0147,0.1835,1.25,0.5,0.5,1.0543,-0.2999,0.0101,0.05,
1745,8,65,7.2708,1.0,1.0,1.0,1.0,1.0,1.0,1.0,1.0,1.0,0.0,1.0139,0.1833,1.25,0.5,0.5,1.0535,-0.2999,0.0142,0.05,
1746,8,66,7.275,1.0,1.0,1.0,1.0,1.0,1.0,1.0,1.0,1.0,0.0,1.0132,0.1832,1.25,0.5,0.5,1.0528,-0.2998,0.0186,0.05,
1747,8,67,7.2792,1.0,1.0,1.0,1.0,1.0,1.0,1.0,1.0,1.0,0.0,1.0125,0.183,1.25,0.5,0.5,1.0521,-0.2996,0.0234,0.05,
1748,8,68,7.2833,1.0,1.0,1.0,1.0,1.0,1.0,1.0,1.0,1.0,0.0,1.0118,0.1828,1.25,0.5,0.5,1.0514,-0.2994,0.0286,0.05,
1749,8,69,7.2875,1.0,1.0,1.0,1.0,1.0,1.0,1.0,1.0,1.0,0.0,1.0111,0.1827,1.25,0.5,0.5,1.0506,-0.2992,0.034,0.05,
1750,8,70,7.2917,1.0,1.0,1.0,1.0,1.0,1.0,1.0,1.0,1.0,0.0,1.0105,0.1825,1.25,0.5,0.5,1.0499,-0.2989,0.0398,0.05,
1751,8,71,7.2958,1.0,1.0,1.0,1.0,1.0,1.0,1.0,1.0,1.0,0.0,1.0099,0.1824,1.25,0.5,0.5,1.0492,-0.2985,0.0458,0.05,
1752,8,72,7.3,1.0,1.0,1.0,1.0,1.0,1.0,1.0,1.0,1.0,0.0,1.0093,0.1822,1.25,0.5,0.5,1.0485,-0.2981,0.0521,0.05,
1753,8,73,7.3042,1.0,1.0,1.0,1.0,1.0,1.0,1.0,1.0,1.0,0.0,1.0087,0.1821,1.25,0.5,0.5,1.0477,-0.2976,0.0587,0.05,
1754,8,74,7.3083,1.0,1.0,1.0,1.0,1.0,1.0,1.0,1.0,1.0,0.0,1.0081,0.182,1.25,0.5,0.5,1.047,-0.297,0.0654,0.05,
1755,8,75,7.3125,1.0,1.0,1.0,1.0,1.0,1.0,1.0,1.0,1.0,0.0,1.0076,0.1818,1.25,0.5,0.5,1.0463,-0.2963,0.0724,0.05,
1756,8,76,7.3167,1.0,1.0,1.0,1.0,1.0,1.0,1.0,1.0,1.0,0.0,1.0071,0.1817,1.25,0.5,0.5,1.0456,-0.2955,0.0796,0.05,
1757,8,77,7.3208,1.0,1.0,1.0,1.0,1.0,1.0,1.0,1.0,1.0,0.0,1.0067,0.1816,1.25,0.5,0.5,1.0449,-0.2946,0.0869,0.05,
1758,8,78,7.325,1.0,1.0,1.0,1.0,1.0,1.0,1.0,1.0,1.0,0.0,1.0062,0.1815,1.25,0.5,0.5,1.0442,-0.2936,0.0945,0.05,
1759,8,79,7.3292,1.0,1.0,1.0,1.0,1.0,1.0,1.0,1.0,1.0,0.0,1.0058,0.1814,1.25,0.5,0.5,1.0435,-0.2925,0.1022,0.05,
1760,8,80,7.3333,1.0,1.0,1.0,1.0,1.0,1.0,1.0,1.0,1.0,0.0,1.0054,0.1813,1.25,0.5,0.5,1.0428,-0.2912,0.11,0.05,
1761,8,81,7.3375,1.0,1.0,1.0,1.0,1.0,1.0,1.0,1.0,1.0,0.0,1.005,0.1812,1.25,0.5,0.5,1.0421,-0.2898,0.118,0.05,
1762,8,82,7.3417,1.0,1.0,1.0,1.0,1.0,1.0,1.0,1.0,1.0,0.0,1.0046,0.1811,1.25,0.5,0.5,1.0414,-0.2883,0.1261,0.05,
1763,8,83,7.3458,1.0,1.0,1.0,1.0,1.0,1.0,1.0,1.0,1.0,0.0,1.0042,0.181,1.25,0.5,0.5,1.0407,-0.2866,0.1343,0.05,
1764,8,84,7.35,1.0,1.0,1.0,1.0,1.0,1.0,1.0,1.0,1.0,0.0,1.0039,0.1809,1.25,0.5,0.5,1.04,-0.2848,0.1427,0.05,
1765,8,85,7.3542,1.0,1.0,1.0,1.0,1.0,1.0,1.0,1.0,1.0,0.0,1.0036,0.1809,1.25,0.5,0.5,1.0393,-0.2829,0.1511,0.05,
1766,8,86,7.3583,1.0,1.0,1.0,1.0,1.0,1.0,1.0,1.0,1.0,0.0,1.0033,0.1808,1.25,0.5,0.5,1.0386,-0.2807,0.1596,0.05,
1767,8,87,7.3625,1.0,1.0,1.0,1.0,1.0,1.0,1.0,1.0,1.0,0.0,1.003,0.1807,1.25,0.5,0.5,1.0379,-0.2784,0.1682,0.05,
1768,8,88,7.3667,1.0,1.0,1.0,1.0,1.0,1.0,1.0,1.0,1.0,0.0,1.0027,0.1807,1.25,0.5,0.5,1.0373,-0.2759,0.1769,0.05,
1769,8,89,7.3708,1.0,1.0,1.0,1.0,1.0,1.0,1.0,1.0,1.0,0.0,1.0025,0.1806,1.25,0.5,0.5,1.0366,-0.2732,0.1857,0.05,
1770,8,90,7.375,1.0,1.0,1.0,1.0,1.0,1.0,1.0,1.0,1.0,0.0,1.0023,0.1805,1.25,0.5,0.5,1.0359,-0.2704,0.1945,0.05,
1771,8,91,7.3792,1.0,1.0,1.0,1.0,1.0,1.0,1.0,1.0,1.0,0.0,1.002,0.1805,1.25,0.5,0.5,1.0352,-0.2673,0.2033,0.05,
1772,8,92,7.3833,1.0,1.0,1.0,1.0,1.0,1.0,1.0,1.0,1.0,0.0,1.0018,0.1804,1.25,0.5,0.5,1.0346,-0.264,0.2122,0.05,
1773,8,93,7.3875,1.0,1.0,1.0,1.0,1.0,1.0,1.0,1.0,1.0,0.0,1.0016,0.1804,1.25,0.5,0.5,1.0339,-0.2606,0.2211,0.05,
1774,8,94,7.3917,1.0,1.0,1.0,1.0,1.0,1.0,1.0,1.0,1.0,0.0,1.0015,0.1804,1.25,0.5,0.5,1.0332,-0.2569,0.23,0.05,
1775,8,95,7.3958,1.0,1.0,1.0,1.0,1.0,1.0,1.0,1.0,1.0,0.0,1.0013,0.1803,1.25,0.5,0.5,1.0326,-0.2529,0.2389,0.05,
1776,8,96,7.4,1.0,1.0,1.0,1.0,1.0,1.0,1.0,1.0,1.0,0.0,1.0012,0.1803,1.25,0.5,0.5,1.0319,-0.2488,0.2479,0.05,
1777,8,97,7.4042,1.0,1.0,1.0,1.0,1.0,1.0,1.0,1.0,1.0,0.0,1.001,0.1802,1.25,0.5,0.5,1.0313,-0.2444,0.2568,0.05,
1778,8,98,7.4083,1.0,1.0,1.0,1.0,1.0,1.0,1.0,1.0,1.0,0.0,1.0009,0.1802,1.25,0.5,0.5,1.0306,-0.2398,0.2657,0.05,
1779,8,99,7.4125,1.0,1.0,1.0,1.0,1.0,1.0,1.0,1.0,1.0,0.0,1.0008,0.1802,1.25,0.5,0.5,1.03,-0.2349,0.2746,0.05,
1780,8,100,7.4167,1.0,1.0,1.0,1.0,1.0,1.0,1.0,1.0,1.0,0.0,1.0007,0.1802,1.25,0.5,0.5,1.0294,-0.2298,0.2834,0.05,
1781,8,101,7.4208,1.0,1.0,1.0,1.0,1.0,1.0,1.0,1.0,1.0,0.0,1.0006,0.1801,1.25,0.5,0.5,1.0287,-0.2244,0.2923,0.05,
1782,8,102,7.425,1.0,1.0,1.0,1.0,1.0,1.0,1.0,1.0,1.0,0.0,1.0005,0.1801,1.25,0.5,0.5,1.0281,-0.2187,0.301,0.05,
1783,8,103,7.4292,1.0,1.0,1.0,1.0,1.0,1.0,1.0,1.0,1.0,0.0,1.0004,0.1801,1.25,0.5,0.5,1.0275,-0.2127,0.3098,0.05,
1784,8,104,7.4333,1.0,1.0,1.0,1.0,1.0,1.0,1.0,1.0,1.0,0.0,1.0003,0.1801,1.25,0.5,0.5,1.0268,-0.2065,0.3184,0.05,
1785,8,105,7.4375,1.0,1.0,1.0,1.0,1.0,1.0,1.0,1.0,1.0,0.0,1.0003,0.1801,1.25,0.5,0.5,1.0262,-0.2,0.327,0.05,
1786,8,106,7.4417,1.0,1.0,1.0,1.0,1.0,1.0,1.0,1.0,1.0,0.0,1.0002,0.1801,1.25,0.5,0.5,1.0256,-0.1932,0.3356,0.05,
1787,8,107,7.4458,1.0,1.0,1.0,1.0,1.0,1.0,1.0,1.0,1.0,0.0,1.0002,0.18,1.25,0.5,0.5,1.025,-0.1861,0.344,0.05,
1788,8,108,7.45,1.0,1.0,1.0,1.0,1.0,1.0,1.0,1.0,1.0,0.0,1.0001,0.18,1.25,0.5,0.5,1.0244,-0.1786,0.3523,0.05,
1789,8,109,7.4542,1.0,1.0,1.0,1.0,1.0,1.0,1.0,1.0,1.0,0.0,1.0001,0.18,1.25,0.5,0.5,1.0238,-0.1709,0.3606,0.05,
1790,8,110,7.4583,1.0,1.0,1.0,1.0,1.0,1.0,1.0,1.0,1.0,0.0,1.0001,0.18,1.25,0.5,0.5,1.0232,-0.1628,0.3688,0.05,
1791,8,111,7.4625,1.0,1.0,1.0,1.0,1.0,1.0,1.0,1.0,1.0,0.0,1.0001,0.18,1.25,0.5,0.5,1.0226,-0.1544,0.3768,0.05,
1792,8,112,7.4667,1.0,1.0,1.0,1.0,1.0,1.0,1.0,1.0,1.0,0.0,1.0,0.18,1.25,0.5,0.5,1.0221,-0.1457,0.3847,0.05,
1793,8,113,7.4708,1.0,1.0,1.0,1.0,1.0,1.0,1.0,1.0,1.0,0.0,1.0,0.18,1.25,0.5,0.5,1.0215,-0.1366,0.3925,0.05,
1794,8,114,7.475,1.0,1.0,1.0,1.0,1.0,1.0,1.0,1.0,1.0,0.0,1.0,0.18,1.25,0.5,0.5,1.0209,-0.1272,0.4002,0.05,
1795,8,115,7.4792,1.0,1.0,1.0,1.0,1.0,1.0,1.0,1.0,1.0,0.0,1.0,0.18,1.25,0.5,0.5,1.0204,-0.1174,0.4078,0.05,
1796,8,116,7.4833,1.0,1.0,1.0,1.0,1.0,1.0,1.0,1.0,1.0,0.0,1.0,0.18,1.25,0.5,0.5,1.0198,-0.1073,0.4152,0.05,
1797,8,117,7.4875,1.0,1.0,1.0,1.0,1.0,1.0,1.0,1.0,1.0,0.0,1.0,0.18,1.25,0.5,0.5,1.0192,-0.0968,0.4224,0.05,
1798,8,118,7.4917,1.0,1.0,1.0,1.0,1.0,1.0,1.0,1.0,1.0,0.0,1.0,0.18,1.25,0.5,0.5,1.0187,-0.0859,0.4295,0.05,
1799,8,119,7.4958,1.0,1.0,1.0,1.0,1.0,1.0,1.0,1.0,1.0,0.0,1.0,0.18,1.25,0.5,0.5,1.0182,-0.0746,0.4365,0.05,
1800,8,120,7.5,1.0,1.0,1.0,1.0,1.0,1.0,1.0,1.0,1.0,0.0,1.0,0.18,1.25,0.5,0.5,1.0176,-0.063,0.4433,0.05,
1801,8,121,7.5042,1.0,1.0,1.0,1.0,1.0,1.0,1.0,1.0,1.0,0.0,1.0,0.18,1.25,0.5,0.5,1.0171,-0.0509,0.4499,0.05,
1802,8,122,7.5083,1.0,1.0,1.0,1.0,1.0,1.0,1.0,1.0,1.0,0.0,1.0,0.18,1.25,0.5,0.5,1.0166,-0.0385,0.4563,0.05,
1803,8,123,7.5125,1.0,1.0,1.0,1.0,1.0,1.0,1.0,1.0,1.0,0.0,1.0,0.18,1.25,0.5,0.5,1.0161,-0.0256,0.4626,0.05,
1804,8,124,7.5167,1.0,1.0,1.0,1.0,1.0,1.0,1.0,1.0,1.0,0.0,1.0,0.18,1.25,0.5,0.5,1.0155,-0.0123,0.4687,0.05,
1805,8,125,7.5208,1.0,1.0,1.0,1.0,1.0,1.0,1.0,1.0,1.0,0.0,1.0,0.18,1.25,0.5,0.5,1.015,0.0014,0.4745,0.05,
1806,8,126,7.525,1.0,1.0,1.0,1.0,1.0,1.0,1.0,1.0,1.0,0.0,1.0,0.18,1.25,0.5,0.5,1.0145,0.0155,0.4802,0.05,
1807,8,127,7.5292,1.0,1.0,1.0,1.0,1.0,1.0,1.0,1.0,1.0,0.0,1.0,0.18,1.25,0.5,0.5,1.014,0.0301,0.4857,0.05,
1808,8,128,7.5333,1.0,1.0,1.0,1.0,1.0,1.0,1.0,1.0,1.0,0.0,1.0,0.18,1.25,0.5,0.5,1.0136,0.0451,0.491,0.05,
1809,8,129,7.5375,1.0,1.0,1.0,1.0,1.0,1.0,1.0,1.0,1.0,0.0,1.0,0.18,1.25,0.5,0.5,1.0131,0.0605,0.4961,0.05,
1810,8,130,7.5417,1.0,1.0,1.0,1.0,1.0,1.0,1.0,1.0,1.0,0.0,1.0,0.18,1.25,0.5,0.5,1.0126,0.0764,0.501,0.05,
1811,8,131,7.5458,1.0,1.0,1.0,1.0,1.0,1.0,1.0,1.0,1.0,0.0,1.0,0.18,1.25,0.5,0.5,1.0122,0.0928,0.5057,0.05,
1812,8,132,7.55,1.0,1.0,1.0,1.0,1.0,1.0,1.0,1.0,1.0,0.0,1.0,0.18,1.25,0.5,0.5,1.0117,0.1096,0.5101,0.05,
1813,8,133,7.5542,1.0,1.0,1.0,1.0,1.0,1.0,1.0,1.0,1.0,0.0,1.0,0.18,1.25,0.5,0.5,1.0113,0.1269,0.5143,0.05,
1814,8,134,7.5583,1.0,1.0,1.0,1.0,1.0,1.0,1.0,1.0,1.0,0.0,1.0,0.18,1.25,0.5,0.5,1.0108,0.1447,0.5184,0.05,
1815,8,135,7.5625,1.0,1.0,1.0,1.0,1.0,1.0,1.0,1.0,1.0,0.0,1.0,0.18,1.25,0.5,0.5,1.0104,0.163,0.5221,0.05,
1816,8,136,7.5667,1.0,1.0,1.0,1.0,1.0,1.0,1.0,1.0,1.0,0.0,1.0,0.18,1.25,0.5,0.5,1.01,0.1817,0.5257,0.05,
1817,8,137,7.5708,1.0,1.0,1.0,1.0,1.0,1.0,1.0,1.0,1.0,0.0,1.0,0.18,1.25,0.5,0.5,1.0095,0.201,0.529,0.05,
1818,8,138,7.575,1.0,1.0,1.0,1.0,1.0,1.0,1.0,1.0,1.0,0.0,1.0,0.18,1.25,0.5,0.5,1.0091,0.2208,0.5321,0.05,
1819,8,139,7.5792,1.0,1.0,1.0,1.0,1.0,1.0,1.0,1.0,1.0,0.0,1.0,0.18,1.25,0.5,0.5,1.0087,0.2411,0.5349,0.05,
1820,8,140,7.5833,1.0,1.0,1.0,1.0,1.0,1.0,1.0,1.0,1.0,0.0,1.0,0.18,1.25,0.5,0.5,1.0083,0.2619,0.5375,0.05,
1821,8,141,7.5875,1.0,1.0,1.0,1.0,1.0,1.0,1.0,1.0,1.0,0.0,1.0,0.18,1.25,0.5,0.5,1.0079,0.2832,0.5399,0.05,
1822,8,142,7.5917,1.0,1.0,1.0,1.0,1.0,1.0,1.0,1.0,1.0,0.0,1.0,0.18,1.25,0.5,0.5,1.0076,0.3051,0.542,0.05,
1823,8,143,7.5958,1.0,1.0,1.0,1.0,1.0,1.0,1.0,1.0,1.0,0.0,1.0,0.18,1.25,0.5,0.5,1.0072,0.3275,0.5439,0.05,
1824,8,144,7.6,1.0,1.0,1.0,1.0,1.0,1.0,1.0,1.0,1.0,0.0,1.0,0.18,1.25,0.5,0.5,1.0068,0.3504,0.5455,0.05,
1825,8,145,7.6042,1.0,1.0,1.0,1.0,1.0,1.0,1.0,1.0,1.0,0.0,1.0,0.18,1.25,0.5,0.5,1.0065,0.3739,0.5469,0.05,
1826,8,146,7.6083,1.0,1.0,1.0,1.0,1.0,1.0,1.0,1.0,1.0,0.0,1.0,0.18,1.25,0.5,0.5,1.0061,0.398,0.548,0.05,
1827,8,147,7.6125,1.0,1.0,1.0,1.0,1.0,1.0,1.0,1.0,1.0,0.0,1.0,0.18,1.25,0.5,0.5,1.0058,0.4226,0.5489,0.05,
1828,8,148,7.6167,1.0,1.0,1.0,1.0,1.0,1.0,1.0,1.0,1.0,0.0,1.0,0.18,1.25,0.5,0.5,1.0055,0.4478,0.5495,0.05,
1829,8,149,7.6208,1.0,1.0,1.0,1.0,1.0,1.0,1.0,1.0,1.0,0.0,1.0,0.18,1.25,0.5,0.5,1.0051,0.4736,0.5499,0.05,
1830,8,150,7.625,1.0,1.0,1.0,1.0,1.0,1.0,1.0,1.0,1.0,0.0,1.0,0.18,1.25,0.5,0.5,1.0048,0.5,0.55,0.05,
1831,8,151,7.6292,1.0,1.0,1.0,1.0,1.0,1.0,1.0,1.0,1.0,0.0,1.0,0.18,1.25,0.5,0.5,1.0045,0.5264,0.5499,0.05,
1832,8,152,7.6333,1.0,1.0,1.0,1.0,1.0,1.0,1.0,1.0,1.0,0.0,1.0,0.18,1.25,0.5,0.5,1.0042,0.5522,0.5495,0.05,
1833,8,153,7.6375,1.0,1.0,1.0,1.0,1.0,1.0,1.0,1.0,1.0,0.0,1.0,0.18,1.25,0.5,0.5,1.0039,0.5774,0.5489,0.05,
1834,8,154,7.6417,1.0,1.0,1.0,1.0,1.0,1.0,1.0,1.0,1.0,0.0,1.0,0.18,1.25,0.5,0.5,1.0037,0.602,0.548,0.05,
1835,8,155,7.6458,1.0,1.0,1.0,1.0,1.0,1.0,1.0,1.0,1.0,0.0,1.0,0.18,1.25,0.5,0.5,1.0034,0.6261,0.5469,0.05,
1836,8,156,7.65,1.0,1.0,1.0,1.0,1.0,1.0,1.0,1.0,1.0,0.0,1.0,0.18,1.25,0.5,0.5,1.0031,0.6496,0.5455,0.05,
1837,8,157,7.6542,1.0,1.0,1.0,1.0,1.0,1.0,1.0,1.0,1.0,0.0,1.0,0.18,1.25,0.5,0.5,1.0029,0.6725,0.5439,0.05,
1838,8,158,7.6583,1.0,1.0,1.0,1.0,1.0,1.0,1.0,1.0,1.0,0.0,1.0,0.18,1.25,0.5,0.5,1.0027,0.6949,0.542,0.05,
1839,8,159,7.6625,1.0,1.0,1.0,1.0,1.0,1.0,1.0,1.0,1.0,0.0,1.0,0.18,1.25,0.5,0.5,1.0024,0.7168,0.5399,0.05,
1840,8,160,7.6667,1.0,1.0,1.0,1.0,1.0,1.0,1.0,1.0,1.0,0.0,1.0,0.18,1.25,0.5,0.5,1.0022,0.7381,0.5375,0.05,
1841,8,161,7.6708,1.0,1.0,1.0,1.0,1.0,1.0,1.0,1.0,1.0,0.0,1.0,0.18,1.25,0.5,0.5,1.002,0.7589,0.5349,0.05,
1842,8,162,7.675,1.0,1.0,1.0,1.0,1.0,1.0,1.0,1.0,1.0,0.0,1.0,0.18,1.25,0.5,0.5,1.0018,0.7792,0.5321,0.05,
1843,8,163,7.6792,1.0,1.0,1.0,1.0,1.0,1.0,1.0,1.0,1.0,0.0,1.0,0.18,1.25,0.5,0.5,1.0016,0.799,0.529,0.05,
1844,8,164,7.6833,1.0,1.0,1.0,1.0,1.0,1.0,1.0,1.0,1.0,0.0,1.0,0.18,1.25,0.5,0.5,1.0014,0.8183,0.5257,0.05,
1845,8,165,7.6875,1.0,1.0,1.0,1.0,1.0,1.0,1.0,1.0,1.0,0.0,1.0,0.18,1.25,0.5,0.5,1.0013,0.837,0.5221,0.05,
1846,8,166,7.6917,1.0,1.0,1.0,1.0,1.0,1.0,1.0,1.0,1.0,0.0,1.0,0.18,1.25,0.5,0.5,1.0011,0.8553,0.5184,0.05,
1847,8,167,7.6958,1.0,1.0,1.0,1.0,1.0,1.0,1.0,1.0,1.0,0.0,1.0,0.18,1.25,0.5,0.5,1.0009,0.8731,0.5143,0.05,
1848,8,168,7.7,1.0,1.0,1.0,1.0,1.0,1.0,1.0,1.0,1.0,0.0,1.0,0.18,1.25,0.5,0.5,1.0008,0.8904,0.5101,0.05,
1849,8,169,7.7042,1.0,1.0,1.0,1.0,1.0,1.0,1.0,1.0,1.0,0.0,1.0,0.18,1.25,0.5,0.5,1.0007,0.9072,0.5057,0.05,
1850,8,170,7.7083,1.0,1.0,1.0,1.0,1.0,1.0,1.0,1.0,1.0,0.0,1.0,0.18,1.25,0.5,0.5,1.0006,0.9236,0.501,0.05,
1851,8,171,7.7125,1.0,1.0,1.0,1.0,1.0,1.0,1.0,1.0,1.0,0.0,1.0,0.18,1.25,0.5,0.5,1.0005,0.9395,0.4961,0.05,
1852,8,172,7.7167,1.0,1.0,1.0,1.0,1.0,1.0,1.0,1.0,1.0,0.0,1.0,0.18,1.25,0.5,0.5,1.0004,0.9549,0.491,0.05,
1853,8,173,7.7208,1.0,1.0,1.0,1.0,1.0,1.0,1.0,1.0,1.0,0.0,1.0,0.18,1.25,0.5,0.5,1.0003,0.9699,0.4857,0.05,
1854,8,174,7.725,1.0,1.0,1.0,1.0,1.0,1.0,1.0,1.0,1.0,0.0,1.0,0.18,1.25,0.5,0.5,1.0002,0.9845,0.4802,0.05,
1855,8,175,7.7292,1.0,1.0,1.0,1.0,1.0,1.0,1.0,1.0,1.0,0.0,1.0,0.18,1.25,0.5,0.5,1.0001,0.9986,0.4745,0.05,
1856,8,176,7.7333,1.0,1.0,1.0,1.0,1.0,1.0,1.0,1.0,1.0,0.0,1.0,0.18,1.25,0.5,0.5,1.0001,1.0123,0.4687,0.05,
1857,8,177,7.7375,1.0,1.0,1.0,1.0,1.0,1.0,1.0,1.0,1.0,0.0,1.0,0.18,1.25,0.5,0.5,1.0001,1.0256,0.4626,0.05,
1858,8,178,7.7417,1.0,1.0,1.0,1.0,1.0,1.0,1.0,1.0,1.0,0.0,1.0,0.18,1.25,0.5,0.5,1.0,1.0385,0.4563,0.05,
1859,8,179,7.7458,1.0,1.0,1.0,1.0,1.0,1.0,1.0,1.0,1.0,0.0,1.0,0.18,1.25,0.5,0.5,1.0,1.0509,0.4499,0.05,
1860,8,180,7.75,1.0,1.0,1.0,1.0,1.0,1.0,1.0,1.0,1.0,0.0,1.0,0.18,1.25,0.5,0.5,1.0,1.063,0.4433,0.05,
1861,8,181,7.7542,1.0,1.0,1.0,1.0,1.0,1.0,1.0,1.0,1.0,0.0,1.0,0.18,1.25,0.5,0.5,1.0,1.0746,0.4365,0.05,
1862,8,182,7.7583,1.0,1.0,1.0,1.0,1.0,1.0,1.0,1.0,1.0,0.0,1.0,0.18,1.25,0.5,0.5,1.0,1.0859,0.4295,0.05,
1863,8,183,7.7625,1.0,1.0,1.0,1.0,1.0,1.0,1.0,1.0,1.0,0.0,1.0,0.18,1.25,0.5,0.5,1.0,1.0968,0.4224,0.05,
1864,8,184,7.7667,1.0,1.0,1.0,1.0,1.0,1.0,1.0,1.0,1.0,0.0,1.0,0.18,1.25,0.5,0.5,1.0,1.1073,0.4152,0.05,
1865,8,185,7.7708,1.0,1.0,1.0,1.0,1.0,1.0,1.0,1.0,1.0,0.0,1.0,0.18,1.25,0.5,0.5,1.0,1.1174,0.4078,0.05,
1866,8,186,7.775,1.0,1.0,1.0,1.0,1.0,1.0,1.0,1.0,1.0,0.0,1.0,0.18,1.25,0.5,0.5,1.0,1.1272,0.4002,0.05,
1867,8,187,7.7792,1.0,1.0,1.0,1.0,1.0,1.0,1.0,1.0,1.0,0.0,1.0,0.18,1.25,0.5,0.5,1.0,1.1366,0.3925,0.05,
1868,8,188,7.7833,1.0,1.0,1.0,1.0,1.0,1.0,1.0,1.0,1.0,0.0,1.0,0.18,1.25,0.5,0.5,1.0,1.1457,0.3847,0.05,
1869,8,189,7.7875,1.0,1.0,1.0,1.0,1.0,1.0,1.0,1.0,1.0,0.0,1.0,0.18,1.25,0.5,0.5,1.0,1.1544,0.3768,0.05,
1870,8,190,7.7917,1.0,1.0,1.0,1.0,1.0,1.0,1.0,1.0,1.0,0.0,1.0,0.18,1.25,0.5,0.5,1.0,1.1628,0.3688,0.05,
1871,8,191,7.7958,1.0,1.0,1.0,1.0,1.0,1.0,1.0,1.0,1.0,0.0,1.0,0.18,1.25,0.5,0.5,1.0,1.1709,0.3606,0.05,
1872,8,192,7.8,1.0,1.0,1.0,1.0,1.0,1.0,1.0,1.0,1.0,0.0,1.0,0.18,1.25,0.5,0.5,1.0,1.1786,0.3523,0.05,
1873,8,193,7.8042,1.0,1.0,1.0,1.0,1.0,1.0,1.0,1.0,1.0,0.0,1.0,0.18,1.25,0.5,0.5,1.0,1.1861,0.344,0.05,
1874,8,194,7.8083,1.0,1.0,1.0,1.0,1.0,1.0,1.0,1.0,1.0,0.0,1.0,0.18,1.25,0.5,0.5,1.0,1.1932,0.3356,0.05,
1875,8,195,7.8125,1.0,1.0,1.0,1.0,1.0,1.0,1.0,1.0,1.0,0.0,1.0,0.18,1.25,0.5,0.5,1.0,1.2,0.327,0.05,
1876,8,196,7.8167,1.0,1.0,1.0,1.0,1.0,1.0,1.0,1.0,1.0,0.0,1.0,0.18,1.25,0.5,0.5,1.0,1.2065,0.3184,0.05,
1877,8,197,7.8208,1.0,1.0,1.0,1.0,1.0,1.0,1.0,1.0,1.0,0.0,1.0,0.18,1.25,0.5,0.5,1.0,1.2127,0.3098,0.05,
1878,8,198,7.825,1.0,1.0,1.0,1.0,1.0,1.0,1.0,1.0,1.0,0.0,1.0,0.18,1.25,0.5,0.5,1.0,1.2187,0.301,0.05,
1879,8,199,7.8292,1.0,1.0,1.0,1.0,1.0,1.0,1.0,1.0,1.0,0.0,1.0,0.18,1.25,0.5,0.5,1.0,1.2244,0.2923,0.05,
1880,8,200,7.8333,1.0,1.0,1.0,1.0,1.0,1.0,1.0,1.0,1.0,0.0,1.0,0.18,1.25,0.5,0.5,1.0,1.2298,0.2834,0.05,
1881,8,201,7.8375,1.0,1.0,1.0,1.0,1.0,1.0,1.0,1.0,1.0,0.0,1.0,0.18,1.25,0.5,0.5,1.0,1.2349,0.2746,0.05,
1882,8,202,7.8417,1.0,1.0,1.0,1.0,1.0,1.0,1.0,1.0,1.0,0.0,1.0,0.18,1.25,0.5,0.5,1.0,1.2398,0.2657,0.05,
1883,8,203,7.8458,1.0,1.0,1.0,1.0,1.0,1.0,1.0,1.0,1.0,0.0,1.0,0.18,1.25,0.5,0.5,1.0,1.2444,0.2568,0.05,
1884,8,204,7.85,1.0,1.0,1.0,1.0,1.0,1.0,1.0,1.0,1.0,0.0,1.0,0.18,1.25,0.5,0.5,1.0,1.2488,0.2479,0.05,
1885,8,205,7.8542,1.0,1.0,1.0,1.0,1.0,1.0,1.0,1.0,1.0,0.0,1.0,0.18,1.25,0.5,0.5,1.0,1.2529,0.2389,0.05,
1886,8,206,7.8583,1.0,1.0,1.0,1.0,1.0,1.0,1.0,1.0,1.0,0.0,1.0,0.18,1.25,0.5,0.5,1.0,1.2569,0.23,0.05,
1887,8,207,7.8625,1.0,1.0,1.0,1.0,1.0,1.0,1.0,1.0,1.0,0.0,1.0,0.18,1.25,0.5,0.5,1.0,1.2606,0.2211,0.05,
1888,8,208,7.8667,1.0,1.0,1.0,1.0,1.0,1.0,1.0,1.0,1.0,0.0,1.0,0.18,1.25,0.5,0.5,1.0,1.264,0.2122,0.05,
1889,8,209,7.8708,1.0,1.0,1.0,1.0,1.0,1.0,1.0,1.0,1.0,0.0,1.0,0.18,1.25,0.5,0.5,1.0,1.2673,0.2033,0.05,
1890,8,210,7.875,1.0,1.0,1.0,1.0,1.0,1.0,1.0,1.0,1.0,0.0,1.0,0.18,1.25,0.5,0.5,1.0,1.2704,0.1945,0.05,
1891,8,211,7.8792,1.0,1.0,1.0,1.0,1.0,1.0,1.0,1.0,1.0,0.0,1.0,0.18,1.25,0.5,0.5,1.0,1.2732,0.1857,0.05,
1892,8,212,7.8833,1.0,1.0,1.0,1.0,1.0,1.0,1.0,1.0,1.0,0.0,1.0,0.18,1.25,0.5,0.5,1.0,1.2759,0.1769,0.05,
1893,8,213,7.8875,1.0,1.0,1.0,1.0,1.0,1.0,1.0,1.0,1.0,0.0,1.0,0.18,1.25,0.5,0.5,1.0,1.2784,0.1682,0.05,
1894,8,214,7.8917,1.0,1.0,1.0,1.0,1.0,1.0,1.0,1.0,1.0,0.0,1.0,0.18,1.25,0.5,0.5,1.0,1.2807,0.1596,0.05,
1895,8,215,7.8958,1.0,1.0,1.0,1.0,1.0,1.0,1.0,1.0,1.0,0.0,1.0,0.18,1.25,0.5,0.5,1.0,1.2829,0.1511,0.05,
1896,8,216,7.9,1.0,1.0,1.0,1.0,1.0,1.0,1.0,1.0,1.0,0.0,1.0,0.18,1.25,0.5,0.5,1.0,1.2848,0.1427,0.05,
1897,8,217,7.9042,1.0,1.0,1.0,1.0,1.0,1.0,1.0,1.0,1.0,0.0,1.0,0.18,1.25,0.5,0.5,1.0,1.2866,0.1343,0.05,
1898,8,218,7.9083,1.0,1.0,1.0,1.0,1.0,1.0,1.0,1.0,1.0,0.0,1.0,0.18,1.25,0.5,0.5,1.0,1.2883,0.1261,0.05,
1899,8,219,7.9125,1.0,1.0,1.0,1.0,1.0,1.0,1.0,1.0,1.0,0.0,1.0,0.18,1.25,0.5,0.5,1.0,1.2898,0.118,0.05,
1900,8,220,7.9167,1.0,1.0,1.0,1.0,1.0,1.0,1.0,1.0,1.0,0.0,1.0,0.18,1.25,0.5,0.5,1.0,1.2912,0.11,0.05,
1901,8,221,7.9208,1.0,1.0,1.0,1.0,1.0,1.0,1.0,1.0,1.0,0.0,1.0,0.18,1.25,0.5,0.5,1.0,1.2925,0.1022,0.05,
1902,8,222,7.925,1.0,1.0,1.0,1.0,1.0,1.0,1.0,1.0,1.0,0.0,1.0,0.18,1.25,0.5,0.5,1.0,1.2936,0.0945,0.05,
1903,8,223,7.9292,1.0,1.0,1.0,1.0,1.0,1.0,1.0,1.0,1.0,0.0,1.0,0.18,1.25,0.5,0.5,1.0,1.2946,0.0869,0.05,
1904,8,224,7.9333,1.0,1.0,1.0,1.0,1.0,1.0,1.0,1.0,1.0,0.0,1.0,0.18,1.25,0.5,0.5,1.0,1.2955,0.0796,0.05,
1905,8,225,7.9375,1.0,1.0,1.0,1.0,1.0,1.0,1.0,1.0,1.0,0.0,1.0,0.18,1.25,0.5,0.5,1.0,1.2963,0.0724,0.05,
1906,8,226,7.9417,1.0,1.0,1.0,1.0,1.0,1.0,1.0,1.0,1.0,0.0,1.0,0.18,1.25,0.5,0.5,1.0,1.297,0.0654,0.05,
1907,8,227,7.9458,1.0,1.0,1.0,1.0,1.0,1.0,1.0,1.0,1.0,0.0,1.0,0.18,1.25,0.5,0.5,1.0,1.2976,0.0587,0.05,
1908,8,228,7.95,1.0,1.0,1.0,1.0,1.0,1.0,1.0,1.0,1.0,0.0,1.0,0.18,1.25,0.5,0.5,1.0,1.2981,0.0521,0.05,
1909,8,229,7.9542,1.0,1.0,1.0,1.0,1.0,1.0,1.0,1.0,1.0,0.0,1.0,0.18,1.25,0.5,0.5,1.0,1.2985,0.0458,0.05,
1910,8,230,7.9583,1.0,1.0,1.0,1.0,1.0,1.0,1.0,1.0,1.0,0.0,1.0,0.18,1.25,0.5,0.5,1.0,1.2989,0.0398,0.05,
1911,8,231,7.9625,1.0,1.0,1.0,1.0,1.0,1.0,1.0,1.0,1.0,0.0,1.0,0.18,1.25,0.5,0.5,1.0,1.2992,0.034,0.05,
1912,8,232,7.9667,1.0,1.0,1.0,1.0,1.0,1.0,1.0,1.0,1.0,0.0,1.0,0.18,1.25,0.5,0.5,1.0,1.2994,0.0286,0.05,
1913,8,233,7.9708,1.0,1.0,1.0,1.0,1.0,1.0,1.0,1.0,1.0,0.0,1.0,0.18,1.25,0.5,0.5,1.0,1.2996,0.0234,0.05,
1914,8,234,7.975,1.0,1.0,1.0,1.0,1.0,1.0,1.0,1.0,1.0,0.0,1.0,0.18,1.25,0.5,0.5,1.0,1.2998,0.0186,0.05,
1915,8,235,7.9792,1.0,1.0,1.0,1.0,1.0,1.0,1.0,1.0,1.0,0.0,1.0,0.18,1.25,0.5,0.5,1.0,1.2999,0.0142,0.05,
1916,8,236,7.9833,1.0,1.0,1.0,1.0,1.0,1.0,1.0,1.0,1.0,0.0,1.0,0.18,1.25,0.5,0.5,1.0,1.2999,0.0101,0.05,
1917,8,237,7.9875,1.0,1.0,1.0,1.0,1.0,1.0,1.0,1.0,1.0,0.0,1.0,0.18,1.25,0.5,0.5,1.0,1.3,0.0066,0.05,
1918,8,238,7.9917,1.0,1.0,1.0,1.0,1.0,1.0,1.0,1.0,1.0,0.0,1.0,0.18,1.25,0.5,0.5,1.0,1.3,0.0036,0.05,
1919,8,239,7.9958,1.0,1.0,1.0,1.0,1.0,1.0,1.0,1.0,1.0,0.0,1.0,0.18,1.25,0.5,0.5,1.0,1.3,0.0013,0.05,
1920,9,0,8.0,1.0,1.0,1.0,1.0,1.0,1.0,1.0,1.0,1.0,0.0,1.0,0.18,1.25,0.5,0.5,1.0,1.3,0.0,0.05,
1921,9,1,8.0042,1.0,1.0,1.0,1.0,1.0,1.0,1.0,1.0,1.0,0.0,1.0,0.18,1.25,0.5,0.5,1.0,1.3,0.0,0.05,
1922,9,2,8.0083,1.0,1.0,1.0,1.0,1.0,1.0,1.0,1.0,1.0,0.0,1.0,0.18,1.25,0.5,0.5,1.0,1.3,0.0,0.05,
1923,9,3,8.0125,1.0,1.0,1.0,1.0,1.0,1.0,1.0,1.0,1.0,0.0,1.0,0.18,1.25,0.5,0.5,1.0,1.3,0.0,0.05,
1924,9,4,8.0167,1.0,1.0,1.0,1.0,1.0,1.0,1.0,1.0,1.0,0.0,1.0,0.18,1.25,0.5,0.5,1.0,1.3,0.0,0.05,
1925,9,5,8.0208,1.0,1.0,1.0,1.0,1.0,1.0,1.0,1.0,1.0,0.0,1.0,0.18,1.25,0.5,0.5,1.0,1.3,0.0,0.05,
1926,9,6,8.025,1.0,1.0,1.0,1.0,1.0,1.0,1.0,1.0,1.0,0.0,1.0,0.18,1.25,0.5,0.5,1.0,1.3,0.0,0.05,
1927,9,7,8.0292,1.0,1.0,1.0,1.0,1.0,1.0,1.0,1.0,1.0,0.0,1.0,0.18,1.25,0.5,0.5,1.0,1.3,0.0,0.05,
1928,9,8,8.0333,1.0,1.0,1.0,1.0,1.0,1.0,1.0,1.0,1.0,0.0,1.0,0.18,1.25,0.5,0.5,1.0,1.3,0.0,0.05,
1929,9,9,8.0375,1.0,1.0,1.0,1.0,1.0,1.0,1.0,1.0,1.0,0.0,1.0,0.18,1.25,0.5,0.5,1.0,1.3,0.0,0.05,
1930,9,10,8.0417,1.0,1.0,1.0,1.0,1.0,1.0,1.0,1.0,1.0,0.0,1.0,0.18,1.25,0.5,0.5,1.0,1.3,0.0,0.05,
1931,9,11,8.0458,1.0,1.0,1.0,1.0,1.0,1.0,1.0,1.0,1.0,0.0,1.0,0.18,1.25,0.5,0.5,1.0,1.3,0.0,0.05,
1932,9,12,8.05,1.0,1.0,1.0,1.0,1.0,1.0,1.0,1.0,1.0,0.0,1.0,0.18,1.25,0.5,0.5,1.0,1.3,0.0,0.05,
1933,9,13,8.0542,1.0,1.0,1.0,1.0,1.0,1.0,1.0,1.0,1.0,0.0,1.0,0.18,1.25,0.5,0.5,1.0,1.3,0.0,0.05,
1934,9,14,8.0583,1.0,1.0,1.0,1.0,1.0,1.0,1.0,1.0,1.0,0.0,1.0,0.18,1.25,0.5,0.5,1.0,1.3,0.0,0.05,
1935,9,15,8.0625,1.0,1.0,1.0,1.0,1.0,1.0,1.0,1.0,1.0,0.0,1.0,0.18,1.25,0.5,0.5,1.0,1.3,0.0,0.05,
1936,9,16,8.0667,1.0,1.0,1.0,1.0,1.0,1.0,1.0,1.0,1.0,0.0,1.0,0.18,1.25,0.5,0.5,1.0,1.3,0.0,0.05,
1937,9,17,8.0708,1.0,1.0,1.0,1.0,1.0,1.0,1.0,1.0,1.0,0.0,1.0,0.18,1.25,0.5,0.5,1.0,1.3,0.0,0.05,
1938,9,18,8.075,1.0,1.0,1.0,1.0,1.0,1.0,1.0,1.0,1.0,0.0,1.0,0.18,1.25,0.5,0.5,1.0,1.3,0.0,0.05,
1939,9,19,8.0792,1.0,1.0,1.0,1.0,1.0,1.0,1.0,1.0,1.0,0.0,1.0,0.18,1.25,0.5,0.5,1.0,1.3,0.0,0.05,
1940,9,20,8.0833,1.0,1.0,1.0,1.0,1.0,1.0,1.0,1.0,1.0,0.0,1.0,0.18,1.25,0.5,0.5,1.0,1.3,0.0,0.05,
1941,9,21,8.0875,1.0,1.0,1.0,1.0,1.0,1.0,1.0,1.0,1.0,0.0,1.0,0.18,1.25,0.5,0.5,1.0,1.3,0.0,0.05,
1942,9,22,8.0917,1.0,1.0,1.0,1.0,1.0,1.0,1.0,1.0,1.0,0.0,1.0,0.18,1.25,0.5,0.5,1.0,1.3,0.0,0.05,
1943,9,23,8.0958,1.0,1.0,1.0,1.0,1.0,1.0,1.0,1.0,1.0,0.0,1.0,0.18,1.25,0.5,0.5,1.0,1.3,0.0,0.05,
1944,9,24,8.1,1.0,1.0,1.0,1.0,1.0,1.0,1.0,1.0,1.0,0.0,1.0,0.18,1.25,0.5,0.5,1.0,1.3,0.0,0.05,
1945,9,25,8.1042,1.0,1.0,1.0,1.0,1.0,1.0,1.0,1.0,1.0,0.0,1.0,0.18,1.25,0.5,0.5,1.0,1.3,0.0,0.05,
1946,9,26,8.1083,1.0,1.0,1.0,1.0,1.0,1.0,1.0,1.0,1.0,0.0,1.0,0.18,1.25,0.5,0.5,1.0,1.3,0.0,0.05,
1947,9,27,8.1125,1.0,1.0,1.0,1.0,1.0,1.0,1.0,1.0,1.0,0.0,1.0,0.18,1.25,0.5,0.5,1.0,1.3,0.0,0.05,
1948,9,28,8.1167,1.0,1.0,1.0,1.0,1.0,1.0,1.0,1.0,1.0,0.0,1.0,0.18,1.25,0.5,0.5,1.0,1.3,0.0,0.05,
1949,9,29,8.1208,1.0,1.0,1.0,1.0,1.0,1.0,1.0,1.0,1.0,0.0,1.0,0.18,1.25,0.5,0.5,1.0,1.3,0.0,0.05,
1950,9,30,8.125,1.0,1.0,1.0,1.0,1.0,1.0,1.0,1.0,1.0,0.0,1.0,0.18,1.25,0.5,0.5,1.0,1.3,0.0,0.05,
1951,9,31,8.1292,1.0,1.0,1.0,1.0,1.0,1.0,1.0,1.0,1.0,0.0,1.0,0.18,1.25,0.5,0.5,1.0,1.3,0.0,0.05,
1952,9,32,8.1333,1.0,1.0,1.0,1.0,1.0,1.0,1.0,1.0,1.0,0.0,1.0,0.18,1.25,0.5,0.5,1.0,1.3,0.0,0.05,
1953,9,33,8.1375,1.0,1.0,1.0,1.0,1.0,1.0,1.0,1.0,1.0,0.0,1.0,0.18,1.25,0.5,0.5,1.0,1.3,0.0,0.05,
1954,9,34,8.1417,1.0,1.0,1.0,1.0,1.0,1.0,1.0,1.0,1.0,0.0,1.0,0.18,1.25,0.5,0.5,1.0,1.3,0.0,0.05,
1955,9,35,8.1458,1.0,1.0,1.0,1.0,1.0,1.0,1.0,1.0,1.0,0.0,1.0,0.18,1.25,0.5,0.5,1.0,1.3,0.0,0.05,
1956,9,36,8.15,1.0,1.0,1.0,1.0,1.0,1.0,1.0,1.0,1.0,0.0,1.0,0.18,1.25,0.5,0.5,1.0,1.3,0.0,0.05,
1957,9,37,8.1542,1.0,1.0,1.0,1.0,1.0,1.0,1.0,1.0,1.0,0.0,1.0,0.18,1.25,0.5,0.5,1.0,1.3,0.0,0.05,
1958,9,38,8.1583,1.0,1.0,1.0,1.0,1.0,1.0,1.0,1.0,1.0,0.0,1.0,0.18,1.25,0.5,0.5,1.0,1.3,0.0,0.05,
1959,9,39,8.1625,1.0,1.0,1.0,1.0,1.0,1.0,1.0,1.0,1.0,0.0,1.0,0.18,1.25,0.5,0.5,1.0,1.3,0.0,0.05,
1960,9,40,8.1667,1.0,1.0,1.0,1.0,1.0,1.0,1.0,1.0,1.0,0.0,1.0,0.18,1.25,0.5,0.5,1.0,1.3,0.0,0.05,
1961,9,41,8.1708,1.0,1.0,1.0,1.0,1.0,1.0,1.0,1.0,1.0,0.0,1.0,0.18,1.25,0.5,0.5,1.0,1.3,0.0,0.05,
1962,9,42,8.175,1.0,1.0,1.0,1.0,1.0,1.0,1.0,1.0,1.0,0.0,1.0,0.18,1.25,0.5,0.5,1.0,1.3,0.0,0.05,
1963,9,43,8.1792,1.0,1.0,1.0,1.0,1.0,1.0,1.0,1.0,1.0,0.0,1.0,0.18,1.25,0.5,0.5,1.0,1.3,0.0,0.05,
1964,9,44,8.1833,1.0,1.0,1.0,1.0,1.0,1.0,1.0,1.0,1.0,0.0,1.0,0.18,1.25,0.5,0.5,1.0,1.3,0.0,0.05,
1965,9,45,8.1875,1.0,1.0,1.0,1.0,1.0,1.0,1.0,1.0,1.0,0.0,1.0,0.18,1.25,0.5,0.5,1.0,1.3,0.0,0.05,
1966,9,46,8.1917,1.0,1.0,1.0,1.0,1.0,1.0,1.0,1.0,1.0,0.0,1.0,0.18,1.25,0.5,0.5,1.0,1.3,0.0,0.05,
1967,9,47,8.1958,1.0,1.0,1.0,1.0,1.0,1.0,1.0,1.0,1.0,0.0,1.0,0.18,1.25,0.5,0.5,1.0,1.3,0.0,0.05,
1968,9,48,8.2,1.0,1.0,1.0,1.0,1.0,1.0,1.0,1.0,1.0,0.0,1.0,0.18,1.25,0.5,0.5,1.0,1.3,0.0,0.05,
1969,9,49,8.2042,1.0,1.0,1.0,1.0,1.0,1.0,1.0,1.0,1.0,0.0,1.0,0.18,1.25,0.5,0.5,1.0,1.3,0.0,0.05,
1970,9,50,8.2083,1.0,1.0,1.0,1.0,1.0,1.0,1.0,1.0,1.0,0.0,1.0,0.18,1.25,0.5,0.5,1.0,1.3,0.0,0.05,
1971,9,51,8.2125,1.0,1.0,1.0,1.0,1.0,1.0,1.0,1.0,1.0,0.0,1.0,0.18,1.25,0.5,0.5,1.0,1.3,0.0,0.05,
1972,9,52,8.2167,1.0,1.0,1.0,1.0,1.0,1.0,1.0,1.0,1.0,0.0,1.0,0.18,1.25,0.5,0.5,1.0,1.3,0.0,0.05,
1973,9,53,8.2208,1.0,1.0,1.0,1.0,1.0,1.0,1.0,1.0,1.0,0.0,1.0,0.18,1.25,0.5,0.5,1.0,1.3,0.0,0.05,
1974,9,54,8.225,1.0,1.0,1.0,1.0,1.0,1.0,1.0,1.0,1.0,0.0,1.0,0.18,1.25,0.5,0.5,1.0,1.3,0.0,0.05,
1975,9,55,8.2292,1.0,1.0,1.0,1.0,1.0,1.0,1.0,1.0,1.0,0.0,1.0,0.18,1.25,0.5,0.5,1.0,1.3,0.0,0.05,
1976,9,56,8.2333,1.0,1.0,1.0,1.0,1.0,1.0,1.0,1.0,1.0,0.0,1.0,0.18,1.25,0.5,0.5,1.0,1.3,0.0,0.05,
1977,9,57,8.2375,1.0,1.0,1.0,1.0,1.0,1.0,1.0,1.0,1.0,0.0,1.0,0.18,1.25,0.5,0.5,1.0,1.3,0.0,0.05,
1978,9,58,8.2417,1.0,1.0,1.0,1.0,1.0,1.0,1.0,1.0,1.0,0.0,1.0,0.18,1.25,0.5,0.5,1.0,1.3,0.0,0.05,
1979,9,59,8.2458,1.0,1.0,1.0,1.0,1.0,1.0,1.0,1.0,1.0,0.0,1.0,0.18,1.25,0.5,0.5,1.0,1.3,0.0,0.05,
1980,9,60,8.25,1.0,1.0,1.0,1.0,1.0,1.0,1.0,1.0,1.0,0.0,1.0,0.18,1.25,0.5,0.5,1.0,1.3,0.0,0.05,
1981,9,61,8.2542,1.0,1.0,1.0,1.0,1.0,1.0,1.0,1.0,1.0,0.0,1.0,0.18,1.25,0.5,0.5,1.0,1.3,0.0,0.05,
1982,9,62,8.2583,1.0,1.0,1.0,1.0,1.0,1.0,1.0,1.0,1.0,0.0,1.0,0.18,1.25,0.5,0.5,1.0,1.3,0.0,0.05,
1983,9,63,8.2625,1.0,1.0,1.0,1.0,1.0,1.0,1.0,1.0,1.0,0.0,1.0,0.18,1.25,0.5,0.5,1.0,1.3,0.0,0.05,
1984,9,64,8.2667,1.0,1.0,1.0,1.0,1.0,1.0,1.0,1.0,1.0,0.0,1.0,0.18,1.25,0.5,0.5,1.0,1.3,0.0,0.05,
1985,9,65,8.2708,1.0,1.0,1.0,1.0,1.0,1.0,1.0,1.0,1.0,0.0,1.0,0.18,1.25,0.5,0.5,1.0,1.3,0.0,0.05,
1986,9,66,8.275,1.0,1.0,1.0,1.0,1.0,1.0,1.0,1.0,1.0,0.0,1.0,0.18,1.25,0.5,0.5,1.0,1.3,0.0,0.05,
1987,9,67,8.2792,1.0,1.0,1.0,1.0,1.0,1.0,1.0,1.0,1.0,0.0,1.0,0.18,1.25,0.5,0.5,1.0,1.3,0.0,0.05,
1988,9,68,8.2833,1.0,1.0,1.0,1.0,1.0,1.0,1.0,1.0,1.0,0.0,1.0,0.18,1.25,0.5,0.5,1.0,1.3,0.0,0.05,
1989,9,69,8.2875,1.0,1.0,1.0,1.0,1.0,1.0,1.0,1.0,1.0,0.0,1.0,0.18,1.25,0.5,0.5,1.0,1.3,0.0,0.05,
1990,9,70,8.2917,1.0,1.0,1.0,1.0,1.0,1.0,1.0,1.0,1.0,0.0,1.0,0.18,1.25,0.5,0.5,1.0,1.3,0.0,0.05,
1991,9,71,8.2958,1.0,1.0,1.0,1.0,1.0,1.0,1.0,1.0,1.0,0.0,1.0,0.18,1.25,0.5,0.5,1.0,1.3,0.0,0.05,
1992,9,72,8.3,1.0,1.0,1.0,1.0,1.0,1.0,1.0,1.0,1.0,0.0,1.0,0.18,1.25,0.5,0.5,1.0,1.3,0.0,0.05,
1993,9,73,8.3042,1.0,1.0,1.0,1.0,1.0,1.0,1.0,1.0,1.0,0.0,1.0,0.18,1.25,0.5,0.5,1.0,1.3,0.0,0.05,
1994,9,74,8.3083,1.0,1.0,1.0,1.0,1.0,1.0,1.0,1.0,1.0,0.0,1.0,0.18,1.25,0.5,0.5,1.0,1.3,0.0,0.05,
1995,9,75,8.3125,1.0,1.0,1.0,1.0,1.0,1.0,1.0,1.0,1.0,0.0,1.0,0.18,1.25,0.5,0.5,1.0,1.3,0.0,0.05,
1996,9,76,8.3167,1.0,1.0,1.0,1.0,1.0,1.0,1.0,1.0,1.0,0.0,1.0,0.18,1.25,0.5,0.5,1.0,1.3,0.0,0.05,
1997,9,77,8.3208,1.0,1.0,1.0,1.0,1.0,1.0,1.0,1.0,1.0,0.0,1.0,0.18,1.25,0.5,0.5,1.0,1.3,0.0,0.05,
1998,9,78,8.325,1.0,1.0,1.0,1.0,1.0,1.0,1.0,1.0,1.0,0.0,1.0,0.18,1.25,0.5,0.5,1.0,1.3,0.0,0.05,
1999,9,79,8.3292,1.0,1.0,1.0,1.0,1.0,1.0,1.0,1.0,1.0,0.0,1.0,0.18,1.25,0.5,0.5,1.0,1.3,0.0,0.05,
2000,9,80,8.3333,1.0,1.0,1.0,1.0,1.0,1.0,1.0,1.0,1.0,0.0,1.0,0.18,1.25,0.5,0.5,1.0,1.3,0.0,0.05,
2001,9,81,8.3375,1.0,1.0,1.0,1.0,1.0,1.0,1.0,1.0,1.0,0.0,1.0,0.18,1.25,0.5,0.5,1.0,1.3,0.0,0.05,
2002,9,82,8.3417,1.0,1.0,1.0,1.0,1.0,1.0,1.0,1.0,1.0,0.0,1.0,0.18,1.25,0.5,0.5,1.0,1.3,0.0,0.05,
2003,9,83,8.3458,1.0,1.0,1.0,1.0,1.0,1.0,1.0,1.0,1.0,0.0,1.0,0.18,1.25,0.5,0.5,1.0,1.3,0.0,0.05,
2004,9,84,8.35,1.0,1.0,1.0,1.0,1.0,1.0,1.0,1.0,1.0,0.0,1.0,0.18,1.25,0.5,0.5,1.0,1.3,0.0,0.05,
2005,9,85,8.3542,1.0,1.0,1.0,1.0,1.0,1.0,1.0,1.0,1.0,0.0,1.0,0.18,1.25,0.5,0.5,1.0,1.3,0.0,0.05,
2006,9,86,8.3583,1.0,1.0,1.0,1.0,1.0,1.0,1.0,1.0,1.0,0.0,1.0,0.18,1.25,0.5,0.5,1.0,1.3,0.0,0.05,
2007,9,87,8.3625,1.0,1.0,1.0,1.0,1.0,1.0,1.0,1.0,1.0,0.0,1.0,0.18,1.25,0.5,0.5,1.0,1.3,0.0,0.05,
2008,9,88,8.3667,1.0,1.0,1.0,1.0,1.0,1.0,1.0,1.0,1.0,0.0,1.0,0.18,1.25,0.5,0.5,1.0,1.3,0.0,0.05,
2009,9,89,8.3708,1.0,1.0,1.0,1.0,1.0,1.0,1.0,1.0,1.0,0.0,1.0,0.18,1.25,0.5,0.5,1.0,1.3,0.0,0.05,
2010,9,90,8.375,1.0,1.0,1.0,1.0,1.0,1.0,1.0,1.0,1.0,0.0,1.0,0.18,1.25,0.5,0.5,1.0,1.3,0.0,0.05,
2011,9,91,8.3792,1.0,1.0,1.0,1.0,1.0,1.0,1.0,1.0,1.0,0.0,1.0,0.18,1.25,0.5,0.5,1.0,1.3,0.0,0.05,
2012,9,92,8.3833,1.0,1.0,1.0,1.0,1.0,1.0,1.0,1.0,1.0,0.0,1.0,0.18,1.25,0.5,0.5,1.0,1.3,0.0,0.05,
2013,9,93,8.3875,1.0,1.0,1.0,1.0,1.0,1.0,1.0,1.0,1.0,0.0,1.0,0.18,1.25,0.5,0.5,1.0,1.3,0.0,0.05,
2014,9,94,8.3917,1.0,1.0,1.0,1.0,1.0,1.0,1.0,1.0,1.0,0.0,1.0,0.18,1.25,0.5,0.5,1.0,1.3,0.0,0.05,
2015,9,95,8.3958,1.0,1.0,1.0,1.0,1.0,1.0,1.0,1.0,1.0,0.0,1.0,0.18,1.25,0.5,0.5,1.0,1.3,0.0,0.05,
2016,9,96,8.4,1.0,1.0,1.0,1.0,1.0,1.0,1.0,1.0,1.0,0.0,1.0,0.18,1.25,0.5,0.5,1.0,1.3,0.0,0.05,
2017,9,97,8.4042,1.0,1.0,1.0,1.0,1.0,1.0,1.0,1.0,1.0,0.0,1.0,0.18,1.25,0.5,0.5,1.0,1.3,0.0,0.05,
2018,9,98,8.4083,1.0,1.0,1.0,1.0,1.0,1.0,1.0,1.0,1.0,0.0,1.0,0.18,1.25,0.5,0.5,1.0,1.3,0.0,0.05,
2019,9,99,8.4125,1.0,1.0,1.0,1.0,1.0,1.0,1.0,1.0,1.0,0.0,1.0,0.18,1.25,0.5,0.5,1.0,1.3,0.0,0.05,
2020,9,100,8.4167,1.0,1.0,1.0,1.0,1.0,1.0,1.0,1.0,1.0,0.0,1.0,0.18,1.25,0.5,0.5,1.0,1.3,0.0,0.05,
2021,9,101,8.4208,1.0,1.0,1.0,1.0,1.0,1.0,1.0,1.0,1.0,0.0,1.0,0.18,1.25,0.5,0.5,1.0,1.3,0.0,0.05,
2022,9,102,8.425,1.0,1.0,1.0,1.0,1.0,1.0,1.0,1.0,1.0,0.0,1.0,0.18,1.25,0.5,0.5,1.0,1.3,0.0,0.05,
2023,9,103,8.4292,1.0,1.0,1.0,1.0,1.0,1.0,1.0,1.0,1.0,0.0,1.0,0.18,1.25,0.5,0.5,1.0,1.3,0.0,0.05,
2024,9,104,8.4333,1.0,1.0,1.0,1.0,1.0,1.0,1.0,1.0,1.0,0.0,1.0,0.18,1.25,0.5,0.5,1.0,1.3,0.0,0.05,
2025,9,105,8.4375,1.0,1.0,1.0,1.0,1.0,1.0,1.0,1.0,1.0,0.0,1.0,0.18,1.25,0.5,0.5,1.0,1.3,0.0,0.05,
2026,9,106,8.4417,1.0,1.0,1.0,1.0,1.0,1.0,1.0,1.0,1.0,0.0,1.0,0.18,1.25,0.5,0.5,1.0,1.3,0.0,0.05,
2027,9,107,8.4458,1.0,1.0,1.0,1.0,1.0,1.0,1.0,1.0,1.0,0.0,1.0,0.18,1.25,0.5,0.5,1.0,1.3,0.0,0.05,
2028,9,108,8.45,1.0,1.0,1.0,1.0,1.0,1.0,1.0,1.0,1.0,0.0,1.0,0.18,1.25,0.5,0.5,1.0,1.3,0.0,0.05,
2029,9,109,8.4542,1.0,1.0,1.0,1.0,1.0,1.0,1.0,1.0,1.0,0.0,1.0,0.18,1.25,0.5,0.5,1.0,1.3,0.0,0.05,
2030,9,110,8.4583,1.0,1.0,1.0,1.0,1.0,1.0,1.0,1.0,1.0,0.0,1.0,0.18,1.25,0.5,0.5,1.0,1.3,0.0,0.05,
2031,9,111,8.4625,1.0,1.0,1.0,1.0,1.0,1.0,1.0,1.0,1.0,0.0,1.0,0.18,1.25,0.5,0.5,1.0,1.3,0.0,0.05,
2032,9,112,8.4667,1.0,1.0,1.0,1.0,1.0,1.0,1.0,1.0,1.0,0.0,1.0,0.18,1.25,0.5,0.5,1.0,1.3,0.0,0.05,
2033,9,113,8.4708,1.0,1.0,1.0,1.0,1.0,1.0,1.0,1.0,1.0,0.0,1.0,0.18,1.25,0.5,0.5,1.0,1.3,0.0,0.05,
2034,9,114,8.475,1.0,1.0,1.0,1.0,1.0,1.0,1.0,1.0,1.0,0.0,1.0,0.18,1.25,0.5,0.5,1.0,1.3,0.0,0.05,
2035,9,115,8.4792,1.0,1.0,1.0,1.0,1.0,1.0,1.0,1.0,1.0,0.0,1.0,0.18,1.25,0.5,0.5,1.0,1.3,0.0,0.05,
2036,9,116,8.4833,1.0,1.0,1.0,1.0,1.0,1.0,1.0,1.0,1.0,0.0,1.0,0.18,1.25,0.5,0.5,1.0,1.3,0.0,0.05,
2037,9,117,8.4875,1.0,1.0,1.0,1.0,1.0,1.0,1.0,1.0,1.0,0.0,1.0,0.18,1.25,0.5,0.5,1.0,1.3,0.0,0.05,
2038,9,118,8.4917,1.0,1.0,1.0,1.0,1.0,1.0,1.0,1.0,1.0,0.0,1.0,0.18,1.25,0.5,0.5,1.0,1.3,0.0,0.05,
2039,9,119,8.4958,1.0,1.0,1.0,1.0,1.0,1.0,1.0,1.0,1.0,0.0,1.0,0.18,1.25,0.5,0.5,1.0,1.3,0.0,0.05,
2040,9,120,8.5,1.0,1.0,1.0,1.0,1.0,1.0,1.0,1.0,1.0,0.0,1.0,0.18,1.25,0.5,0.5,1.0,1.3,0.0,0.05,
2041,9,121,8.5042,1.0,1.0,1.0,1.0,1.0,1.0,1.0,1.0,1.0,0.0,1.0,0.18,1.25,0.5,0.5,1.0,1.3,0.0,0.05,
2042,9,122,8.5083,1.0,1.0,1.0,1.0,1.0,1.0,1.0,1.0,1.0,0.0,1.0,0.18,1.25,0.5,0.5,1.0,1.3,0.0,0.05,
2043,9,123,8.5125,1.0,1.0,1.0,1.0,1.0,1.0,1.0,1.0,1.0,0.0,1.0,0.18,1.25,0.5,0.5,1.0,1.3,0.0,0.05,
2044,9,124,8.5167,1.0,1.0,1.0,1.0,1.0,1.0,1.0,1.0,1.0,0.0,1.0,0.18,1.25,0.5,0.5,1.0,1.3,0.0,0.05,
2045,9,125,8.5208,1.0,1.0,1.0,1.0,1.0,1.0,1.0,1.0,1.0,0.0,1.0,0.18,1.25,0.5,0.5,1.0,1.3,0.0,0.05,
2046,9,126,8.525,1.0,1.0,1.0,1.0,1.0,1.0,1.0,1.0,1.0,0.0,1.0,0.18,1.25,0.5,0.5,1.0,1.3,0.0,0.05,
2047,9,127,8.5292,1.0,1.0,1.0,1.0,1.0,1.0,1.0,1.0,1.0,0.0,1.0,0.18,1.25,0.5,0.5,1.0,1.3,0.0,0.05,
2048,9,128,8.5333,1.0,1.0,1.0,1.0,1.0,1.0,1.0,1.0,1.0,0.0,1.0,0.18,1.25,0.5,0.5,1.0,1.3,0.0,0.05,
2049,9,129,8.5375,1.0,1.0,1.0,1.0,1.0,1.0,1.0,1.0,1.0,0.0,1.0,0.18,1.25,0.5,0.5,1.0,1.3,0.0,0.05,
2050,9,130,8.5417,1.0,1.0,1.0,1.0,1.0,1.0,1.0,1.0,1.0,0.0,1.0,0.18,1.25,0.5,0.5,1.0,1.3,0.0,0.05,
2051,9,131,8.5458,1.0,1.0,1.0,1.0,1.0,1.0,1.0,1.0,1.0,0.0,1.0,0.18,1.25,0.5,0.5,1.0,1.3,0.0,0.05,
2052,9,132,8.55,1.0,1.0,1.0,1.0,1.0,1.0,1.0,1.0,1.0,0.0,1.0,0.18,1.25,0.5,0.5,1.0,1.3,0.0,0.05,
2053,9,133,8.5542,1.0,1.0,1.0,1.0,1.0,1.0,1.0,1.0,1.0,0.0,1.0,0.18,1.25,0.5,0.5,1.0,1.3,0.0,0.05,
2054,9,134,8.5583,1.0,1.0,1.0,1.0,1.0,1.0,1.0,1.0,1.0,0.0,1.0,0.18,1.25,0.5,0.5,1.0,1.3,0.0,0.05,
2055,9,135,8.5625,1.0,1.0,1.0,1.0,1.0,1.0,1.0,1.0,1.0,0.0,1.0,0.18,1.25,0.5,0.5,1.0,1.3,0.0,0.05,
2056,9,136,8.5667,1.0,1.0,1.0,1.0,1.0,1.0,1.0,1.0,1.0,0.0,1.0,0.18,1.25,0.5,0.5,1.0,1.3,0.0,0.05,
2057,9,137,8.5708,1.0,1.0,1.0,1.0,1.0,1.0,1.0,1.0,1.0,0.0,1.0,0.18,1.25,0.5,0.5,1.0,1.3,0.0,0.05,
2058,9,138,8.575,1.0,1.0,1.0,1.0,1.0,1.0,1.0,1.0,1.0,0.0,1.0,0.18,1.25,0.5,0.5,1.0,1.3,0.0,0.05,
2059,9,139,8.5792,1.0,1.0,1.0,1.0,1.0,1.0,1.0,1.0,1.0,0.0,1.0,0.18,1.25,0.5,0.5,1.0,1.3,0.0,0.05,
2060,9,140,8.5833,1.0,1.0,1.0,1.0,1.0,1.0,1.0,1.0,1.0,0.0,1.0,0.18,1.25,0.5,0.5,1.0,1.3,0.0,0.05,
2061,9,141,8.5875,1.0,1.0,1.0,1.0,1.0,1.0,1.0,1.0,1.0,0.0,1.0,0.18,1.25,0.5,0.5,1.0,1.3,0.0,0.05,
2062,9,142,8.5917,1.0,1.0,1.0,1.0,1.0,1.0,1.0,1.0,1.0,0.0,1.0,0.18,1.25,0.5,0.5,1.0,1.3,0.0,0.05,
2063,9,143,8.5958,1.0,1.0,1.0,1.0,1.0,1.0,1.0,1.0,1.0,0.0,1.0,0.18,1.25,0.5,0.5,1.0,1.3,0.0,0.05,
2064,9,144,8.6,1.0,1.0,1.0,1.0,1.0,1.0,1.0,1.0,1.0,0.0,1.0,0.18,1.25,0.5,0.5,1.0,1.3,0.0,0.05,
2065,9,145,8.6042,1.0,1.0,1.0,1.0,1.0,1.0,1.0,1.0,1.0,0.0,1.0,0.18,1.25,0.5,0.5,1.0,1.3,0.0,0.05,
2066,9,146,8.6083,1.0,1.0,1.0,1.0,1.0,1.0,1.0,1.0,1.0,0.0,1.0,0.18,1.25,0.5,0.5,1.0,1.3,0.0,0.05,
2067,9,147,8.6125,1.0,1.0,1.0,1.0,1.0,1.0,1.0,1.0,1.0,0.0,1.0,0.18,1.25,0.5,0.5,1.0,1.3,0.0,0.05,
2068,9,148,8.6167,1.0,1.0,1.0,1.0,1.0,1.0,1.0,1.0,1.0,0.0,1.0,0.18,1.25,0.5,0.5,1.0,1.3,0.0,0.05,
2069,9,149,8.6208,1.0,1.0,1.0,1.0,1.0,1.0,1.0,1.0,1.0,0.0,1.0,0.18,1.25,0.5,0.5,1.0,1.3,0.0,0.05,
2070,9,150,8.625,1.0,1.0,1.0,1.0,1.0,1.0,1.0,1.0,1.0,0.0,1.0,0.18,1.25,0.5,0.5,1.0,1.3,0.0,0.05,
2071,9,151,8.6292,1.0,1.0,1.0,1.0,1.0,1.0,1.0,1.0,1.0,0.0,1.0,0.18,1.25,0.5,0.5,1.0,1.3,0.0,0.05,
2072,9,152,8.6333,1.0,1.0,1.0,1.0,1.0,1.0,1.0,1.0,1.0,0.0,1.0,0.18,1.25,0.5,0.5,1.0,1.3,0.0,0.05,
2073,9,153,8.6375,1.0,1.0,1.0,1.0,1.0,1.0,1.0,1.0,1.0,0.0,1.0,0.18,1.25,0.5,0.5,1.0,1.3,0.0,0.05,
2074,9,154,8.6417,1.0,1.0,1.0,1.0,1.0,1.0,1.0,1.0,1.0,0.0,1.0,0.18,1.25,0.5,0.5,1.0,1.3,0.0,0.05,
2075,9,155,8.6458,1.0,1.0,1.0,1.0,1.0,1.0,1.0,1.0,1.0,0.0,1.0,0.18,1.25,0.5,0.5,1.0,1.3,0.0,0.05,
2076,9,156,8.65,1.0,1.0,1.0,1.0,1.0,1.0,1.0,1.0,1.0,0.0,1.0,0.18,1.25,0.5,0.5,1.0,1.3,0.0,0.05,
2077,9,157,8.6542,1.0,1.0,1.0,1.0,1.0,1.0,1.0,1.0,1.0,0.0,1.0,0.18,1.25,0.5,0.5,1.0,1.3,0.0,0.05,
2078,9,158,8.6583,1.0,1.0,1.0,1.0,1.0,1.0,1.0,1.0,1.0,0.0,1.0,0.18,1.25,0.5,0.5,1.0,1.3,0.0,0.05,
2079,9,159,8.6625,1.0,1.0,1.0,1.0,1.0,1.0,1.0,1.0,1.0,0.0,1.0,0.18,1.25,0.5,0.5,1.0,1.3,0.0,0.05,
2080,9,160,8.6667,1.0,1.0,1.0,1.0,1.0,1.0,1.0,1.0,1.0,0.0,1.0,0.18,1.25,0.5,0.5,1.0,1.3,0.0,0.05,
2081,9,161,8.6708,1.0,1.0,1.0,1.0,1.0,1.0,1.0,1.0,1.0,0.0,1.0,0.18,1.25,0.5,0.5,1.0,1.3,0.0,0.05,
2082,9,162,8.675,1.0,1.0,1.0,1.0,1.0,1.0,1.0,1.0,1.0,0.0,1.0,0.18,1.25,0.5,0.5,1.0,1.3,0.0,0.05,
2083,9,163,8.6792,1.0,1.0,1.0,1.0,1.0,1.0,1.0,1.0,1.0,0.0,1.0,0.18,1.25,0.5,0.5,1.0,1.3,0.0,0.05,
2084,9,164,8.6833,1.0,1.0,1.0,1.0,1.0,1.0,1.0,1.0,1.0,0.0,1.0,0.18,1.25,0.5,0.5,1.0,1.3,0.0,0.05,
2085,9,165,8.6875,1.0,1.0,1.0,1.0,1.0,1.0,1.0,1.0,1.0,0.0,1.0,0.18,1.25,0.5,0.5,1.0,1.3,0.0,0.05,
2086,9,166,8.6917,1.0,1.0,1.0,1.0,1.0,1.0,1.0,1.0,1.0,0.0,1.0,0.18,1.25,0.5,0.5,1.0,1.3,0.0,0.05,
2087,9,167,8.6958,1.0,1.0,1.0,1.0,1.0,1.0,1.0,1.0,1.0,0.0,1.0,0.18,1.25,0.5,0.5,1.0,1.3,0.0,0.05,
2088,9,168,8.7,1.0,1.0,1.0,1.0,1.0,1.0,1.0,1.0,1.0,0.0,1.0,0.18,1.25,0.5,0.5,1.0,1.3,0.0,0.05,
2089,9,169,8.7042,1.0,1.0,1.0,1.0,1.0,1.0,1.0,1.0,1.0,0.0,1.0,0.18,1.25,0.5,0.5,1.0,1.3,0.0,0.05,
2090,9,170,8.7083,1.0,1.0,1.0,1.0,1.0,1.0,1.0,1.0,1.0,0.0,1.0,0.18,1.25,0.5,0.5,1.0,1.3,0.0,0.05,
2091,9,171,8.7125,1.0,1.0,1.0,1.0,1.0,1.0,1.0,1.0,1.0,0.0,1.0,0.18,1.25,0.5,0.5,1.0,1.3,0.0,0.05,
2092,9,172,8.7167,1.0,1.0,1.0,1.0,1.0,1.0,1.0,1.0,1.0,0.0,1.0,0.18,1.25,0.5,0.5,1.0,1.3,0.0,0.05,
2093,9,173,8.7208,1.0,1.0,1.0,1.0,1.0,1.0,1.0,1.0,1.0,0.0,1.0,0.18,1.25,0.5,0.5,1.0,1.3,0.0,0.05,
2094,9,174,8.725,1.0,1.0,1.0,1.0,1.0,1.0,1.0,1.0,1.0,0.0,1.0,0.18,1.25,0.5,0.5,1.0,1.3,0.0,0.05,
2095,9,175,8.7292,1.0,1.0,1.0,1.0,1.0,1.0,1.0,1.0,1.0,0.0,1.0,0.18,1.25,0.5,0.5,1.0,1.3,0.0,0.05,
2096,9,176,8.7333,1.0,1.0,1.0,1.0,1.0,1.0,1.0,1.0,1.0,0.0,1.0,0.18,1.25,0.5,0.5,1.0,1.3,0.0,0.05,
2097,9,177,8.7375,1.0,1.0,1.0,1.0,1.0,1.0,1.0,1.0,1.0,0.0,1.0,0.18,1.25,0.5,0.5,1.0,1.3,0.0,0.05,
2098,9,178,8.7417,1.0,1.0,1.0,1.0,1.0,1.0,1.0,1.0,1.0,0.0,1.0,0.18,1.25,0.5,0.5,1.0,1.3,0.0,0.05,
2099,9,179,8.7458,1.0,1.0,1.0,1.0,1.0,1.0,1.0,1.0,1.0,0.0,1.0,0.18,1.25,0.5,0.5,1.0,1.3,0.0,0.05,
2100,9,180,8.75,1.0,1.0,1.0,1.0,1.0,1.0,1.0,1.0,1.0,0.0,1.0,0.18,1.25,0.5,0.5,1.0,1.3,0.0,0.05,
2101,9,181,8.7542,1.0,1.0,1.0,1.0,1.0,1.0,1.0,1.0,1.0,0.0,1.0,0.18,1.25,0.5,0.5,1.0,1.3,0.0,0.05,
2102,9,182,8.7583,1.0,1.0,1.0,1.0,1.0,1.0,1.0,1.0,1.0,0.0,1.0,0.18,1.25,0.5,0.5,1.0,1.3,0.0,0.05,
2103,9,183,8.7625,1.0,1.0,1.0,1.0,1.0,1.0,1.0,1.0,1.0,0.0,1.0,0.18,1.25,0.5,0.5,1.0,1.3,0.0,0.05,
2104,9,184,8.7667,1.0,1.0,1.0,1.0,1.0,1.0,1.0,1.0,1.0,0.0,1.0,0.18,1.25,0.5,0.5,1.0,1.3,0.0,0.05,
2105,9,185,8.7708,1.0,1.0,1.0,1.0,1.0,1.0,1.0,1.0,1.0,0.0,1.0,0.18,1.25,0.5,0.5,1.0,1.3,0.0,0.05,
2106,9,186,8.775,1.0,1.0,1.0,1.0,1.0,1.0,1.0,1.0,1.0,0.0,1.0,0.18,1.25,0.5,0.5,1.0,1.3,0.0,0.05,
2107,9,187,8.7792,1.0,1.0,1.0,1.0,1.0,1.0,1.0,1.0,1.0,0.0,1.0,0.18,1.25,0.5,0.5,1.0,1.3,0.0,0.05,
2108,9,188,8.7833,1.0,1.0,1.0,1.0,1.0,1.0,1.0,1.0,1.0,0.0,1.0,0.18,1.25,0.5,0.5,1.0,1.3,0.0,0.05,
2109,9,189,8.7875,1.0,1.0,1.0,1.0,1.0,1.0,1.0,1.0,1.0,0.0,1.0,0.18,1.25,0.5,0.5,1.0,1.3,0.0,0.05,
2110,9,190,8.7917,1.0,1.0,1.0,1.0,1.0,1.0,1.0,1.0,1.0,0.0,1.0,0.18,1.25,0.5,0.5,1.0,1.3,0.0,0.05,
2111,9,191,8.7958,1.0,1.0,1.0,1.0,1.0,1.0,1.0,1.0,1.0,0.0,1.0,0.18,1.25,0.5,0.5,1.0,1.3,0.0,0.05,
2112,9,192,8.8,1.0,1.0,1.0,1.0,1.0,1.0,1.0,1.0,1.0,0.0,1.0,0.18,1.25,0.5,0.5,1.0,1.3,0.0,0.05,
2113,9,193,8.8042,1.0,1.0,1.0,1.0,1.0,1.0,1.0,1.0,1.0,0.0,1.0,0.18,1.25,0.5,0.5,1.0,1.3,0.0,0.05,
2114,9,194,8.8083,1.0,1.0,1.0,1.0,1.0,1.0,1.0,1.0,1.0,0.0,1.0,0.18,1.25,0.5,0.5,1.0,1.3,0.0,0.05,
2115,9,195,8.8125,1.0,1.0,1.0,1.0,1.0,1.0,1.0,1.0,1.0,0.0,1.0,0.18,1.25,0.5,0.5,1.0,1.3,0.0,0.05,
2116,9,196,8.8167,1.0,1.0,1.0,1.0,1.0,1.0,1.0,1.0,1.0,0.0,1.0,0.18,1.25,0.5,0.5,1.0,1.3,0.0,0.05,
2117,9,197,8.8208,1.0,1.0,1.0,1.0,1.0,1.0,1.0,1.0,1.0,0.0,1.0,0.18,1.25,0.5,0.5,1.0,1.3,0.0,0.05,
2118,9,198,8.825,1.0,1.0,1.0,1.0,1.0,1.0,1.0,1.0,1.0,0.0,1.0,0.18,1.25,0.5,0.5,1.0,1.3,0.0,0.05,
2119,9,199,8.8292,1.0,1.0,1.0,1.0,1.0,1.0,1.0,1.0,1.0,0.0,1.0,0.18,1.25,0.5,0.5,1.0,1.3,0.0,0.05,
2120,9,200,8.8333,1.0,1.0,1.0,1.0,1.0,1.0,1.0,1.0,1.0,0.0,1.0,0.18,1.25,0.5,0.5,1.0,1.3,0.0,0.05,
2121,9,201,8.8375,1.0,1.0,1.0,1.0,1.0,1.0,1.0,1.0,1.0,0.0,1.0,0.18,1.25,0.5,0.5,1.0,1.3,0.0,0.05,
2122,9,202,8.8417,1.0,1.0,1.0,1.0,1.0,1.0,1.0,1.0,1.0,0.0,1.0,0.18,1.25,0.5,0.5,1.0,1.3,0.0,0.05,
2123,9,203,8.8458,1.0,1.0,1.0,1.0,1.0,1.0,1.0,1.0,1.0,0.0,1.0,0.18,1.25,0.5,0.5,1.0,1.3,0.0,0.05,
2124,9,204,8.85,1.0,1.0,1.0,1.0,1.0,1.0,1.0,1.0,1.0,0.0,1.0,0.18,1.25,0.5,0.5,1.0,1.3,0.0,0.05,
2125,9,205,8.8542,1.0,1.0,1.0,1.0,1.0,1.0,1.0,1.0,1.0,0.0,1.0,0.18,1.25,0.5,0.5,1.0,1.3,0.0,0.05,
2126,9,206,8.8583,1.0,1.0,1.0,1.0,1.0,1.0,1.0,1.0,1.0,0.0,1.0,0.18,1.25,0.5,0.5,1.0,1.3,0.0,0.05,
2127,9,207,8.8625,1.0,1.0,1.0,1.0,1.0,1.0,1.0,1.0,1.0,0.0,1.0,0.18,1.25,0.5,0.5,1.0,1.3,0.0,0.05,
2128,9,208,8.8667,1.0,1.0,1.0,1.0,1.0,1.0,1.0,1.0,1.0,0.0,1.0,0.18,1.25,0.5,0.5,1.0,1.3,0.0,0.05,
2129,9,209,8.8708,1.0,1.0,1.0,1.0,1.0,1.0,1.0,1.0,1.0,0.0,1.0,0.18,1.25,0.5,0.5,1.0,1.3,0.0,0.05,
2130,9,210,8.875,1.0,1.0,1.0,1.0,1.0,1.0,1.0,1.0,1.0,0.0,1.0,0.18,1.25,0.5,0.5,1.0,1.3,0.0,0.05,
2131,9,211,8.8792,1.0,1.0,1.0,1.0,1.0,1.0,1.0,1.0,1.0,0.0,1.0,0.18,1.25,0.5,0.5,1.0,1.3,0.0,0.05,
2132,9,212,8.8833,1.0,1.0,1.0,1.0,1.0,1.0,1.0,1.0,1.0,0.0,1.0,0.18,1.25,0.5,0.5,1.0,1.3,0.0,0.05,
2133,9,213,8.8875,1.0,1.0,1.0,1.0,1.0,1.0,1.0,1.0,1.0,0.0,1.0,0.18,1.25,0.5,0.5,1.0,1.3,0.0,0.05,
2134,9,214,8.8917,1.0,1.0,1.0,1.0,1.0,1.0,1.0,1.0,1.0,0.0,1.0,0.18,1.25,0.5,0.5,1.0,1.3,0.0,0.05,
2135,9,215,8.8958,1.0,1.0,1.0,1.0,1.0,1.0,1.0,1.0,1.0,0.0,1.0,0.18,1.25,0.5,0.5,1.0,1.3,0.0,0.05,
2136,9,216,8.9,1.0,1.0,1.0,1.0,1.0,1.0,1.0,1.0,1.0,0.0,1.0,0.18,1.25,0.5,0.5,1.0,1.3,0.0,0.05,
2137,9,217,8.9042,1.0,1.0,1.0,1.0,1.0,1.0,1.0,1.0,1.0,0.0,1.0,0.18,1.25,0.5,0.5,1.0,1.3,0.0,0.05,
2138,9,218,8.9083,1.0,1.0,1.0,1.0,1.0,1.0,1.0,1.0,1.0,0.0,1.0,0.18,1.25,0.5,0.5,1.0,1.3,0.0,0.05,
2139,9,219,8.9125,1.0,1.0,1.0,1.0,1.0,1.0,1.0,1.0,1.0,0.0,1.0,0.18,1.25,0.5,0.5,1.0,1.3,0.0,0.05,
2140,9,220,8.9167,1.0,1.0,1.0,1.0,1.0,1.0,1.0,1.0,1.0,0.0,1.0,0.18,1.25,0.5,0.5,1.0,1.3,0.0,0.05,
2141,9,221,8.9208,1.0,1.0,1.0,1.0,1.0,1.0,1.0,1.0,1.0,0.0,1.0,0.18,1.25,0.5,0.5,1.0,1.3,0.0,0.05,
2142,9,222,8.925,1.0,1.0,1.0,1.0,1.0,1.0,1.0,1.0,1.0,0.0,1.0,0.18,1.25,0.5,0.5,1.0,1.3,0.0,0.05,
2143,9,223,8.9292,1.0,1.0,1.0,1.0,1.0,1.0,1.0,1.0,1.0,0.0,1.0,0.18,1.25,0.5,0.5,1.0,1.3,0.0,0.05,
2144,9,224,8.9333,1.0,1.0,1.0,1.0,1.0,1.0,1.0,1.0,1.0,0.0,1.0,0.18,1.25,0.5,0.5,1.0,1.3,0.0,0.05,
2145,9,225,8.9375,1.0,1.0,1.0,1.0,1.0,1.0,1.0,1.0,1.0,0.0,1.0,0.18,1.25,0.5,0.5,1.0,1.3,0.0,0.05,
2146,9,226,8.9417,1.0,1.0,1.0,1.0,1.0,1.0,1.0,1.0,1.0,0.0,1.0,0.18,1.25,0.5,0.5,1.0,1.3,0.0,0.05,
2147,9,227,8.9458,1.0,1.0,1.0,1.0,1.0,1.0,1.0,1.0,1.0,0.0,1.0,0.18,1.25,0.5,0.5,1.0,1.3,0.0,0.05,
2148,9,228,8.95,1.0,1.0,1.0,1.0,1.0,1.0,1.0,1.0,1.0,0.0,1.0,0.18,1.25,0.5,0.5,1.0,1.3,0.0,0.05,
2149,9,229,8.9542,1.0,1.0,1.0,1.0,1.0,1.0,1.0,1.0,1.0,0.0,1.0,0.18,1.25,0.5,0.5,1.0,1.3,0.0,0.05,
2150,9,230,8.9583,1.0,1.0,1.0,1.0,1.0,1.0,1.0,1.0,1.0,0.0,1.0,0.18,1.25,0.5,0.5,1.0,1.3,0.0,0.05,
2151,9,231,8.9625,1.0,1.0,1.0,1.0,1.0,1.0,1.0,1.0,1.0,0.0,1.0,0.18,1.25,0.5,0.5,1.0,1.3,0.0,0.05,
2152,9,232,8.9667,1.0,1.0,1.0,1.0,1.0,1.0,1.0,1.0,1.0,0.0,1.0,0.18,1.25,0.5,0.5,1.0,1.3,0.0,0.05,
2153,9,233,8.9708,1.0,1.0,1.0,1.0,1.0,1.0,1.0,1.0,1.0,0.0,1.0,0.18,1.25,0.5,0.5,1.0,1.3,0.0,0.05,
2154,9,234,8.975,1.0,1.0,1.0,1.0,1.0,1.0,1.0,1.0,1.0,0.0,1.0,0.18,1.25,0.5,0.5,1.0,1.3,0.0,0.05,
2155,9,235,8.9792,1.0,1.0,1.0,1.0,1.0,1.0,1.0,1.0,1.0,0.0,1.0,0.18,1.25,0.5,0.5,1.0,1.3,0.0,0.05,
2156,9,236,8.9833,1.0,1.0,1.0,1.0,1.0,1.0,1.0,1.0,1.0,0.0,1.0,0.18,1.25,0.5,0.5,1.0,1.3,0.0,0.05,
2157,9,237,8.9875,1.0,1.0,1.0,1.0,1.0,1.0,1.0,1.0,1.0,0.0,1.0,0.18,1.25,0.5,0.5,1.0,1.3,0.0,0.05,
2158,9,238,8.9917,1.0,1.0,1.0,1.0,1.0,1.0,1.0,1.0,1.0,0.0,1.0,0.18,1.25,0.5,0.5,1.0,1.3,0.0,0.05,
2159,9,239,8.9958,1.0,1.0,1.0,1.0,1.0,1.0,1.0,1.0,1.0,0.0,1.0,0.18,1.25,0.5,0.5,1.0,1.3,0.0,0.05,
2160,10,0,9.0,1.0,1.0,1.0,1.0,1.0,1.0,1.0,1.0,1.0,0.0,1.0,0.18,1.25,0.5,0.5,1.0,1.3,0.0,0.05,
2161,10,1,9.0042,1.0,1.0,1.0,1.0,1.0,1.0,1.0,1.0,1.0,0.0,1.0,0.18,1.25,0.5,0.5,1.0,1.3,0.0,0.05,
2162,10,2,9.0083,1.0,1.0,1.0,1.0,1.0,1.0,1.0,1.0,1.0,0.0,1.0,0.18,1.25,0.5,0.5,1.0,1.3,0.0,0.05,
2163,10,3,9.0125,1.0,1.0,1.0,1.0,1.0,1.0,1.0,1.0,1.0,0.0,1.0,0.18,1.25,0.5,0.5,1.0,1.3,0.0,0.05,
2164,10,4,9.0167,1.0,1.0,1.0,1.0,1.0,1.0,1.0,1.0,1.0,0.0,1.0,0.18,1.25,0.5,0.5,1.0,1.3,0.0,0.05,
2165,10,5,9.0208,1.0,1.0,1.0,1.0,1.0,1.0,1.0,1.0,1.0,0.0,1.0,0.18,1.25,0.5,0.5,1.0,1.3,0.0,0.05,
2166,10,6,9.025,1.0,1.0,1.0,1.0,1.0,1.0,1.0,1.0,1.0,0.0,1.0,0.18,1.25,0.5,0.5,1.0,1.3,0.0,0.05,
2167,10,7,9.0292,1.0,1.0,1.0,1.0,1.0,1.0,1.0,1.0,1.0,0.0,1.0,0.18,1.25,0.5,0.5,1.0,1.3,0.0,0.05,
2168,10,8,9.0333,1.0,1.0,1.0,1.0,1.0,1.0,1.0,1.0,1.0,0.0,1.0,0.18,1.25,0.5,0.5,1.0,1.3,0.0,0.05,
2169,10,9,9.0375,1.0,1.0,1.0,1.0,1.0,1.0,1.0,1.0,1.0,0.0,1.0,0.18,1.25,0.5,0.5,1.0,1.3,0.0,0.05,
2170,10,10,9.0417,1.0,1.0,1.0,1.0,1.0,1.0,1.0,1.0,1.0,0.0,1.0,0.18,1.25,0.5,0.5,1.0,1.3,0.0,0.05,
2171,10,11,9.0458,1.0,1.0,1.0,1.0,1.0,1.0,1.0,1.0,1.0,0.0,1.0,0.18,1.25,0.5,0.5,1.0,1.3,0.0,0.05,
2172,10,12,9.05,1.0,1.0,1.0,1.0,1.0,1.0,1.0,1.0,1.0,0.0,1.0,0.18,1.25,0.5,0.5,1.0,1.3,0.0,0.05,
2173,10,13,9.0542,1.0,1.0,1.0,1.0,1.0,1.0,1.0,1.0,1.0,0.0,1.0,0.18,1.25,0.5,0.5,1.0,1.3,0.0,0.05,
2174,10,14,9.0583,1.0,1.0,1.0,1.0,1.0,1.0,1.0,1.0,1.0,0.0,1.0,0.18,1.25,0.5,0.5,1.0,1.3,0.0,0.05,
2175,10,15,9.0625,1.0,1.0,1.0,1.0,1.0,1.0,1.0,1.0,1.0,0.0,1.0,0.18,1.25,0.5,0.5,1.0,1.3,0.0,0.05,
2176,10,16,9.0667,1.0,1.0,1.0,1.0,1.0,1.0,1.0,1.0,1.0,0.0,1.0,0.18,1.25,0.5,0.5,1.0,1.3,0.0,0.05,
2177,10,17,9.0708,1.0,1.0,1.0,1.0,1.0,1.0,1.0,1.0,1.0,0.0,1.0,0.18,1.25,0.5,0.5,1.0,1.3,0.0,0.05,
2178,10,18,9.075,1.0,1.0,1.0,1.0,1.0,1.0,1.0,1.0,1.0,0.0,1.0,0.18,1.25,0.5,0.5,1.0,1.3,0.0,0.05,
2179,10,19,9.0792,1.0,1.0,1.0,1.0,1.0,1.0,1.0,1.0,1.0,0.0,1.0,0.18,1.25,0.5,0.5,1.0,1.3,0.0,0.05,
2180,10,20,9.0833,1.0,1.0,1.0,1.0,1.0,1.0,1.0,1.0,1.0,0.0,1.0,0.18,1.25,0.5,0.5,1.0,1.3,0.0,0.05,
2181,10,21,9.0875,1.0,1.0,1.0,1.0,1.0,1.0,1.0,1.0,1.0,0.0,1.0,0.18,1.25,0.5,0.5,1.0,1.3,0.0,0.05,
2182,10,22,9.0917,1.0,1.0,1.0,1.0,1.0,1.0,1.0,1.0,1.0,0.0,1.0,0.18,1.25,0.5,0.5,1.0,1.3,0.0,0.05,
2183,10,23,9.0958,1.0,1.0,1.0,1.0,1.0,1.0,1.0,1.0,1.0,0.0,1.0,0.18,1.25,0.5,0.5,1.0,1.3,0.0,0.05,
2184,10,24,9.1,1.0,1.0,1.0,1.0,1.0,1.0,1.0,1.0,1.0,0.0,1.0,0.18,1.25,0.5,0.5,1.0,1.3,0.0,0.05,
2185,10,25,9.1042,1.0,1.0,1.0,1.0,1.0,1.0,1.0,1.0,1.0,0.0,1.0,0.18,1.25,0.5,0.5,1.0,1.3,0.0,0.05,
2186,10,26,9.1083,1.0,1.0,1.0,1.0,1.0,1.0,1.0,1.0,1.0,0.0,1.0,0.18,1.25,0.5,0.5,1.0,1.3,0.0,0.05,
2187,10,27,9.1125,1.0,1.0,1.0,1.0,1.0,1.0,1.0,1.0,1.0,0.0,1.0,0.18,1.25,0.5,0.5,1.0,1.3,0.0,0.05,
2188,10,28,9.1167,1.0,1.0,1.0,1.0,1.0,1.0,1.0,1.0,1.0,0.0,1.0,0.18,1.25,0.5,0.5,1.0,1.3,0.0,0.05,
2189,10,29,9.1208,1.0,1.0,1.0,1.0,1.0,1.0,1.0,1.0,1.0,0.0,1.0,0.18,1.25,0.5,0.5,1.0,1.3,0.0,0.05,
2190,10,30,9.125,1.0,1.0,1.0,1.0,1.0,1.0,1.0,1.0,1.0,0.0,1.0,0.18,1.25,0.5,0.5,1.0,1.3,0.0,0.05,
2191,10,31,9.1292,1.0,1.0,1.0,1.0,1.0,1.0,1.0,1.0,1.0,0.0,1.0,0.18,1.25,0.5,0.5,1.0,1.3,0.0,0.05,
2192,10,32,9.1333,1.0,1.0,1.0,1.0,1.0,1.0,1.0,1.0,1.0,0.0,1.0,0.18,1.25,0.5,0.5,1.0,1.3,0.0,0.05,
2193,10,33,9.1375,1.0,1.0,1.0,1.0,1.0,1.0,1.0,1.0,1.0,0.0,1.0,0.18,1.25,0.5,0.5,1.0,1.3,0.0,0.05,
2194,10,34,9.1417,1.0,1.0,1.0,1.0,1.0,1.0,1.0,1.0,1.0,0.0,1.0,0.18,1.25,0.5,0.5,1.0,1.3,0.0,0.05,
2195,10,35,9.1458,1.0,1.0,1.0,1.0,1.0,1.0,1.0,1.0,1.0,0.0,1.0,0.18,1.25,0.5,0.5,1.0,1.3,0.0,0.05,
2196,10,36,9.15,1.0,1.0,1.0,1.0,1.0,1.0,1.0,1.0,1.0,0.0,1.0,0.18,1.25,0.5,0.5,1.0,1.3,0.0,0.05,
2197,10,37,9.1542,1.0,1.0,1.0,1.0,1.0,1.0,1.0,1.0,1.0,0.0,1.0,0.18,1.25,0.5,0.5,1.0,1.3,0.0,0.05,
2198,10,38,9.1583,1.0,1.0,1.0,1.0,1.0,1.0,1.0,1.0,1.0,0.0,1.0,0.18,1.25,0.5,0.5,1.0,1.3,0.0,0.05,
2199,10,39,9.1625,1.0,1.0,1.0,1.0,1.0,1.0,1.0,1.0,1.0,0.0,1.0,0.18,1.25,0.5,0.5,1.0,1.3,0.0,0.05,
2200,10,40,9.1667,1.0,1.0,1.0,1.0,1.0,1.0,1.0,1.0,1.0,0.0,1.0,0.18,1.25,0.5,0.5,1.0,1.3,0.0,0.05,
2201,10,41,9.1708,1.0,1.0,1.0,1.0,1.0,1.0,1.0,1.0,1.0,0.0,1.0,0.18,1.25,0.5,0.5,1.0,1.3,0.0,0.05,
2202,10,42,9.175,1.0,1.0,1.0,1.0,1.0,1.0,1.0,1.0,1.0,0.0,1.0,0.18,1.25,0.5,0.5,1.0,1.3,0.0,0.05,
2203,10,43,9.1792,1.0,1.0,1.0,1.0,1.0,1.0,1.0,1.0,1.0,0.0,1.0,0.18,1.25,0.5,0.5,1.0,1.3,0.0,0.05,
2204,10,44,9.1833,1.0,1.0,1.0,1.0,1.0,1.0,1.0,1.0,1.0,0.0,1.0,0.18,1.25,0.5,0.5,1.0,1.3,0.0,0.05,
2205,10,45,9.1875,1.0,1.0,1.0,1.0,1.0,1.0,1.0,1.0,1.0,0.0,1.0,0.18,1.25,0.5,0.5,1.0,1.3,0.0,0.05,
2206,10,46,9.1917,1.0,1.0,1.0,1.0,1.0,1.0,1.0,1.0,1.0,0.0,1.0,0.18,1.25,0.5,0.5,1.0,1.3,0.0,0.05,
2207,10,47,9.1958,1.0,1.0,1.0,1.0,1.0,1.0,1.0,1.0,1.0,0.0,1.0,0.18,1.25,0.5,0.5,1.0,1.3,0.0,0.05,
2208,10,48,9.2,1.0,1.0,1.0,1.0,1.0,1.0,1.0,1.0,1.0,0.0,1.0,0.18,1.25,0.5,0.5,1.0,1.3,0.0,0.05,
2209,10,49,9.2042,1.0,1.0,1.0,1.0,1.0,1.0,1.0,1.0,1.0,0.0,1.0,0.18,1.25,0.5,0.5,1.0,1.3,0.0,0.05,
2210,10,50,9.2083,1.0,1.0,1.0,1.0,1.0,1.0,1.0,1.0,1.0,0.0,1.0,0.18,1.25,0.5,0.5,1.0,1.3,0.0,0.05,
2211,10,51,9.2125,1.0,1.0,1.0,1.0,1.0,1.0,1.0,1.0,1.0,0.0,1.0,0.18,1.25,0.5,0.5,1.0,1.3,0.0,0.05,
2212,10,52,9.2167,1.0,1.0,1.0,1.0,1.0,1.0,1.0,1.0,1.0,0.0,1.0,0.18,1.25,0.5,0.5,1.0,1.3,0.0,0.05,
2213,10,53,9.2208,1.0,1.0,1.0,1.0,1.0,1.0,1.0,1.0,1.0,0.0,1.0,0.18,1.25,0.5,0.5,1.0,1.3,0.0,0.05,
2214,10,54,9.225,1.0,1.0,1.0,1.0,1.0,1.0,1.0,1.0,1.0,0.0,1.0,0.18,1.25,0.5,0.5,1.0,1.3,0.0,0.05,
2215,10,55,9.2292,1.0,1.0,1.0,1.0,1.0,1.0,1.0,1.0,1.0,0.0,1.0,0.18,1.25,0.5,0.5,1.0,1.3,0.0,0.05,
2216,10,56,9.2333,1.0,1.0,1.0,1.0,1.0,1.0,1.0,1.0,1.0,0.0,1.0,0.18,1.25,0.5,0.5,1.0,1.3,0.0,0.05,
2217,10,57,9.2375,1.0,1.0,1.0,1.0,1.0,1.0,1.0,1.0,1.0,0.0,1.0,0.18,1.25,0.5,0.5,1.0,1.3,0.0,0.05,
2218,10,58,9.2417,1.0,1.0,1.0,1.0,1.0,1.0,1.0,1.0,1.0,0.0,1.0,0.18,1.25,0.5,0.5,1.0,1.3,0.0,0.05,
2219,10,59,9.2458,1.0,1.0,1.0,1.0,1.0,1.0,1.0,1.0,1.0,0.0,1.0,0.18,1.25,0.5,0.5,1.0,1.3,0.0,0.05,
2220,10,60,9.25,1.0,1.0,1.0,1.0,1.0,1.0,1.0,1.0,1.0,0.0,1.0,0.18,1.25,0.5,0.5,1.0,1.3,0.0,0.05,
2221,10,61,9.2542,1.0,1.0,1.0,1.0,1.0,1.0,1.0,1.0,1.0,0.0,1.0,0.18,1.25,0.5,0.5,1.0,1.3,0.0,0.05,
2222,10,62,9.2583,1.0,1.0,1.0,1.0,1.0,1.0,1.0,1.0,1.0,0.0,1.0,0.18,1.25,0.5,0.5,1.0,1.3,0.0,0.05,
2223,10,63,9.2625,1.0,1.0,1.0,1.0,1.0,1.0,1.0,1.0,1.0,0.0,1.0,0.18,1.25,0.5,0.5,1.0,1.3,0.0,0.05,
2224,10,64,9.2667,1.0,1.0,1.0,1.0,1.0,1.0,1.0,1.0,1.0,0.0,1.0,0.18,1.25,0.5,0.5,1.0,1.3,0.0,0.05,
2225,10,65,9.2708,1.0,1.0,1.0,1.0,1.0,1.0,1.0,1.0,1.0,0.0,1.0,0.18,1.25,0.5,0.5,1.0,1.3,0.0,0.05,
2226,10,66,9.275,1.0,1.0,1.0,1.0,1.0,1.0,1.0,1.0,1.0,0.0,1.0,0.18,1.25,0.5,0.5,1.0,1.3,0.0,0.05,
2227,10,67,9.2792,1.0,1.0,1.0,1.0,1.0,1.0,1.0,1.0,1.0,0.0,1.0,0.18,1.25,0.5,0.5,1.0,1.3,0.0,0.05,
2228,10,68,9.2833,1.0,1.0,1.0,1.0,1.0,1.0,1.0,1.0,1.0,0.0,1.0,0.18,1.25,0.5,0.5,1.0,1.3,0.0,0.05,
2229,10,69,9.2875,1.0,1.0,1.0,1.0,1.0,1.0,1.0,1.0,1.0,0.0,1.0,0.18,1.25,0.5,0.5,1.0,1.3,0.0,0.05,
2230,10,70,9.2917,1.0,1.0,1.0,1.0,1.0,1.0,1.0,1.0,1.0,0.0,1.0,0.18,1.25,0.5,0.5,1.0,1.3,0.0,0.05,
2231,10,71,9.2958,1.0,1.0,1.0,1.0,1.0,1.0,1.0,1.0,1.0,0.0,1.0,0.18,1.25,0.5,0.5,1.0,1.3,0.0,0.05,
2232,10,72,9.3,1.0,1.0,1.0,1.0,1.0,1.0,1.0,1.0,1.0,0.0,1.0,0.18,1.25,0.5,0.5,1.0,1.3,0.0,0.05,
2233,10,73,9.3042,1.0,1.0,1.0,1.0,1.0,1.0,1.0,1.0,1.0,0.0,1.0,0.18,1.25,0.5,0.5,1.0,1.3,0.0,0.05,
2234,10,74,9.3083,1.0,1.0,1.0,1.0,1.0,1.0,1.0,1.0,1.0,0.0,1.0,0.18,1.25,0.5,0.5,1.0,1.3,0.0,0.05,
2235,10,75,9.3125,1.0,1.0,1.0,1.0,1.0,1.0,1.0,1.0,1.0,0.0,1.0,0.18,1.25,0.5,0.5,1.0,1.3,0.0,0.05,
2236,10,76,9.3167,1.0,1.0,1.0,1.0,1.0,1.0,1.0,1.0,1.0,0.0,1.0,0.18,1.25,0.5,0.5,1.0,1.3,0.0,0.05,
2237,10,77,9.3208,1.0,1.0,1.0,1.0,1.0,1.0,1.0,1.0,1.0,0.0,1.0,0.18,1.25,0.5,0.5,1.0,1.3,0.0,0.05,
2238,10,78,9.325,1.0,1.0,1.0,1.0,1.0,1.0,1.0,1.0,1.0,0.0,1.0,0.18,1.25,0.5,0.5,1.0,1.3,0.0,0.05,
2239,10,79,9.3292,1.0,1.0,1.0,1.0,1.0,1.0,1.0,1.0,1.0,0.0,1.0,0.18,1.25,0.5,0.5,1.0,1.3,0.0,0.05,
2240,10,80,9.3333,1.0,1.0,1.0,1.0,1.0,1.0,1.0,1.0,1.0,0.0,1.0,0.18,1.25,0.5,0.5,1.0,1.3,0.0,0.05,
2241,10,81,9.3375,1.0,1.0,1.0,1.0,1.0,1.0,1.0,1.0,1.0,0.0,1.0,0.18,1.25,0.5,0.5,1.0,1.3,0.0,0.05,
2242,10,82,9.3417,1.0,1.0,1.0,1.0,1.0,1.0,1.0,1.0,1.0,0.0,1.0,0.18,1.25,0.5,0.5,1.0,1.3,0.0,0.05,
2243,10,83,9.3458,1.0,1.0,1.0,1.0,1.0,1.0,1.0,1.0,1.0,0.0,1.0,0.18,1.25,0.5,0.5,1.0,1.3,0.0,0.05,
2244,10,84,9.35,1.0,1.0,1.0,1.0,1.0,1.0,1.0,1.0,1.0,0.0,1.0,0.18,1.25,0.5,0.5,1.0,1.3,0.0,0.05,
2245,10,85,9.3542,1.0,1.0,1.0,1.0,1.0,1.0,1.0,1.0,1.0,0.0,1.0,0.18,1.25,0.5,0.5,1.0,1.3,0.0,0.05,
2246,10,86,9.3583,1.0,1.0,1.0,1.0,1.0,1.0,1.0,1.0,1.0,0.0,1.0,0.18,1.25,0.5,0.5,1.0,1.3,0.0,0.05,
2247,10,87,9.3625,1.0,1.0,1.0,1.0,1.0,1.0,1.0,1.0,1.0,0.0,1.0,0.18,1.25,0.5,0.5,1.0,1.3,0.0,0.05,
2248,10,88,9.3667,1.0,1.0,1.0,1.0,1.0,1.0,1.0,1.0,1.0,0.0,1.0,0.18,1.25,0.5,0.5,1.0,1.3,0.0,0.05,
2249,10,89,9.3708,1.0,1.0,1.0,1.0,1.0,1.0,1.0,1.0,1.0,0.0,1.0,0.18,1.25,0.5,0.5,1.0,1.3,0.0,0.05,
2250,10,90,9.375,1.0,1.0,1.0,1.0,1.0,1.0,1.0,1.0,1.0,0.0,1.0,0.18,1.25,0.5,0.5,1.0,1.3,0.0,0.05,
2251,10,91,9.3792,1.0,1.0,1.0,1.0,1.0,1.0,1.0,1.0,1.0,0.0,1.0,0.18,1.25,0.5,0.5,1.0,1.3,0.0,0.05,
2252,10,92,9.3833,1.0,1.0,1.0,1.0,1.0,1.0,1.0,1.0,1.0,0.0,1.0,0.18,1.25,0.5,0.5,1.0,1.3,0.0,0.05,
2253,10,93,9.3875,1.0,1.0,1.0,1.0,1.0,1.0,1.0,1.0,1.0,0.0,1.0,0.18,1.25,0.5,0.5,1.0,1.3,0.0,0.05,
2254,10,94,9.3917,1.0,1.0,1.0,1.0,1.0,1.0,1.0,1.0,1.0,0.0,1.0,0.18,1.25,0.5,0.5,1.0,1.3,0.0,0.05,
2255,10,95,9.3958,1.0,1.0,1.0,1.0,1.0,1.0,1.0,1.0,1.0,0.0,1.0,0.18,1.25,0.5,0.5,1.0,1.3,0.0,0.05,
2256,10,96,9.4,1.0,1.0,1.0,1.0,1.0,1.0,1.0,1.0,1.0,0.0,1.0,0.18,1.25,0.5,0.5,1.0,1.3,0.0,0.05,
2257,10,97,9.4042,1.0,1.0,1.0,1.0,1.0,1.0,1.0,1.0,1.0,0.0,1.0,0.18,1.25,0.5,0.5,1.0,1.3,0.0,0.05,
2258,10,98,9.4083,1.0,1.0,1.0,1.0,1.0,1.0,1.0,1.0,1.0,0.0,1.0,0.18,1.25,0.5,0.5,1.0,1.3,0.0,0.05,
2259,10,99,9.4125,1.0,1.0,1.0,1.0,1.0,1.0,1.0,1.0,1.0,0.0,1.0,0.18,1.25,0.5,0.5,1.0,1.3,0.0,0.05,
2260,10,100,9.4167,1.0,1.0,1.0,1.0,1.0,1.0,1.0,1.0,1.0,0.0,1.0,0.18,1.25,0.5,0.5,1.0,1.3,0.0,0.05,
2261,10,101,9.4208,1.0,1.0,1.0,1.0,1.0,1.0,1.0,1.0,1.0,0.0,1.0,0.18,1.25,0.5,0.5,1.0,1.3,0.0,0.05,
2262,10,102,9.425,1.0,1.0,1.0,1.0,1.0,1.0,1.0,1.0,1.0,0.0,1.0,0.18,1.25,0.5,0.5,1.0,1.3,0.0,0.05,
2263,10,103,9.4292,1.0,1.0,1.0,1.0,1.0,1.0,1.0,1.0,1.0,0.0,1.0,0.18,1.25,0.5,0.5,1.0,1.3,0.0,0.05,
2264,10,104,9.4333,1.0,1.0,1.0,1.0,1.0,1.0,1.0,1.0,1.0,0.0,1.0,0.18,1.25,0.5,0.5,1.0,1.3,0.0,0.05,
2265,10,105,9.4375,1.0,1.0,1.0,1.0,1.0,1.0,1.0,1.0,1.0,0.0,1.0,0.18,1.25,0.5,0.5,1.0,1.3,0.0,0.05,
2266,10,106,9.4417,1.0,1.0,1.0,1.0,1.0,1.0,1.0,1.0,1.0,0.0,1.0,0.18,1.25,0.5,0.5,1.0,1.3,0.0,0.05,
2267,10,107,9.4458,1.0,1.0,1.0,1.0,1.0,1.0,1.0,1.0,1.0,0.0,1.0,0.18,1.25,0.5,0.5,1.0,1.3,0.0,0.05,
2268,10,108,9.45,1.0,1.0,1.0,1.0,1.0,1.0,1.0,1.0,1.0,0.0,1.0,0.18,1.25,0.5,0.5,1.0,1.3,0.0,0.05,
2269,10,109,9.4542,1.0,1.0,1.0,1.0,1.0,1.0,1.0,1.0,1.0,0.0,1.0,0.18,1.25,0.5,0.5,1.0,1.3,0.0,0.05,
2270,10,110,9.4583,1.0,1.0,1.0,1.0,1.0,1.0,1.0,1.0,1.0,0.0,1.0,0.18,1.25,0.5,0.5,1.0,1.3,0.0,0.05,
2271,10,111,9.4625,1.0,1.0,1.0,1.0,1.0,1.0,1.0,1.0,1.0,0.0,1.0,0.18,1.25,0.5,0.5,1.0,1.3,0.0,0.05,
2272,10,112,9.4667,1.0,1.0,1.0,1.0,1.0,1.0,1.0,1.0,1.0,0.0,1.0,0.18,1.25,0.5,0.5,1.0,1.3,0.0,0.05,
2273,10,113,9.4708,1.0,1.0,1.0,1.0,1.0,1.0,1.0,1.0,1.0,0.0,1.0,0.18,1.25,0.5,0.5,1.0,1.3,0.0,0.05,
2274,10,114,9.475,1.0,1.0,1.0,1.0,1.0,1.0,1.0,1.0,1.0,0.0,1.0,0.18,1.25,0.5,0.5,1.0,1.3,0.0,0.05,
2275,10,115,9.4792,1.0,1.0,1.0,1.0,1.0,1.0,1.0,1.0,1.0,0.0,1.0,0.18,1.25,0.5,0.5,1.0,1.3,0.0,0.05,
2276,10,116,9.4833,1.0,1.0,1.0,1.0,1.0,1.0,1.0,1.0,1.0,0.0,1.0,0.18,1.25,0.5,0.5,1.0,1.3,0.0,0.05,
2277,10,117,9.4875,1.0,1.0,1.0,1.0,1.0,1.0,1.0,1.0,1.0,0.0,1.0,0.18,1.25,0.5,0.5,1.0,1.3,0.0,0.05,
2278,10,118,9.4917,1.0,1.0,1.0,1.0,1.0,1.0,1.0,1.0,1.0,0.0,1.0,0.18,1.25,0.5,0.5,1.0,1.3,0.0,0.05,
2279,10,119,9.4958,1.0,1.0,1.0,1.0,1.0,1.0,1.0,1.0,1.0,0.0,1.0,0.18,1.25,0.5,0.5,1.0,1.3,0.0,0.05,
2280,10,120,9.5,1.0,1.0,1.0,1.0,1.0,1.0,1.0,1.0,1.0,0.0,1.0,0.18,1.25,0.5,0.5,1.0,1.3,0.0,0.05,
2281,10,121,9.5042,1.0,1.0,1.0,1.0,1.0,1.0,1.0,1.0,1.0,0.0,1.0,0.18,1.25,0.5,0.5,1.0,1.3,0.0,0.05,
2282,10,122,9.5083,1.0,1.0,1.0,1.0,1.0,1.0,1.0,1.0,1.0,0.0,1.0,0.18,1.25,0.5,0.5,1.0,1.3,0.0,0.05,
2283,10,123,9.5125,1.0,1.0,1.0,1.0,1.0,1.0,1.0,1.0,1.0,0.0,1.0,0.18,1.25,0.5,0.5,1.0,1.3,0.0,0.05,
2284,10,124,9.5167,1.0,1.0,1.0,1.0,1.0,1.0,1.0,1.0,1.0,0.0,1.0,0.18,1.25,0.5,0.5,1.0,1.3,0.0,0.05,
2285,10,125,9.5208,1.0,1.0,1.0,1.0,1.0,1.0,1.0,1.0,1.0,0.0,1.0,0.18,1.25,0.5,0.5,1.0,1.3,0.0,0.05,
2286,10,126,9.525,1.0,1.0,1.0,1.0,1.0,1.0,1.0,1.0,1.0,0.0,1.0,0.18,1.25,0.5,0.5,1.0,1.3,0.0,0.05,
2287,10,127,9.5292,1.0,1.0,1.0,1.0,1.0,1.0,1.0,1.0,1.0,0.0,1.0,0.18,1.25,0.5,0.5,1.0,1.3,0.0,0.05,
2288,10,128,9.5333,1.0,1.0,1.0,1.0,1.0,1.0,1.0,1.0,1.0,0.0,1.0,0.18,1.25,0.5,0.5,1.0,1.3,0.0,0.05,
2289,10,129,9.5375,1.0,1.0,1.0,1.0,1.0,1.0,1.0,1.0,1.0,0.0,1.0,0.18,1.25,0.5,0.5,1.0,1.3,0.0,0.05,
2290,10,130,9.5417,1.0,1.0,1.0,1.0,1.0,1.0,1.0,1.0,1.0,0.0,1.0,0.18,1.25,0.5,0.5,1.0,1.3,0.0,0.05,
2291,10,131,9.5458,1.0,1.0,1.0,1.0,1.0,1.0,1.0,1.0,1.0,0.0,1.0,0.18,1.25,0.5,0.5,1.0,1.3,0.0,0.05,
2292,10,132,9.55,1.0,1.0,1.0,1.0,1.0,1.0,1.0,1.0,1.0,0.0,1.0,0.18,1.25,0.5,0.5,1.0,1.3,0.0,0.05,
2293,10,133,9.5542,1.0,1.0,1.0,1.0,1.0,1.0,1.0,1.0,1.0,0.0,1.0,0.18,1.25,0.5,0.5,1.0,1.3,0.0,0.05,
2294,10,134,9.5583,1.0,1.0,1.0,1.0,1.0,1.0,1.0,1.0,1.0,0.0,1.0,0.18,1.25,0.5,0.5,1.0,1.3,0.0,0.05,
2295,10,135,9.5625,1.0,1.0,1.0,1.0,1.0,1.0,1.0,1.0,1.0,0.0,1.0,0.18,1.25,0.5,0.5,1.0,1.3,0.0,0.05,
2296,10,136,9.5667,1.0,1.0,1.0,1.0,1.0,1.0,1.0,1.0,1.0,0.0,1.0,0.18,1.25,0.5,0.5,1.0,1.3,0.0,0.05,
2297,10,137,9.5708,1.0,1.0,1.0,1.0,1.0,1.0,1.0,1.0,1.0,0.0,1.0,0.18,1.25,0.5,0.5,1.0,1.3,0.0,0.05,
2298,10,138,9.575,1.0,1.0,1.0,1.0,1.0,1.0,1.0,1.0,1.0,0.0,1.0,0.18,1.25,0.5,0.5,1.0,1.3,0.0,0.05,
2299,10,139,9.5792,1.0,1.0,1.0,1.0,1.0,1.0,1.0,1.0,1.0,0.0,1.0,0.18,1.25,0.5,0.5,1.0,1.3,0.0,0.05,
2300,10,140,9.5833,1.0,1.0,1.0,1.0,1.0,1.0,1.0,1.0,1.0,0.0,1.0,0.18,1.25,0.5,0.5,1.0,1.3,0.0,0.05,
2301,10,141,9.5875,1.0,1.0,1.0,1.0,1.0,1.0,1.0,1.0,1.0,0.0,1.0,0.18,1.25,0.5,0.5,1.0,1.3,0.0,0.05,
2302,10,142,9.5917,1.0,1.0,1.0,1.0,1.0,1.0,1.0,1.0,1.0,0.0,1.0,0.18,1.25,0.5,0.5,1.0,1.3,0.0,0.05,
2303,10,143,9.5958,1.0,1.0,1.0,1.0,1.0,1.0,1.0,1.0,1.0,0.0,1.0,0.18,1.25,0.5,0.5,1.0,1.3,0.0,0.05,
2304,10,144,9.6,1.0,1.0,1.0,1.0,1.0,1.0,1.0,1.0,1.0,0.0,1.0,0.18,1.25,0.5,0.5,1.0,1.3,0.0,0.05,
2305,10,145,9.6042,1.0,1.0,1.0,1.0,1.0,1.0,1.0,1.0,1.0,0.0,1.0,0.18,1.25,0.5,0.5,1.0,1.3,0.0,0.05,
2306,10,146,9.6083,1.0,1.0,1.0,1.0,1.0,1.0,1.0,1.0,1.0,0.0,1.0,0.18,1.25,0.5,0.5,1.0,1.3,0.0,0.05,
2307,10,147,9.6125,1.0,1.0,1.0,1.0,1.0,1.0,1.0,1.0,1.0,0.0,1.0,0.18,1.25,0.5,0.5,1.0,1.3,0.0,0.05,
2308,10,148,9.6167,1.0,1.0,1.0,1.0,1.0,1.0,1.0,1.0,1.0,0.0,1.0,0.18,1.25,0.5,0.5,1.0,1.3,0.0,0.05,
2309,10,149,9.6208,1.0,1.0,1.0,1.0,1.0,1.0,1.0,1.0,1.0,0.0,1.0,0.18,1.25,0.5,0.5,1.0,1.3,0.0,0.05,
2310,10,150,9.625,1.0,1.0,1.0,1.0,1.0,1.0,1.0,1.0,1.0,0.0,1.0,0.18,1.25,0.5,0.5,1.0,1.3,0.0,0.05,
2311,10,151,9.6292,1.0,1.0,1.0,1.0,1.0,1.0,1.0,1.0,1.0,0.0,1.0,0.18,1.25,0.5,0.5,1.0,1.3,0.0,0.05,
2312,10,152,9.6333,1.0,1.0,1.0,1.0,1.0,1.0,1.0,1.0,1.0,0.0,1.0,0.18,1.25,0.5,0.5,1.0,1.3,0.0,0.05,
2313,10,153,9.6375,1.0,1.0,1.0,1.0,1.0,1.0,1.0,1.0,1.0,0.0,1.0,0.18,1.25,0.5,0.5,1.0,1.3,0.0,0.05,
2314,10,154,9.6417,1.0,1.0,1.0,1.0,1.0,1.0,1.0,1.0,1.0,0.0,1.0,0.18,1.25,0.5,0.5,1.0,1.3,0.0,0.05,
2315,10,155,9.6458,1.0,1.0,1.0,1.0,1.0,1.0,1.0,1.0,1.0,0.0,1.0,0.18,1.25,0.5,0.5,1.0,1.3,0.0,0.05,
2316,10,156,9.65,1.0,1.0,1.0,1.0,1.0,1.0,1.0,1.0,1.0,0.0,1.0,0.18,1.25,0.5,0.5,1.0,1.3,0.0,0.05,
2317,10,157,9.6542,1.0,1.0,1.0,1.0,1.0,1.0,1.0,1.0,1.0,0.0,1.0,0.18,1.25,0.5,0.5,1.0,1.3,0.0,0.05,
2318,10,158,9.6583,1.0,1.0,1.0,1.0,1.0,1.0,1.0,1.0,1.0,0.0,1.0,0.18,1.25,0.5,0.5,1.0,1.3,0.0,0.05,
2319,10,159,9.6625,1.0,1.0,1.0,1.0,1.0,1.0,1.0,1.0,1.0,0.0,1.0,0.18,1.25,0.5,0.5,1.0,1.3,0.0,0.05,
2320,10,160,9.6667,1.0,1.0,1.0,1.0,1.0,1.0,1.0,1.0,1.0,0.0,1.0,0.18,1.25,0.5,0.5,1.0,1.3,0.0,0.05,
2321,10,161,9.6708,1.0,1.0,1.0,1.0,1.0,1.0,1.0,1.0,1.0,0.0,1.0,0.18,1.25,0.5,0.5,1.0,1.3,0.0,0.05,
2322,10,162,9.675,1.0,1.0,1.0,1.0,1.0,1.0,1.0,1.0,1.0,0.0,1.0,0.18,1.25,0.5,0.5,1.0,1.3,0.0,0.05,
2323,10,163,9.6792,1.0,1.0,1.0,1.0,1.0,1.0,1.0,1.0,1.0,0.0,1.0,0.18,1.25,0.5,0.5,1.0,1.3,0.0,0.05,
2324,10,164,9.6833,1.0,1.0,1.0,1.0,1.0,1.0,1.0,1.0,1.0,0.0,1.0,0.18,1.25,0.5,0.5,1.0,1.3,0.0,0.05,
2325,10,165,9.6875,1.0,1.0,1.0,1.0,1.0,1.0,1.0,1.0,1.0,0.0,1.0,0.18,1.25,0.5,0.5,1.0,1.3,0.0,0.05,
2326,10,166,9.6917,1.0,1.0,1.0,1.0,1.0,1.0,1.0,1.0,1.0,0.0,1.0,0.18,1.25,0.5,0.5,1.0,1.3,0.0,0.05,
2327,10,167,9.6958,1.0,1.0,1.0,1.0,1.0,1.0,1.0,1.0,1.0,0.0,1.0,0.18,1.25,0.5,0.5,1.0,1.3,0.0,0.05,
2328,10,168,9.7,1.0,1.0,1.0,1.0,1.0,1.0,1.0,1.0,1.0,0.0,1.0,0.18,1.25,0.5,0.5,1.0,1.3,0.0,0.05,
2329,10,169,9.7042,1.0,1.0,1.0,1.0,1.0,1.0,1.0,1.0,1.0,0.0,1.0,0.18,1.25,0.5,0.5,1.0,1.3,0.0,0.05,
2330,10,170,9.7083,1.0,1.0,1.0,1.0,1.0,1.0,1.0,1.0,1.0,0.0,1.0,0.18,1.25,0.5,0.5,1.0,1.3,0.0,0.05,
2331,10,171,9.7125,1.0,1.0,1.0,1.0,1.0,1.0,1.0,1.0,1.0,0.0,1.0,0.18,1.25,0.5,0.5,1.0,1.3,0.0,0.05,
2332,10,172,9.7167,1.0,1.0,1.0,1.0,1.0,1.0,1.0,1.0,1.0,0.0,1.0,0.18,1.25,0.5,0.5,1.0,1.3,0.0,0.05,
2333,10,173,9.7208,1.0,1.0,1.0,1.0,1.0,1.0,1.0,1.0,1.0,0.0,1.0,0.18,1.25,0.5,0.5,1.0,1.3,0.0,0.05,
2334,10,174,9.725,1.0,1.0,1.0,1.0,1.0,1.0,1.0,1.0,1.0,0.0,1.0,0.18,1.25,0.5,0.5,1.0,1.3,0.0,0.05,
2335,10,175,9.7292,1.0,1.0,1.0,1.0,1.0,1.0,1.0,1.0,1.0,0.0,1.0,0.18,1.25,0.5,0.5,1.0,1.3,0.0,0.05,
2336,10,176,9.7333,1.0,1.0,1.0,1.0,1.0,1.0,1.0,1.0,1.0,0.0,1.0,0.18,1.25,0.5,0.5,1.0,1.3,0.0,0.05,
2337,10,177,9.7375,1.0,1.0,1.0,1.0,1.0,1.0,1.0,1.0,1.0,0.0,1.0,0.18,1.25,0.5,0.5,1.0,1.3,0.0,0.05,
2338,10,178,9.7417,1.0,1.0,1.0,1.0,1.0,1.0,1.0,1.0,1.0,0.0,1.0,0.18,1.25,0.5,0.5,1.0,1.3,0.0,0.05,
2339,10,179,9.7458,1.0,1.0,1.0,1.0,1.0,1.0,1.0,1.0,1.0,0.0,1.0,0.18,1.25,0.5,0.5,1.0,1.3,0.0,0.05,
2340,10,180,9.75,1.0,1.0,1.0,1.0,1.0,1.0,1.0,1.0,1.0,0.0,1.0,0.18,1.25,0.5,0.5,1.0,1.3,0.0,0.05,
2341,10,181,9.7542,1.0,1.0,1.0,1.0,1.0,1.0,1.0,1.0,1.0,0.0,1.0,0.18,1.25,0.5,0.5,1.0,1.3,0.0,0.05,
2342,10,182,9.7583,1.0,1.0,1.0,1.0,1.0,1.0,1.0,1.0,1.0,0.0,1.0,0.18,1.25,0.5,0.5,1.0,1.3,0.0,0.05,
2343,10,183,9.7625,1.0,1.0,1.0,1.0,1.0,1.0,1.0,1.0,1.0,0.0,1.0,0.18,1.25,0.5,0.5,1.0,1.3,0.0,0.05,
2344,10,184,9.7667,1.0,1.0,1.0,1.0,1.0,1.0,1.0,1.0,1.0,0.0,1.0,0.18,1.25,0.5,0.5,1.0,1.3,0.0,0.05,
2345,10,185,9.7708,1.0,1.0,1.0,1.0,1.0,1.0,1.0,1.0,1.0,0.0,1.0,0.18,1.25,0.5,0.5,1.0,1.3,0.0,0.05,
2346,10,186,9.775,1.0,1.0,1.0,1.0,1.0,1.0,1.0,1.0,1.0,0.0,1.0,0.18,1.25,0.5,0.5,1.0,1.3,0.0,0.05,
2347,10,187,9.7792,1.0,1.0,1.0,1.0,1.0,1.0,1.0,1.0,1.0,0.0,1.0,0.18,1.25,0.5,0.5,1.0,1.3,0.0,0.05,
2348,10,188,9.7833,1.0,1.0,1.0,1.0,1.0,1.0,1.0,1.0,1.0,0.0,1.0,0.18,1.25,0.5,0.5,1.0,1.3,0.0,0.05,
2349,10,189,9.7875,1.0,1.0,1.0,1.0,1.0,1.0,1.0,1.0,1.0,0.0,1.0,0.18,1.25,0.5,0.5,1.0,1.3,0.0,0.05,
2350,10,190,9.7917,1.0,1.0,1.0,1.0,1.0,1.0,1.0,1.0,1.0,0.0,1.0,0.18,1.25,0.5,0.5,1.0,1.3,0.0,0.05,
2351,10,191,9.7958,1.0,1.0,1.0,1.0,1.0,1.0,1.0,1.0,1.0,0.0,1.0,0.18,1.25,0.5,0.5,1.0,1.3,0.0,0.05,
2352,10,192,9.8,1.0,1.0,1.0,1.0,1.0,1.0,1.0,1.0,1.0,0.0,1.0,0.18,1.25,0.5,0.5,1.0,1.3,0.0,0.05,
2353,10,193,9.8042,1.0,1.0,1.0,1.0,1.0,1.0,1.0,1.0,1.0,0.0,1.0,0.18,1.25,0.5,0.5,1.0,1.3,0.0,0.05,
2354,10,194,9.8083,1.0,1.0,1.0,1.0,1.0,1.0,1.0,1.0,1.0,0.0,1.0,0.18,1.25,0.5,0.5,1.0,1.3,0.0,0.05,
2355,10,195,9.8125,1.0,1.0,1.0,1.0,1.0,1.0,1.0,1.0,1.0,0.0,1.0,0.18,1.25,0.5,0.5,1.0,1.3,0.0,0.05,
2356,10,196,9.8167,1.0,1.0,1.0,1.0,1.0,1.0,1.0,1.0,1.0,0.0,1.0,0.18,1.25,0.5,0.5,1.0,1.3,0.0,0.05,
2357,10,197,9.8208,1.0,1.0,1.0,1.0,1.0,1.0,1.0,1.0,1.0,0.0,1.0,0.18,1.25,0.5,0.5,1.0,1.3,0.0,0.05,
2358,10,198,9.825,1.0,1.0,1.0,1.0,1.0,1.0,1.0,1.0,1.0,0.0,1.0,0.18,1.25,0.5,0.5,1.0,1.3,0.0,0.05,
2359,10,199,9.8292,1.0,1.0,1.0,1.0,1.0,1.0,1.0,1.0,1.0,0.0,1.0,0.18,1.25,0.5,0.5,1.0,1.3,0.0,0.05,
2360,10,200,9.8333,1.0,1.0,1.0,1.0,1.0,1.0,1.0,1.0,1.0,0.0,1.0,0.18,1.25,0.5,0.5,1.0,1.3,0.0,0.05,
2361,10,201,9.8375,1.0,1.0,1.0,1.0,1.0,1.0,1.0,1.0,1.0,0.0,1.0,0.18,1.25,0.5,0.5,1.0,1.3,0.0,0.05,
2362,10,202,9.8417,1.0,1.0,1.0,1.0,1.0,1.0,1.0,1.0,1.0,0.0,1.0,0.18,1.25,0.5,0.5,1.0,1.3,0.0,0.05,
2363,10,203,9.8458,1.0,1.0,1.0,1.0,1.0,1.0,1.0,1.0,1.0,0.0,1.0,0.18,1.25,0.5,0.5,1.0,1.3,0.0,0.05,
2364,10,204,9.85,1.0,1.0,1.0,1.0,1.0,1.0,1.0,1.0,1.0,0.0,1.0,0.18,1.25,0.5,0.5,1.0,1.3,0.0,0.05,
2365,10,205,9.8542,1.0,1.0,1.0,1.0,1.0,1.0,1.0,1.0,1.0,0.0,1.0,0.18,1.25,0.5,0.5,1.0,1.3,0.0,0.05,
2366,10,206,9.8583,1.0,1.0,1.0,1.0,1.0,1.0,1.0,1.0,1.0,0.0,1.0,0.18,1.25,0.5,0.5,1.0,1.3,0.0,0.05,
2367,10,207,9.8625,1.0,1.0,1.0,1.0,1.0,1.0,1.0,1.0,1.0,0.0,1.0,0.18,1.25,0.5,0.5,1.0,1.3,0.0,0.05,
2368,10,208,9.8667,1.0,1.0,1.0,1.0,1.0,1.0,1.0,1.0,1.0,0.0,1.0,0.18,1.25,0.5,0.5,1.0,1.3,0.0,0.05,
2369,10,209,9.8708,1.0,1.0,1.0,1.0,1.0,1.0,1.0,1.0,1.0,0.0,1.0,0.18,1.25,0.5,0.5,1.0,1.3,0.0,0.05,
2370,10,210,9.875,1.0,1.0,1.0,1.0,1.0,1.0,1.0,1.0,1.0,0.0,1.0,0.18,1.25,0.5,0.5,1.0,1.3,0.0,0.05,
2371,10,211,9.8792,1.0,1.0,1.0,1.0,1.0,1.0,1.0,1.0,1.0,0.0,1.0,0.18,1.25,0.5,0.5,1.0,1.3,0.0,0.05,
2372,10,212,9.8833,1.0,1.0,1.0,1.0,1.0,1.0,1.0,1.0,1.0,0.0,1.0,0.18,1.25,0.5,0.5,1.0,1.3,0.0,0.05,
2373,10,213,9.8875,1.0,1.0,1.0,1.0,1.0,1.0,1.0,1.0,1.0,0.0,1.0,0.18,1.25,0.5,0.5,1.0,1.3,0.0,0.05,
2374,10,214,9.8917,1.0,1.0,1.0,1.0,1.0,1.0,1.0,1.0,1.0,0.0,1.0,0.18,1.25,0.5,0.5,1.0,1.3,0.0,0.05,
2375,10,215,9.8958,1.0,1.0,1.0,1.0,1.0,1.0,1.0,1.0,1.0,0.0,1.0,0.18,1.25,0.5,0.5,1.0,1.3,0.0,0.05,
2376,10,216,9.9,1.0,1.0,1.0,1.0,1.0,1.0,1.0,1.0,1.0,0.0,1.0,0.18,1.25,0.5,0.5,1.0,1.3,0.0,0.05,
2377,10,217,9.9042,1.0,1.0,1.0,1.0,1.0,1.0,1.0,1.0,1.0,0.0,1.0,0.18,1.25,0.5,0.5,1.0,1.3,0.0,0.05,
2378,10,218,9.9083,1.0,1.0,1.0,1.0,1.0,1.0,1.0,1.0,1.0,0.0,1.0,0.18,1.25,0.5,0.5,1.0,1.3,0.0,0.05,
2379,10,219,9.9125,1.0,1.0,1.0,1.0,1.0,1.0,1.0,1.0,1.0,0.0,1.0,0.18,1.25,0.5,0.5,1.0,1.3,0.0,0.05,
2380,10,220,9.9167,1.0,1.0,1.0,1.0,1.0,1.0,1.0,1.0,1.0,0.0,1.0,0.18,1.25,0.5,0.5,1.0,1.3,0.0,0.05,
2381,10,221,9.9208,1.0,1.0,1.0,1.0,1.0,1.0,1.0,1.0,1.0,0.0,1.0,0.18,1.25,0.5,0.5,1.0,1.3,0.0,0.05,
2382,10,222,9.925,1.0,1.0,1.0,1.0,1.0,1.0,1.0,1.0,1.0,0.0,1.0,0.18,1.25,0.5,0.5,1.0,1.3,0.0,0.05,
2383,10,223,9.9292,1.0,1.0,1.0,1.0,1.0,1.0,1.0,1.0,1.0,0.0,1.0,0.18,1.25,0.5,0.5,1.0,1.3,0.0,0.05,
2384,10,224,9.9333,1.0,1.0,1.0,1.0,1.0,1.0,1.0,1.0,1.0,0.0,1.0,0.18,1.25,0.5,0.5,1.0,1.3,0.0,0.05,
2385,10,225,9.9375,1.0,1.0,1.0,1.0,1.0,1.0,1.0,1.0,1.0,0.0,1.0,0.18,1.25,0.5,0.5,1.0,1.3,0.0,0.05,
2386,10,226,9.9417,1.0,1.0,1.0,1.0,1.0,1.0,1.0,1.0,1.0,0.0,1.0,0.18,1.25,0.5,0.5,1.0,1.3,0.0,0.05,
2387,10,227,9.9458,1.0,1.0,1.0,1.0,1.0,1.0,1.0,1.0,1.0,0.0,1.0,0.18,1.25,0.5,0.5,1.0,1.3,0.0,0.05,
2388,10,228,9.95,1.0,1.0,1.0,1.0,1.0,1.0,1.0,1.0,1.0,0.0,1.0,0.18,1.25,0.5,0.5,1.0,1.3,0.0,0.05,
2389,10,229,9.9542,1.0,1.0,1.0,1.0,1.0,1.0,1.0,1.0,1.0,0.0,1.0,0.18,1.25,0.5,0.5,1.0,1.3,0.0,0.05,
2390,10,230,9.9583,1.0,1.0,1.0,1.0,1.0,1.0,1.0,1.0,1.0,0.0,1.0,0.18,1.25,0.5,0.5,1.0,1.3,0.0,0.05,
2391,10,231,9.9625,1.0,1.0,1.0,1.0,1.0,1.0,1.0,1.0,1.0,0.0,1.0,0.18,1.25,0.5,0.5,1.0,1.3,0.0,0.05,
2392,10,232,9.9667,1.0,1.0,1.0,1.0,1.0,1.0,1.0,1.0,1.0,0.0,1.0,0.18,1.25,0.5,0.5,1.0,1.3,0.0,0.05,
2393,10,233,9.9708,1.0,1.0,1.0,1.0,1.0,1.0,1.0,1.0,1.0,0.0,1.0,0.18,1.25,0.5,0.5,1.0,1.3,0.0,0.05,
2394,10,234,9.975,1.0,1.0,1.0,1.0,1.0,1.0,1.0,1.0,1.0,0.0,1.0,0.18,1.25,0.5,0.5,1.0,1.3,0.0,0.05,
2395,10,235,9.9792,1.0,1.0,1.0,1.0,1.0,1.0,1.0,1.0,1.0,0.0,1.0,0.18,1.25,0.5,0.5,1.0,1.3,0.0,0.05,
2396,10,236,9.9833,1.0,1.0,1.0,1.0,1.0,1.0,1.0,1.0,1.0,0.0,1.0,0.18,1.25,0.5,0.5,1.0,1.3,0.0,0.05,
2397,10,237,9.9875,1.0,1.0,1.0,1.0,1.0,1.0,1.0,1.0,1.0,0.0,1.0,0.18,1.25,0.5,0.5,1.0,1.3,0.0,0.05,
2398,10,238,9.9917,1.0,1.0,1.0,1.0,1.0,1.0,1.0,1.0,1.0,0.0,1.0,0.18,1.25,0.5,0.5,1.0,1.3,0.0,0.05,
2399,10,239,9.9958,1.0,1.0,1.0,1.0,1.0,1.0,1.0,1.0,1.0,0.0,1.0,0.18,1.25,0.5,0.5,1.0,1.3,0.0,0.05,
